Source,Table_ID,Row_ID,Cell_1,Cell_2,Cell_3,Cell_4,Cell_5,Cell_6,Cell_7
UCG Specification v5(1).docx,1,1,GOV < NS < PRIM < USR < UOR < UOPR < UDR < UAR < UTR < UPR < DER < COMP The registry dependency order. GOV = Governance. NS = Namespaces. PRIM = Primitives. USR = Symbol Registry. UOR = Object Registry. UOPR = Operator Registry. UDR = Dependency Registry. UAR = Axiom Registry. UTR = Theorem Registry. UPR = Proof Registry. DER = Derivation Entries. COMP = Compiler.,,,,,,
UCG Specification v5(1).docx,2,1,Registry,Code,Purpose,Governs,,,
UCG Specification v5(1).docx,2,2,Registry Governance,GOV,Defines the dependency order and admission rules for all registries,All other registries,,,
UCG Specification v5(1).docx,2,3,Namespace Architecture,NS,Assigns every object a unique namespace prefix preventing duplication,USR through COMP,,,
UCG Specification v5(1).docx,2,4,Primitive Registry,PRIM,Admits the foundational objects that have no predecessors,UOR onward,,,
UCG Specification v5(1).docx,2,5,Universal Symbol Registry,USR,Every symbol defined exactly once with type and scope,All symbol uses,,,
UCG Specification v5(1).docx,2,6,Universal Object Registry,UOR,All canonical mathematical objects used in the framework,"Operators, axioms",,,
UCG Specification v5(1).docx,2,7,Universal Operator Registry,UOPR,"All operators with domain, codomain, and algebraic properties","Axioms, theorems",,,
UCG Specification v5(1).docx,2,8,Universal Dependency Registry,UDR,Complete dependency DAG; the SDR axioms govern this registry,All DER entries,,,
UCG Specification v5(1).docx,2,9,Universal Axiom Registry,UAR,"All primitive axioms, each with one admission per namespace",Theorem registry,,,
UCG Specification v5(1).docx,2,10,Universal Theorem Registry,UTR,Every certified theorem with proof reference,Proof registry,,,
UCG Specification v5(1).docx,2,11,Universal Proof Registry,UPR,Proof certificates and obligations for all UTR entries,DER registry,,,
UCG Specification v5(1).docx,2,12,DER Registry,DER,Recovery entries: every physical law as a certified dependency chain,Compiler registry,,,
UCG Specification v5(1).docx,2,13,Compiler Registry,COMP,CDG + REE: execution order and recovery sequencing,Applications,,,
UCG Specification v5(1).docx,3,1,NAMESPACE ARCHITECTURE,,,,,,
UCG Specification v5(1).docx,4,1,Prefix,Namespace,Scope,Example,,,
UCG Specification v5(1).docx,4,2,OBJ,Objects,"Mathematical objects: graphs, manifolds, spectra, algebras","OBJ.G, OBJ.L, OBJ.M",,,
UCG Specification v5(1).docx,4,3,SYM,Symbols,Every symbol defined exactly once,"SYM.Delta, SYM.L, SYM.g_ab",,,
UCG Specification v5(1).docx,4,4,AX,Axioms,Primitive axioms not derivable from prior entries,"AX.SDR-001, AX.ROG-1",,,
UCG Specification v5(1).docx,4,5,OP,Operators,All operators with domain and codomain declared,"OP.L, OP.R, OP.U_alpha",,,
UCG Specification v5(1).docx,4,6,THM,Theorems,Certified theorems with proof reference,"THM.BFP, THM.EL",,,
UCG Specification v5(1).docx,4,7,DER,Derivation Entries,Physical recovery entries,"DER-GEO-001, DER-QR-002",,,
UCG Specification v5(1).docx,4,8,EXT,External Mathematics,Imported results from published literature,"EXT.Banach, EXT.Lovelock",,,
UCG Specification v5(1).docx,4,9,PRF,Proof Certificates,Proof obligations and discharge records,PRF.DER-GEO-001,,,
UCG Specification v5(1).docx,4,10,CDG,Compiler Dependency Graph,Execution order of compiler phases,"CDG.Phase-0, CDG.Phase-XVI",,,
UCG Specification v5(1).docx,4,11,REE,Recovery Execution Engine,Recovery sequencing and branch execution,"REE.SPC, REE.GEO",,,
UCG Specification v5(1).docx,4,12,VAL,Validation Entries,MDCL cross-domain validation records,"VAL-001, VAL-004, VAL-005",,,
UCG Specification v5(1).docx,4,13,CMRC,Conformal Math Recovery Core,String theory and worldsheet recovery chain,CMRC-001 through CMRC-019,,,
UCG Specification v5(1).docx,5,1,PRIMITIVE REGISTRY,,,,,,
UCG Specification v5(1).docx,6,1,ID,Symbol,Name,Organizational Definition,,,
UCG Specification v5(1).docx,6,2,PRIM-G-001,Delta (D),Distinction,The minimal identifiable difference — a closed orientable boundary separating interior from exterior. Formally: a hypersurface satisfying the homological closure condition d(dΩ) = 0.,,,
UCG Specification v5(1).docx,6,3,PRIM-G-002,tau (T),Transformation,"Any lawful evolution acting on an established distinction, preserving phase-space volume (discrete Liouville condition). Requires a prior distinction to act on.",,,
UCG Specification v5(1).docx,6,4,PRIM-G-003,kappa (C),Constraint,The rules restricting which transformations are permissible. Formally: a projection operator P_kappa satisfying idempotency (P_kappa^2 = P_kappa).,,,
UCG Specification v5(1).docx,6,5,PRIM-G-004,Pi (P),Persistence,The retention of organizational identity across constrained transformations — the kernel of an invariant operator surviving repeated application of tau under kappa.,,,
UCG Specification v5(1).docx,7,1,ID,Symbol,Name,Physical Definition,,,
UCG Specification v5(1).docx,7,2,PRIM-P-001,E,Energy,The capacity of a physical system to do work. Foundational input to the Physical Layer. All thermodynamic states derive from E.,,,
UCG Specification v5(1).docx,7,3,PRIM-P-002,nabla Phi,Gradient,A nonzero spatial difference in an intensive variable creating a driving force. The physical realization of Distinction. Measurable; replaces the abstract Delta in the physics-first formulation.,,,
UCG Specification v5(1).docx,8,1,ID,Symbol,Name,Computational Definition,,,
UCG Specification v5(1).docx,8,2,PRIM-C-001,"B=(U,V,E)",Bipartite Substrate,"An Abelian bipartite graph with disjoint vertex sets U and V and edge set E ⊂ U×V. No metric, orientation, or background geometry assumed. The foundational input to the Computational Layer.",,,
UCG Specification v5(1).docx,9,1,ID,Symbol,Name,Definition,,,
UCG Specification v5(1).docx,9,2,PRIM-X-001,Delta,Distinction,State distinguishability — same as PRIM-G-001.,,,
UCG Specification v5(1).docx,9,3,PRIM-X-002,tau,Transformation,Admissible evolution — same as PRIM-G-002.,,,
UCG Specification v5(1).docx,9,4,PRIM-X-003,kappa,Constraint,Restriction on admissible evolution — same as PRIM-G-003.,,,
UCG Specification v5(1).docx,9,5,PRIM-X-004,Theta,Accessibility,A reachability structure defining which states can follow which.,,,
UCG Specification v5(1).docx,9,6,PRIM-X-005,Pi,Persistence,Stable organizational realization — same as PRIM-G-004.,,,
UCG Specification v5(1).docx,9,7,PRIM-X-006,Omega,Organizational State,A certified organizational configuration — the state variable for the organizational evolution equation.,,,
UCG Specification v5(1).docx,10,1,SYMBOL REGISTRY (USR),,,,,,
UCG Specification v5(1).docx,11,1,USR ID,Symbol,Name,Type,First Admitted In,,
UCG Specification v5(1).docx,11,2,USR-001,Delta,Distinction primitive,Organizational primitive,PRIM-G-001,,
UCG Specification v5(1).docx,11,3,USR-002,tau,Transformation primitive,Organizational primitive,PRIM-G-002,,
UCG Specification v5(1).docx,11,4,USR-003,kappa,Constraint primitive,Organizational primitive,PRIM-G-003,,
UCG Specification v5(1).docx,11,5,USR-004,Pi,Persistence primitive,Organizational primitive,PRIM-G-004,,
UCG Specification v5(1).docx,11,6,USR-005,Gamma,Organizational action,Composed operator,DER-ORG-002,,
UCG Specification v5(1).docx,11,7,USR-006,"G=(V,E)",Distinction graph,Combinatorial object,DER-SPC-001,,
UCG Specification v5(1).docx,11,8,USR-007,L=D-A,Graph Laplacian,"Linear operator on L^2(V,mu)",DER-SPC-002,,
UCG Specification v5(1).docx,11,9,USR-008,"Spec(L)={lam_n,phi_n}",Laplacian spectrum,Eigenvalue-eigenfunction set,DER-SPC-003,,
UCG Specification v5(1).docx,11,10,USR-009,K_t=exp(-tL),Heat kernel,"Operator on L^2(V,mu)",DER-SPC-004,,
UCG Specification v5(1).docx,11,11,USR-010,R=exp(-beta L),Persistence filter,Contraction operator,DER-SPC-005,,
UCG Specification v5(1).docx,11,12,USR-011,"d(i,j)",Diffusion distance,Metric on V,DER-GEO-001,,
UCG Specification v5(1).docx,11,13,USR-012,g_{mu nu},Metric tensor,"Symmetric positive-definite (0,2) tensor",DER-GEO-001,,
UCG Specification v5(1).docx,11,14,USR-013,Gamma^c_{ab},Christoffel symbols,Connection coefficients,DER-GEO-002,,
UCG Specification v5(1).docx,11,15,USR-014,R^rho_{sig mu nu},Riemann tensor,"(1,3) curvature tensor",DER-GEO-003,,
UCG Specification v5(1).docx,11,16,USR-015,R_{mu nu},Ricci tensor,"Symmetric (0,2) tensor",DER-GEO-004,,
UCG Specification v5(1).docx,11,17,USR-016,R,Ricci scalar,Scalar field,DER-GEO-005,,
UCG Specification v5(1).docx,11,18,USR-017,G_{mu nu},Einstein tensor,"Divergence-free (0,2) tensor",DER-GEO-006,,
UCG Specification v5(1).docx,11,19,USR-018,A_mu,Gauge connection,U(1) connection 1-form,DER-GAU-001,,
UCG Specification v5(1).docx,11,20,USR-019,F_{mu nu},Field strength,"(0,2) antisymmetric tensor",DER-GAU-002,,
UCG Specification v5(1).docx,11,21,USR-020,D_mu,Covariant derivative,First-order differential operator,DER-GAU-003,,
UCG Specification v5(1).docx,11,22,USR-021,psi,Spinor field,Section of spin bundle S,DER-QR-006,,
UCG Specification v5(1).docx,11,23,USR-022,T_{mu nu},Stress-energy tensor,"Symmetric (0,2) tensor",DER-TRC-001,,
UCG Specification v5(1).docx,11,24,USR-023,sigma,Entropy production rate,Non-negative scalar field,DER-TRC-004,,
UCG Specification v5(1).docx,11,25,USR-024,Pi_O,Org. Persistence Functional,"Functional in [0,1]",DER-TRC-006 (OPEN),,
UCG Specification v5(1).docx,11,26,USR-025,alpha,Control parameter,Dimensionless scalar: Phi_in/Phi_decay,DER (bifurcation),,
UCG Specification v5(1).docx,11,27,USR-026,U_alpha,Evolution operator,Parameterized operator on org. states,DER-ORG-002,,
UCG Specification v5(1).docx,11,28,USR-027,Omega,Master attractor,Fixed point of R^n,DER-SPC-005,,
UCG Specification v5(1).docx,11,29,USR-028,D=sqrt(L),Dirac operator,"Self-adjoint operator on L^2(M,S)",DER-QR-006,,
UCG Specification v5(1).docx,11,30,USR-029,S_EH,Einstein-Hilbert action,Diffeomorphism-invariant scalar functional,DER-VAR-004,,
UCG Specification v5(1).docx,11,31,USR-030,C_Pi[y],Persistence Cost Functional,Real-valued functional on trajectories,DER-VAR-001,,
UCG Specification v5(1).docx,12,1,OBJECT REGISTRY (UOR),,,,,,
UCG Specification v5(1).docx,13,1,OBJ ID,Object,Symbol,Definition,,,
UCG Specification v5(1).docx,13,2,OBJ-001,Scalar,s in F,Zero-rank tensor: magnitude independent of coordinate choice,,,
UCG Specification v5(1).docx,13,3,OBJ-002,Vector,v in V,First-rank tensor: element of a vector space,,,
UCG Specification v5(1).docx,13,4,OBJ-003,Tensor,T^{mu..}_{nu..},Multi-linear map transforming co- and contravariantly,,,
UCG Specification v5(1).docx,13,5,OBJ-004,Field,phi(x),Function assigning a value to every point of a manifold,,,
UCG Specification v5(1).docx,13,6,OBJ-005,Operator,O_hat,Mapping from a function or vector space onto itself,,,
UCG Specification v5(1).docx,13,7,OBJ-006,State Variable,y_c,Minimally sufficient set of properties identifying a system configuration,,,
UCG Specification v5(1).docx,13,8,OBJ-007,Graph,"G=(V,E)",Nodes and adjacency edges; fundamental computational primitive,,,
UCG Specification v5(1).docx,13,9,OBJ-008,Hilbert Space,H,Complete inner product space; recovered from Spec(L) via DER-QR-001,,,
UCG Specification v5(1).docx,13,10,OBJ-009,Manifold,M,Topological space locally matching flat Euclidean coordinates; recovered via DER-SPC-003,,,
UCG Specification v5(1).docx,13,11,OBJ-010,Fiber Bundle,"P(M,G)",Manifold locally structured as base times fiber; basis of gauge theory,,,
UCG Specification v5(1).docx,13,12,OBJ-011,Metric Space,"(X,d)",Set with explicit distance function; recovered as diffusion distance via DER-GEO-001,,,
UCG Specification v5(1).docx,14,1,Tier,Symbol,Name,Formal Definition,,,
UCG Specification v5(1).docx,14,2,T0,P,Potential Space,"Unstructured background: Int(S_0)=S_0, d(S_0)=empty",,,
UCG Specification v5(1).docx,14,3,T1,d,Difference,"Non-zero distance: d(x,y) in R+ iff x!=y",,,
UCG Specification v5(1).docx,14,4,T2,D,Distinction,"Projection splitting state space: D: S_0 -> {0,1}",,,
UCG Specification v5(1).docx,14,5,T3,I,Identity,Region whose indicator persists under T: D(T(x))=D(x)=1,,,
UCG Specification v5(1).docx,14,6,T4,d(boundary),Boundary,Topological interface: dI = cl(I) ∩ cl(S_0\I),,,
UCG Specification v5(1).docx,14,7,T5,y,State,Position vector in bounded d-dimensional manifold: y(tau) in M_d,,,
UCG Specification v5(1).docx,14,8,T6,R,Relation,Subset of Cartesian product: R ⊆ M_A × M_B,,,
UCG Specification v5(1).docx,14,9,T7,J,Interaction,Non-zero derivative coupling: J_AB = dy_A/dy_B != 0,,,
UCG Specification v5(1).docx,14,10,T8,T,Transformation,State update: T: y(tau_0) -> y(tau_1),,,
UCG Specification v5(1).docx,14,11,T9,C,Constraint,Restriction: C(y)=0,,,
UCG Specification v5(1).docx,14,12,T10,S,Selection,Projection retaining invariant trajectories: delta I_F(y)=0,,,
UCG Specification v5(1).docx,14,13,T11,O_G,Organization,"Algebraic graph: O_G=(V,E)",,,
UCG Specification v5(1).docx,14,14,T12,Pi,Persistence,"Non-vanishing correlation: lim_{tau->inf} <O_G(tau_0),O_G(tau)> > 0",,,
UCG Specification v5(1).docx,14,15,T13,M_E,Memory,Convolution kernel: y(tau) = INT K(tau-tau') J(tau') dtau',,,
UCG Specification v5(1).docx,14,16,T14,FB,Feedback,"Closed non-linear loop: dy/dtau = f(y, g(y))",,,
UCG Specification v5(1).docx,14,17,T15,A,Adaptation,Gradient flow: dtheta/dtau = -g^{ca} nabla_a I_F,,,
UCG Specification v5(1).docx,14,18,T16,E_M,Emergence,Macro-state not reducible to micro-states: Y_macro = Psi({y_i}) != sum a_i y_i,,,
UCG Specification v5(1).docx,14,19,T17,H,Hierarchy,Nested projection sequence: L_0 -> L_1 -> ... -> L_n,,,
UCG Specification v5(1).docx,14,20,T18,EV,Evolution,Trajectory under accelerating geometric kernel (org. field equation),,,
UCG Specification v5(1).docx,14,21,T19,X,Cross-Scale Coupling,Partial-trace zoom: g_{mu nu} = Tr(rho_micro · L_spectral),,,
UCG Specification v5(1).docx,14,22,T20,U,Universality,Fixed-point termination: lim R^n(T_domain) = T*,,,
UCG Specification v5(1).docx,15,1,OPERATOR REGISTRY (UOPR),,,,,,
UCG Specification v5(1).docx,16,1,OP ID,Symbol,Name,Domain -> Codomain,Key Property,,
UCG Specification v5(1).docx,16,2,OP-ORG-001,D (Delta),Distinction,"P_OS -> {0,1}",Idempotent: D^2 = D,,
UCG Specification v5(1).docx,16,3,OP-ORG-002,T (tau),Transformation,State x State -> State,Volume-preserving (Liouville),,
UCG Specification v5(1).docx,16,4,OP-ORG-003,C (kappa),Constraint,State space -> Constrained subspace,Projection: C^2 = C,,
UCG Specification v5(1).docx,16,5,OP-ORG-004,Gamma = C o T o D,Organizational Action,State -> State,"Composition of OP-ORG-001,002,003",,
UCG Specification v5(1).docx,16,6,OP-ORG-005,U_alpha,Evolution Operator,Org. state space -> Org. state space,Parameterized by alpha = Phi_in/Phi_decay,,
UCG Specification v5(1).docx,17,1,OP ID,Symbol,Name,Domain -> Codomain,Key Property,,
UCG Specification v5(1).docx,17,2,OP-CMP-001,L = D_deg - A,Graph Laplacian,"L^2(V,mu) -> L^2(V,mu)","Symmetric, positive semi-definite",,
UCG Specification v5(1).docx,17,3,OP-CMP-002,R = exp(-beta L),Persistence Filter,"L^2(V,mu) -> L^2(V,mu)",Strict contraction: ||R|| < 1 on ker(L)^perp,,
UCG Specification v5(1).docx,17,4,OP-CMP-003,K_t = exp(-tL),Heat Kernel,"L^2(V,mu) -> L^2(V,mu)","K_0 = I, d/dt K_t = -L K_t",,
UCG Specification v5(1).docx,17,5,OP-CMP-004,D = sqrt(L),Dirac Operator,"L^2(M,S) -> L^2(M,S)",Self-adjoint; D^2 = L in scalar sector,,
UCG Specification v5(1).docx,17,6,OP-CMP-005,nabla_mu,Covariant Derivative,Tensor fields -> Tensor fields,Metric compatible: nabla_a g_{bc} = 0,,
UCG Specification v5(1).docx,17,7,OP-CMP-006,delta C_Pi,Euler-Lagrange,Functionals -> Field equations,delta C_Pi = 0 gives persistence field eq.,,
UCG Specification v5(1).docx,18,1,OP ID,Symbol,Name,Definition,,,
UCG Specification v5(1).docx,18,2,OP-P0-001,"+,-,x,/",Arithmetic,Foundational algebraic operations on field structures,,,
UCG Specification v5(1).docx,18,3,OP-P0-002,d_mu,Partial Derivative,Rate of change along one coordinate axis,,,
UCG Specification v5(1).docx,18,4,OP-P0-003,nabla,Gradient,Maps scalar field to direction of steepest ascent,,,
UCG Specification v5(1).docx,18,5,OP-P0-004,delta,Variation,Infinitesimal virtual displacement for extremal paths,,,
UCG Specification v5(1).docx,18,6,OP-P0-005,Delta = nabla.nabla,Laplacian,Divergence of gradient; local smoothing,,,
UCG Specification v5(1).docx,18,7,OP-P0-006,"exp, log",Exponential / Logarithm,Mutually inverse additive-multiplicative scaling,,,
UCG Specification v5(1).docx,18,8,OP-P0-007,Tr,Trace,Basis-invariant sum of diagonal elements,,,
UCG Specification v5(1).docx,18,9,OP-P0-008,Spec,Spectrum,Complete set of eigenvalues of a linear operator,,,
UCG Specification v5(1).docx,18,10,OP-P0-009,O^dag,Adjoint,"Conjugate transpose: <Ou,v> = <u,O^dag v>",,,
UCG Specification v5(1).docx,18,11,OP-P0-010,P (P^2=P),Projection,Idempotent operator onto a subspace,,,
UCG Specification v5(1).docx,18,12,OP-P0-011,"[A,B]",Commutator,Non-commutativity measure: AB - BA,,,
UCG Specification v5(1).docx,18,13,OP-P0-012,"x, +_direct",Tensor Product / Direct Sum,Combines separate spaces into joint spaces,,,
UCG Specification v5(1).docx,19,1,DEPENDENCY REGISTRY (UDR),,,,,,
UCG Specification v5(1).docx,20,1,AX-SDR,Statement,Status,,,,
UCG Specification v5(1).docx,20,2,AX-SDR-001: Definition,prec subset D x D: X prec Y means Y cannot be admitted without prior certification of X,CERTIFIED,,,,
UCG Specification v5(1).docx,20,3,AX-SDR-002: Irreflexivity,for all X: X nprec X,CERTIFIED,,,,
UCG Specification v5(1).docx,20,4,AX-SDR-003: Transitivity,X prec Y AND Y prec Z => X prec Z,CERTIFIED,,,,
UCG Specification v5(1).docx,20,5,AX-SDR-004: Acyclicity,X prec Y => Y nprec X (the lattice is a DAG),CERTIFIED,,,,
UCG Specification v5(1).docx,20,6,AX-SDR-005: Recovery Admissibility,"X prec Y => Y = R_Y(X, A_Y) with no undeclared primitives",CERTIFIED,,,,
UCG Specification v5(1).docx,21,1,"(D,tau,kappa) < G < L < Spec(L) < K_t < d < g_{ab} < nabla < Gamma^c < R^rho < R_{ab} < R < G_{ab} < {S,A_mu,F,D_mu,psi,T_{ab}} < Physics The complete canonical dependency spine. Every DER entry locates itself within this ordering.",,,,,,
UCG Specification v5(1).docx,22,1,AXIOM REGISTRY (UAR),,,,,,
UCG Specification v5(1).docx,23,1,AX-ROG,Statement,Purpose,,,,
UCG Specification v5(1).docx,23,2,AX-ROG-1: Closure,"for all X,Y in G*: X o Y in G*",Organizational processes compose into valid organizational processes,,,,
UCG Specification v5(1).docx,23,3,AX-ROG-2: Minimality,"G = {D,T,C} is irreducible",No primitive can be removed without loss of expressive power,,,,
UCG Specification v5(1).docx,23,4,AX-ROG-3: Completeness,"for all O, exists C: C(O) in G*",Every organizational phenomenon has a DTC representation (OPEN proof),,,,
UCG Specification v5(1).docx,23,5,AX-ROG-4: Consistency,"(D,T,not C) => not Pi",Absence of constraint implies absence of persistence,,,,
UCG Specification v5(1).docx,23,6,AX-ROG-5: Canonical Form,"for all O, exists unique minimal C(O) in G*",Every system has a unique minimal representation (OPEN proof),,,,
UCG Specification v5(1).docx,23,7,AX-ROG-6: Recursive Generativity,Pi => D' (G* is self-generating),Persistence generates new Distinctions enabling higher-order organization,,,,
UCG Specification v5(1).docx,24,1,AX-TRL,Statement,Role,,,,
UCG Specification v5(1).docx,24,2,AX-TRL-1: Existence,Organizational states exist: E != empty,Ensures the state space is non-trivial,,,,
UCG Specification v5(1).docx,24,3,AX-TRL-2: Thermodynamic State,Every organizational state has a thermodynamic state,Grounds org. classes in physical thermodynamics,,,,
UCG Specification v5(1).docx,24,4,AX-TRL-3: Universal Classes,"Every org. state belongs to TEDS, NEDS, or TNDS",The three-class organizational taxonomy,,,,
UCG Specification v5(1).docx,24,5,AX-TRL-4: Organizational Transition,States evolve through thermodynamic interaction: O_i -> O_j,Dynamics are always thermodynamically grounded,,,,
UCG Specification v5(1).docx,24,6,AX-TRL-5: Universal Throughput,"Every persistent org. exchanges energy, matter, and information",NEDS and TNDS require non-zero throughput vector J,,,,
UCG Specification v5(1).docx,24,7,AX-TRL-6: Emergence,Higher org. states emerge from lower via emergence operator E,Grounds the T0-T20 hierarchy,,,,
UCG Specification v5(1).docx,24,8,AX-TRL-7: Persistence,"Persistence requires throughput: Pi = P(O,J) > 0",Connects physical flux to organizational survival,,,,
UCG Specification v5(1).docx,25,1,THEOREM REGISTRY (UTR),,,,,,
UCG Specification v5(1).docx,26,1,THM ID,Theorem,Predecessors,Source,Status,,
UCG Specification v5(1).docx,26,2,THM-BFP,Banach Fixed-Point Theorem: strict contraction on complete metric space has unique fixed point,"AX-ROG-1, OP-CMP-002",EXT (Banach 1922),CERTIFIED,,
UCG Specification v5(1).docx,26,3,THM-SDT,Spectral Decomposition Theorem: real symmetric L has real eigenvalues and orthonormal eigenfunctions,OP-CMP-001,EXT (Linear Algebra),CERTIFIED,,
UCG Specification v5(1).docx,26,4,THM-HKC,Heat Kernel Convergence: K_t^{graph} -> K_t^{manifold} as eps -> 0,THM-SDT,EXT (Coifman-Lafon 2006),CERTIFIED,,
UCG Specification v5(1).docx,26,5,THM-LC,Lovelock's Theorem: S_EH is the unique diff-invariant action with second-order field equations in 4D,AX-SDR-005,EXT (Lovelock 1971),CERTIFIED,,
UCG Specification v5(1).docx,26,6,THM-BID,Contracted Bianchi Identity: nabla^mu G_{mu nu} = 0,DER-GEO-006,EXT (Standard Riemannian Geometry),CERTIFIED,,
UCG Specification v5(1).docx,26,7,THM-ONS,Onsager Reciprocal Relations: L_{ij} = L_{ji} for flux-force coefficient matrix,AX-TRL-5,EXT (Onsager 1931),CERTIFIED,,
UCG Specification v5(1).docx,26,8,THM-EL,Euler-Lagrange Theorem: delta C_Pi = 0 gives y''_c + Gamma^c_{ab} y'_a y'_b = -g^{ca} nabla_a I_F,"DER-VAR-001, DER-GEO-002",SEIT (this framework),CERTIFIED,,
UCG Specification v5(1).docx,26,9,THM-GR-LIMIT,GR as Zero-Loss Limit: I_F = 0 => geodesic equation exactly,THM-EL,SEIT (this framework),CERTIFIED,,
UCG Specification v5(1).docx,26,10,THM-SRC,Strong Resolvent Convergence: D_{G_n} resolvent -> continuum Dirac resolvent,THM-HKC,EXT (Kato; Trotter-Kato),CERTIFIED,,
UCG Specification v5(1).docx,26,11,THM-ASI,Atiyah-Singer Index: stable discrete index -> topological characteristic integral,THM-SRC,EXT (Atiyah-Singer 1963),CERTIFIED,,
UCG Specification v5(1).docx,26,12,THM-ANOM,Anomaly Cancellation: N_c/6-1/2=0 AND 3/4-N_c/4=0 AND N_c-3=0 => N_c=3 uniquely,DER-QR-006,SEIT (this framework),CERTIFIED,,
UCG Specification v5(1).docx,26,13,THM-DCI,Discrete Cartan Identity: L_e = d iota_e + iota_e d (derived from Hodge adjoints),OP-CMP-001,Part I §5.1,CERTIFIED,,
UCG Specification v5(1).docx,26,14,THM-DWI,Discrete Weitzenboeck: D^2 = nabla*nabla + (1/4)R_discrete,THM-DCI,Part I §5.2,CERTIFIED,,
UCG Specification v5(1).docx,26,15,THM-WL,Wilson Loop Limit: discrete gauge action -> Maxwell under Gamma-convergence,DER-GAU-002,Part I §5.3,CERTIFIED,,
UCG Specification v5(1).docx,26,16,THM-LYA,Lyapunov Convergence: action functional A[Psi_n] -> A[U] under critical step bound,OBJ-008,Part I §3.2,CERTIFIED,,
UCG Specification v5(1).docx,26,17,THM-UMP,Universal Mapping Property: quotient grammar G is canonical via unique factorization,Part V UGUP,Part V §3,CERTIFIED,,
UCG Specification v5(1).docx,26,18,THM-GHV,"Groenewold-Van Hove Obstruction: [f,g]=i*hbar{f,g} fails for general observables",THM-BFP,EXT (Groenewold 1946),CERTIFIED (recorded as limitation),,
UCG Specification v5(1).docx,27,1,PROOF REGISTRY (UPR),,,,,,
UCG Specification v5(1).docx,28,1,PRF ID,For Entry,Proof Method,Level,Status,,
UCG Specification v5(1).docx,28,2,PRF-SDR,AX-SDR-001 through 005,Definitional / verified by inspection of dependency lists,C,CERTIFIED,,
UCG Specification v5(1).docx,28,3,PRF-ROG-1,AX-ROG-1 (Closure),Verified by ROG composition rule and Banach FPT,C,CERTIFIED,,
UCG Specification v5(1).docx,28,4,PRF-ROG-2,AX-ROG-2 (Minimality),Elimination argument: remove each primitive and exhibit a counterexample system,C,CERTIFIED,,
UCG Specification v5(1).docx,28,5,PRF-ROG-3,AX-ROG-3 (Completeness),No counterexample found; formal proof not constructed,P,OPEN,,
UCG Specification v5(1).docx,28,6,PRF-ROG-5,AX-ROG-5 (Canonical Form),Uniqueness not yet proven — see DER-ORG-009,P,OPEN,,
UCG Specification v5(1).docx,28,7,PRF-ROG-6,AX-ROG-6 (Generativity),Verified by UOT class hierarchy construction,C,CERTIFIED,,
UCG Specification v5(1).docx,28,8,PRF-GEO-001,DER-GEO-001 (Spectral Metric),Convergence for compact manifolds: Belkin-Niyogi (2003). Positive definiteness: non-degenerate spectral embedding.,C,CERTIFIED,,
UCG Specification v5(1).docx,28,9,PRF-DG-005,DER-GEO-006 (Einstein Tensor),Contracted Bianchi identity: two contractions of second Bianchi identity,C,CERTIFIED,,
UCG Specification v5(1).docx,28,10,PRF-EL,THM-EL (Field Equation),Full Euler-Lagrange variation of C_Pi[y]; all steps recorded in Three-Layer Compiler §IX,C,CERTIFIED,,
UCG Specification v5(1).docx,28,11,PRF-VAL-001,VAL-001 (String Theory),CMRC-001 through CMRC-019 acyclic chain; three certification refinements recorded,C,CERTIFIED,,
UCG Specification v5(1).docx,28,12,PRF-VAL-004,VAL-004 (Quantum Mechanics),Canonical quantization via Dirac map; GVH obstruction recorded as limitation,C,CERTIFIED,,
UCG Specification v5(1).docx,28,13,PRF-VAL-005,VAL-005 (Hamiltonian Mechanics),Symplectic geometry branch; covariant/contravariant distinction explicitly kept,C,CERTIFIED,,
UCG Specification v5(1).docx,28,14,PRF-UGNT,Part V UGNT (Normal Forms),Rewrite system defined; termination and confluence OPEN,P,OPEN,,
UCG Specification v5(1).docx,28,15,PRF-FPE,DER-ORG-006 (FP Equivalence),"Equivalence of Banach, spectral, LFP, and closure formulations not yet proven",D,OPEN,,
UCG Specification v5(1).docx,29,1,DER REGISTRY,,,,,,
UCG Specification v5(1).docx,30,1,Branch,Code,Entries,Certified,Open,Primary Predecessors,
UCG Specification v5(1).docx,30,2,Strict Dependency Relation,SDR,5,5,0,None (definitional),
UCG Specification v5(1).docx,30,3,Organizational Recovery,ORG,10,5,5,"PRIM-G-001,002,003",
UCG Specification v5(1).docx,30,4,Spectral Recovery,SPC,6,5,1,DER-ORG-005,
UCG Specification v5(1).docx,30,5,Variational Recovery,VAR,5,5,0,"DER-GEO-001, DER-SPC-003",
UCG Specification v5(1).docx,30,6,Geometry Recovery,GEO,6,6,0,DER-SPC-003,
UCG Specification v5(1).docx,30,7,Gauge Recovery,GAU,4,4,0,DER-SPC-002,
UCG Specification v5(1).docx,30,8,Quantum Recovery,QR,8,8,0,"DER-SPC-003, DER-GAU-003",
UCG Specification v5(1).docx,30,9,Thermodynamic Recovery,TRC,6,5,1,PRIM-P-001,
UCG Specification v5(1).docx,30,10,CMRC (String Theory),CMRC,19,19,0,"PRIM-G-001,002,003",
UCG Specification v5(1).docx,30,11,Validation Entries,VAL,5*,3,2,Various,
UCG Specification v5(1).docx,31,1,"(D,tau,kappa,Pi) < Gamma < O < Psi < G < L < Spec(L) < K_t < d < g_{ab} < nabla < Gamma^c_{ab} < R^rho_{sig mu nu} < R_{ab} < R < G_{ab} < S < A_mu < F_{ab} < D_mu < psi < T_{ab} < Recovered Physics The complete unified certified dependency spine. 22 primary nodes. Every DER entry locates within this ordering.",,,,,,
UCG Specification v5(1).docx,32,1,COMPILER REGISTRY,,,,,,
UCG Specification v5(1).docx,33,1,COMPILER DEPENDENCY GRAPH (CDG),,,,,,
UCG Specification v5(1).docx,34,1,CDG Phase,Name,Inputs,Outputs,Source,,
UCG Specification v5(1).docx,34,2,CDG.0,Primitive Admission,None,"PRIM-G, PRIM-P, PRIM-C",Section 3,,
UCG Specification v5(1).docx,34,3,CDG.I,Grammar Construction,PRIM-G,"G = {D,T,C}, Gamma = C o T o D","DER-ORG-001,002",,
UCG Specification v5(1).docx,34,4,CDG.II,Graph Recovery,"PRIM-G, PRIM-C","G=(V,E), K(G_U)",DER-SPC-001,,
UCG Specification v5(1).docx,34,5,CDG.III,Laplacian Recovery,CDG.II,"L = D-A, Spec(L), K_t","DER-SPC-002,003,004",,
UCG Specification v5(1).docx,34,6,CDG.IV,Metric Recovery,CDG.III,"d(i,j), g_{ab}",DER-GEO-001,,
UCG Specification v5(1).docx,34,7,CDG.V,Curvature Recovery,CDG.IV,"Gamma^c, R^rho, R_{ab}, R, G_{ab}",DER-GEO-002 through 006,,
UCG Specification v5(1).docx,34,8,CDG.VI,Variational Recovery,CDG.IV,"C_Pi[y], field equation, S_EH, Einstein equations",DER-VAR-001 through 005,,
UCG Specification v5(1).docx,34,9,CDG.VII,Gauge Recovery,CDG.III,"A_mu, F_{ab}, D_mu, Yang-Mills",DER-GAU-001 through 004,,
UCG Specification v5(1).docx,34,10,CDG.VIII,Quantum Recovery,"CDG.III,VII","H, Schrodinger, Dirac, spin",DER-QR-001 through 008,,
UCG Specification v5(1).docx,34,11,CDG.IX,Thermodynamic Recovery,"PRIM-P, CDG.III","sigma, S, J, Clausius-Duhem, Fourier",DER-TRC-001 through 005,,
UCG Specification v5(1).docx,34,12,CDG.X,Standard Model,CDG.VIII,G_SM = SU(3)xSU(2)xU(1),THM-ANOM,,
UCG Specification v5(1).docx,34,13,CDG.XI,CMRC Execution,CDG.I,"Worldsheet, Polyakov, Virasoro, BRST, G_{ab}=0",CMRC-001 through 019,,
UCG Specification v5(1).docx,34,14,CDG.XII,Validation Execution,CDG.I through XI,"VAL-001,004,005 certified",VAL entries,,
UCG Specification v5(1).docx,34,15,CDG.XIII,Bifurcation,"CDG.III, CDG.IX","alpha, {Sigma_chaos, Sigma_persistent, Sigma_equilibrium}",TOEv bifurcation theorem,,
UCG Specification v5(1).docx,34,16,CDG.XIV,UOT Classification,CDG.XIII,"POS,TDS,TEDS,NEDS,AOS,SOS,SES,ROS,MOS",TOEv_Taxonomy,,
UCG Specification v5(1).docx,34,17,CDG.XV,ISA Compilation,CDG.XIV,UOISA canonical library,Three-Layer Compiler §III,,
UCG Specification v5(1).docx,34,18,CDG.XVI,Universal Output,CDG.I through XV,Complete certified dependency lattice,This document,,
UCG Specification v5(1).docx,35,1,RECOVERY EXECUTION ENGINE (REE),,,,,,
UCG Specification v5(1).docx,36,1,REE Entry,Branch,Prerequisites,Parallel With,Output,,
UCG Specification v5(1).docx,36,2,REE-SPC,Spectral Recovery,CDG.II,REE-TRC,"Spec(L), K_t, d(i,j)",,
UCG Specification v5(1).docx,36,3,REE-GEO,Geometry Recovery,REE-SPC,REE-GAU (partial),"g_{ab}, curvature hierarchy",,
UCG Specification v5(1).docx,36,4,REE-VAR,Variational Recovery,REE-GEO,REE-GAU,"Field equation, Einstein equations",,
UCG Specification v5(1).docx,36,5,REE-GAU,Gauge Recovery,REE-SPC,REE-GEO (partial),"A_mu, F_{ab}, Yang-Mills",,
UCG Specification v5(1).docx,36,6,REE-QR,Quantum Recovery,"REE-SPC, REE-GAU",None,"Hilbert space, Schrodinger, Dirac",,
UCG Specification v5(1).docx,36,7,REE-TRC,Thermodynamic Recovery,PRIM-P,REE-SPC,"sigma, entropy laws, Pi_O (OPEN)",,
UCG Specification v5(1).docx,36,8,REE-CMRC,Conformal Math Recovery Core,CDG.I,REE-GEO (runs parallel; joins at G_{ab}),"Virasoro, BRST, vacuum Einstein",,
UCG Specification v5(1).docx,36,9,REE-VAL,Validation Campaign,CDG.I through IX,None,"VAL-001,004,005 certified; remainder noted",,
UCG Specification v5(1).docx,36,10,REE-BIF,Bifurcation Recovery,"REE-SPC, REE-TRC",None,"Attractor classification, alpha thresholds",,
UCG Specification v5(1).docx,37,1,Entry ID,Statement (abbreviated),Direct Predecessors,Status,,,
UCG Specification v5(1).docx,37,2,PRIM-G-001,Delta (Distinction),None,CERTIFIED,,,
UCG Specification v5(1).docx,37,3,PRIM-G-002,tau (Transformation),None,CERTIFIED,,,
UCG Specification v5(1).docx,37,4,PRIM-G-003,kappa (Constraint),None,CERTIFIED,,,
UCG Specification v5(1).docx,37,5,PRIM-G-004,Pi (Persistence),None,CERTIFIED,,,
UCG Specification v5(1).docx,37,6,PRIM-P-001,E (Energy),None,CERTIFIED,,,
UCG Specification v5(1).docx,37,7,PRIM-C-001,"B=(U,V,E) (Bipartite substrate)",None,CERTIFIED,,,
UCG Specification v5(1).docx,37,8,AX-SDR-001..005,Strict Dependency Relation axioms,None,CERTIFIED,,,
UCG Specification v5(1).docx,37,9,DER-ORG-001,"Grammar G = {D,T,C}","PRIM-G-001,002,003",CERTIFIED,,,
UCG Specification v5(1).docx,37,10,DER-ORG-002,State evolution Psi_{t+1}=C(T(D Psi_t)),ORG-001,CERTIFIED,,,
UCG Specification v5(1).docx,37,11,DER-ORG-003,Persistence fixed point,ORG-002,CERTIFIED,,,
UCG Specification v5(1).docx,37,12,DER-ORG-004,Recursive generativity Pi=>Delta',ORG-003,CERTIFIED,,,
UCG Specification v5(1).docx,37,13,DER-ORG-005,Compiler interface,"ORG-001, SPC-001",CERTIFIED,,,
UCG Specification v5(1).docx,37,14,DER-ORG-006,Fixed-point equivalence theorem,"ORG-003, SPC-005",OPEN,,,
UCG Specification v5(1).docx,37,15,DER-ORG-007,Pi_O recovery (org. side),"ORG-003, TRC-002",OPEN,,,
UCG Specification v5(1).docx,37,16,DER-ORG-008,Attractor uniqueness,ORG-003,OPEN,,,
UCG Specification v5(1).docx,37,17,DER-ORG-009,Compiler completeness,ORG-005,OPEN,,,
UCG Specification v5(1).docx,37,18,DER-ORG-010,Dependency completeness,"SDR-005, ORG-009",OPEN,,,
UCG Specification v5(1).docx,37,19,DER-SPC-001,"Graph G=(V,E)",ORG-001,CERTIFIED,,,
UCG Specification v5(1).docx,37,20,DER-SPC-002,Laplacian L=D-A,SPC-001,CERTIFIED,,,
UCG Specification v5(1).docx,37,21,DER-SPC-003,Spectrum Spec(L),SPC-002,CERTIFIED,,,
UCG Specification v5(1).docx,37,22,DER-SPC-004,Heat kernel K_t,SPC-003,CERTIFIED,,,
UCG Specification v5(1).docx,37,23,DER-SPC-005,Persistence operator R,SPC-003,CERTIFIED,,,
UCG Specification v5(1).docx,37,24,DER-SPC-006,Spectral fixed point Omega,SPC-005,OPEN,,,
UCG Specification v5(1).docx,37,25,DER-VAR-001,Persistence Cost Functional,"GEO-001, SPC-003",CERTIFIED,,,
UCG Specification v5(1).docx,37,26,DER-VAR-002,Universal Persistence Field Equation,VAR-001,CERTIFIED,,,
UCG Specification v5(1).docx,37,27,DER-VAR-003,Legendre transform,VAR-002,CERTIFIED,,,
UCG Specification v5(1).docx,37,28,DER-VAR-004,Einstein-Hilbert action,GEO-005,CERTIFIED,,,
UCG Specification v5(1).docx,37,29,DER-VAR-005,Einstein field equations,"VAR-004, GEO-006",CERTIFIED,,,
UCG Specification v5(1).docx,37,30,DER-GEO-001,Spectral metric g_{ab},SPC-003,CERTIFIED,,,
UCG Specification v5(1).docx,37,31,DER-GEO-002,Levi-Civita connection Gamma^c_{ab},GEO-001,CERTIFIED,,,
UCG Specification v5(1).docx,37,32,DER-GEO-003,Riemann tensor R^rho_{sig ab},GEO-002,CERTIFIED,,,
UCG Specification v5(1).docx,37,33,DER-GEO-004,Ricci tensor R_{ab},GEO-003,CERTIFIED,,,
UCG Specification v5(1).docx,37,34,DER-GEO-005,Ricci scalar R,GEO-004,CERTIFIED,,,
UCG Specification v5(1).docx,37,35,DER-GEO-006,Einstein tensor G_{ab},GEO-005,CERTIFIED,,,
UCG Specification v5(1).docx,37,36,DER-GAU-001,Gauge connection A_mu,SPC-002,CERTIFIED,,,
UCG Specification v5(1).docx,37,37,DER-GAU-002,Field strength F_{ab},GAU-001,CERTIFIED,,,
UCG Specification v5(1).docx,37,38,DER-GAU-003,Covariant derivative D_mu,"GAU-001, GEO-002",CERTIFIED,,,
UCG Specification v5(1).docx,37,39,DER-GAU-004,Yang-Mills equations,"GAU-002, GAU-003",CERTIFIED,,,
UCG Specification v5(1).docx,37,40,DER-QR-001,Hilbert space H,SPC-003,CERTIFIED,,,
UCG Specification v5(1).docx,37,41,DER-QR-002,Schrodinger equation,"QR-001, SPC-003",CERTIFIED,,,
UCG Specification v5(1).docx,37,42,DER-QR-003,Heisenberg equation,QR-002,CERTIFIED,,,
UCG Specification v5(1).docx,37,43,DER-QR-004,Uncertainty relation,QR-003,CERTIFIED,,,
UCG Specification v5(1).docx,37,44,DER-QR-005,Clifford algebra,GEO-001,CERTIFIED,,,
UCG Specification v5(1).docx,37,45,DER-QR-006,Dirac operator,"QR-005, GAU-003",CERTIFIED,,,
UCG Specification v5(1).docx,37,46,DER-QR-007,Spin recovery,QR-006,CERTIFIED,,,
UCG Specification v5(1).docx,37,47,DER-QR-008,Magnetic moment,"QR-007, GAU-001",CERTIFIED,,,
UCG Specification v5(1).docx,37,48,DER-TRC-001,Internal energy (first law),PRIM-P-001,CERTIFIED,,,
UCG Specification v5(1).docx,37,49,DER-TRC-002,Entropy S=k_B ln W,TRC-001,CERTIFIED,,,
UCG Specification v5(1).docx,37,50,DER-TRC-003,Entropy flux J_s=J_q/T,TRC-002,CERTIFIED,,,
UCG Specification v5(1).docx,37,51,DER-TRC-004,Clausius-Duhem inequality,"TRC-002, TRC-003",CERTIFIED,,,
UCG Specification v5(1).docx,37,52,DER-TRC-005,Fourier heat flux J_q=-kappa nabla T,TRC-003,CERTIFIED,,,
UCG Specification v5(1).docx,37,53,DER-TRC-006,Pi_O (thermodynamic side),"TRC-002, SPC-003",OPEN,,,
UCG Specification v5(1).docx,37,54,CMRC-001..019,Conformal Math Recovery Core (complete),"PRIM-G-001,002,003",CERTIFIED,,,
UCG Specification v5(1).docx,37,55,VAL-001,"String Theory (bosonic, critical dim=26)",CMRC-001..019,CERTIFIED,,,
UCG Specification v5(1).docx,37,56,VAL-002,Maxwell Electrodynamics,DER-GAU-001..004,CERTIFIED,,,
UCG Specification v5(1).docx,37,57,VAL-003,GR Matter Coupling,"DER-VAR-005, DER-TRC-001",CERTIFIED,,,
UCG Specification v5(1).docx,37,58,VAL-004,Quantum Mechanics,DER-QR-001..006,CERTIFIED,,,
UCG Specification v5(1).docx,37,59,VAL-005,Hamiltonian Mechanics,"DER-VAR-003, DER-QR-001",CERTIFIED,,,
UCG Specification v5(1).docx,37,60,THM-ANOM,G_SM = SU(3)xSU(2)xU(1) derivation,DER-QR-006,CERTIFIED,,,
UCG Specification v5(1).docx,38,1,Document,Version,Registries Populated,Integration Status,,,
UCG Specification v5(1).docx,38,2,SEIT_ISA.docx,July 2026,"PRIM-C, SPC, GEO, VAR, GAU, QR — Phases 0-XIII",Integrated: DER-SPC through DER-QR,,,
UCG Specification v5(1).docx,38,3,ROG_UOC_UOT_TOEv.docx,July 2026,"PRIM-G, AX-ROG, DER-ORG, UOT taxonomy","Integrated: DER-ORG-001 through 005, AX-ROG-1 through 6",,,
UCG Specification v5(1).docx,38,4,TOEv.docx,July 2026,"AX-TRL, TDS/TEDS/NEDS/AOS hierarchy, transition matrix",Integrated: AX-TRL-1 through 7,,,
UCG Specification v5(1).docx,38,5,TOEv_Taxonomy.docx,July 2026,"UOT ten-class taxonomy, three classification axes",Integrated: Section 3 (UOT classes),,,
UCG Specification v5(1).docx,38,6,TNDS_Bridge.docx,July 2026,"OP-ORG physical realizations, Pi_O coupling equation","Integrated: USR-024, DER-TRC-006 (OPEN)",,,
UCG Specification v5(1).docx,38,7,Three_Layer_Compiler.docx,July 2026,"CDG, REE, three-layer architecture",Integrated: Section 12,,,
UCG Specification v5(1).docx,38,8,DER_Registry_v2.docx,July 2026,All 57 DER entries with full proof obligations,Integrated: Section 11 summary; full cards in source doc,,,
UCG Specification v5(1).docx,38,9,Master_Equation_Matrix.docx,July 2026,174 equations organized as derivation chain,Reference document; equations cross-indexed to USR,,,
UCG Specification v5(1).docx,38,10,Combined_Compiler_Theories_Final.docx,2026,"Parts I-V: TOEv, UDP v2.0, gradient chain, MDCL, UGAS-MDCL-0001","Integrated: CMRC-001..019, VAL-001,004,005, AX-TRL, T0-T20, D1-D27, Phase 0-XVI, Part V algebraic foundation",,,
UCG Specification v5(1).docx,39,1,PRF ID,For,Missing,Closes,,,
UCG Specification v5(1).docx,39,2,PRF-ROG-3,AX-ROG-3 (Completeness),Formal proof that every organizational phenomenon has a G* representation. No counterexample found; neither exhaustive enumeration nor abstract spanning argument constructed.,DER-ORG-009,,,
UCG Specification v5(1).docx,39,3,PRF-ROG-5,AX-ROG-5 (Canonical Form),Uniqueness proof for the minimal DTC representation. Requires showing no two distinct canonical forms represent the same organizational system.,DER-ORG-009,,,
UCG Specification v5(1).docx,39,4,PRF-FPE,DER-ORG-006,"Equivalence of Banach, spectral, least fixed point, and ROG closure formulations of persistence. Common fixed point assumed throughout framework but not proven.",DER-ORG-006,,,
UCG Specification v5(1).docx,39,5,PRF-PiO,DER-ORG-007 / DER-TRC-006,"Rigorous derivation of Pi_O = f(sigma, C, Spec(L)) from TNDS first principles. Coupling equation proposed; stationary distribution of Fokker-Planck equation approach outlined but not executed.",Both ORG-007 and TRC-006,,,
UCG Specification v5(1).docx,39,6,PRF-ATU,DER-ORG-008,Uniqueness of organizational attractor for each alpha. Banach theorem gives uniqueness given completeness and c<1; proof that c<1 holds uniformly across all initial conditions needed.,DER-ORG-008,,,
UCG Specification v5(1).docx,39,7,PRF-SFP,DER-SPC-006,Spectral fixed point uniqueness for disconnected graphs. Unique under connectedness assumption; general case open.,DER-SPC-006,,,
UCG Specification v5(1).docx,39,8,PRF-UGNT,Part V UGNT,Termination and confluence of the rewrite system for grammar normal forms. Both required for UGNT normal-form theorem; neither proven.,Part V §4,,,
UCG Specification v5(1).docx,39,9,PRF-BORN,DER-ORG-006 (partial),Born rule uniqueness: R-invariant measure on Pi is unique and equals |psi|^2. Existence outlined; Gleason's theorem approach not yet executed.,Open,,,
UCG Specification v5(1).docx,39,10,PRF-LOR,Open,Lorentz signature: maximum spectral compression direction is timelike. Argument sketched in SEIT Phase III; rigorous connection between compression functional and g_{tt}<0 not constructed.,Open,,,
UCG Specification v5(1).docx,39,11,PRF-GEN,Open,Three fermion generations: N_c=3 does not constrain generation count. Extension of representation theory analysis required.,Open,,,
UCG Specification v5(1).docx,39,12,PRF-CONST,Open,"Universal constants c,G,hbar as fixed points of Seeley-DeWitt coefficient ratios. Pipeline defined; explicit computation of fixed-point functions f_k not performed.",Open,,,
UCG Specification v5(1).docx,39,13,PRF-BNAT,Open,B_Nature: identify M such that Spec(L)=Spec(Nature). Cubitt-Perez Garcia-Wolf undecidability may apply for infinite L. Fundamental open problem.,Open,,,
UCG Specification v5(1).docx,39,14,PRF-PRIM,Open,"Primitive grammar reconciliation: three grammars ({D,T,C,Pi}; {D,T,C}+gradient; {D,tau,kappa,Theta,Pi,Omega}) developed independently. Not shown to be equivalent or reducible to one. Central open problem across all five compiler lines.",Open,,,
UCG Specification v5(1).docx,40,1,ARBS — ABELIAN RECURSIVE BIPARTITE SHELL GRAPH SPECIFICATION,,,,,,
UCG Specification v5(1).docx,41,1,Lock,ID,Statement,Consequence,,,
UCG Specification v5(1).docx,41,2,Bipartite Reciprocity Lock,TH-ARBS-001A,The vertex set splits as V = V_0 cup V_1 with edges only crossing between partitions. The symmetric transport matrix N_S is locked by the bipartite structure.,"Odd-cycle connectivity paths are excluded. Without this lock, cospectral switching moves can corrupt the Mosco limit by altering the degree operator D^O.",,,
UCG Specification v5(1).docx,41,3,Shell Nilpotency Lock,TH-ARBS-001B,The directed transport matrix N satisfies N^m = 0 for some finite m. Shell indices are monotonically ordered; back-directed loops across shells are excluded.,"Unconstrained directed loops would cause the sectorial angle alpha -> pi/2, inflating the resolvent norm to infinity and destroying semigroup contractivity (TH-Pi-005).",,,
UCG Specification v5(1).docx,42,1,Category,Objects,Morphisms,Structural Constraint,,,
UCG Specification v5(1).docx,42,2,Graph_ARBS,"Finite typed weighted hypergraphs G=(V,E,W,sigma) satisfying TH-ARBS-001A and TH-ARBS-001B",Edge-preserving capacity embeddings f: G->H preserving vertex partitions and shell indices,ARBS axioms: bipartite partition + shell nilpotency,,,
UCG Specification v5(1).docx,42,3,Field(M),"Collections of closed densely defined linear operators, connection 1-forms A, and spinor sections psi on smooth principal and spin bundles over compact 4D (M,g)",Smooth gauge-equivariant bundle map pull-backs,"Gauge equivariance + smoothness of (M,g)",,,
UCG Specification v5(1).docx,43,1,ID,Theorem,Certification Basis,Status,,,
UCG Specification v5(1).docx,43,2,RF-001,Well-Definedness: R: Graph_ARBS -> Field(M) exists as a covariant functor independent of graph approximation sequence,"Mosco convergence (Kato's Rep. Theorem) + Gromov-Hausdorff + Trotter-Kato. Internal: TH-Pi-003, TH-Pi-006, UCE-001",CERTIFIED,,,
UCG Specification v5(1).docx,43,3,RF-002,Functoriality: R(id_G)=id_{R(G)} and R(g o f)=R(g) o R(f),"Strong operator topology: lim of bounded linear products = product of limits. Internal: RF-001, CP-001",CERTIFIED,,,
UCG Specification v5(1).docx,43,4,RF-003,"Convergence: G_n ->^GH (M,g) => E_n ->^Mosco E => L_n ->^s.r. L => T_n(t) ->^s T(t)",Kato's First Rep. Theorem (Mosco->s.r.) + Trotter-Kato (s.r.->semigroup),CERTIFIED,,,
UCG Specification v5(1).docx,43,5,RF-004,Monoidal Preservation: R(G sqcup H) cong R(G) otimes R(H); pentagon + triangle coherence satisfied,M-000 (tensor comparison construction) + Mac Lane Monoidal Coherence Theorem,CERTIFIED,,,
UCG Specification v5(1).docx,43,6,RF-005,Faithfulness and Conservatism: R is faithful and conservative but neither full nor essentially surjective,Faithfulness: distinct embeddings -> distinct cochain push-forwards -> distinct limits. Obstruction: ker(Phi_d) != empty,CERTIFIED,,,
UCG Specification v5(1).docx,44,1,"G_n ->^{GH} (M,g) => E_n ->^{Mosco} E => L_n ->^{s.r.} L => T_n(t) ->^{s} T(t) RF-003: The four-topology convergence chain. Gromov-Hausdorff -> Mosco -> Strong Resolvent -> Semigroup. Certified.",,,,,,
UCG Specification v5(1).docx,45,1,ID,Theorem,Statement,Status,,,
UCG Specification v5(1).docx,45,2,RK-001,Kernel Algebra,"ker(Phi_d) has algebraic structure generated by five minimal generators {K_1,K_2,K_3,K_5,K_6} forming a closed Lie Groupoid: <K_1,K_2,K_3,K_5,K_6> = A_ker subset ker(Phi_d)",CERTIFIED,,,
UCG Specification v5(1).docx,45,3,RK-002,Normal Forms,The kernel algebra is strictly terminating and confluent. Every element reduces to unique canonical form: Delta G_normal = K_1^alpha K_2^beta K_6^gamma K_3[g] K_5^delta (proved via Newman's Lemma),CERTIFIED,,,
UCG Specification v5(1).docx,45,4,RK-003,Kernel Decomposition,ker(Phi_d) cong Aut_disc(G) semidirect Gauge(P->M). Gauge symmetries of the Standard Model emerge as the residual freedom of the discrete graph invisible to the continuum limit.,CERTIFIED,,,
UCG Specification v5(1).docx,46,1,ker(Phi_d) cong Aut_disc(G) semidirect Gauge(P -> M) RK-003: The kernel decomposition theorem. Physical gauge transformations are exactly the discrete network moves that leave the continuous evolution semigroup completely unaffected.,,,,,,
UCG Specification v5(1).docx,47,1,ID,Conjecture,Statement,Verification Strategy,Status,,
UCG Specification v5(1).docx,47,2,AU-001,Substrate Rigidity,"Graph_ARBS is the unique minimal admissible category of discrete substrates compiling into stable continuous field theories with gauge, matter, and gravitational sectors","Exclusion lemma: show any graph with odd-cycle connectivity or non-nilpotent back-loops forces alpha->pi/2, destroying semigroup contractivity",OPEN,,
UCG Specification v5(1).docx,47,3,AU-002,Singleton Preimage Collapse,"Under substrate minimization (K_5 filter) and uniqueness admissibility (K_3 gauge lock), the kernel collapses: ker(Phi_d)_min = empty <=> [G*]_ARBS = {G*}",Inverse spectral uniqueness: no two non-isomorphic edge-minimal ARBS graphs share identical local spectral measure distributions after minimization,OPEN,,
UCG Specification v5(1).docx,48,1,Object,Symbol,Definition,Position in Spine,,,
UCG Specification v5(1).docx,48,2,Certified Graph Object,"G* = (V,E,tau,omega,pi,gamma)",A typed dependency-complete organizational graph where every vertex and edge has a certification witness and every dependency closure is complete. V = certified org. objects; E = certified dependency morphisms; tau = object typing; omega = dependency weights; pi = persistence annotations; gamma = certification metadata.,"Terminal object of the combinatorial branch. G* replaces the untyped G=(V,E) as the canonical primitive graph object.",,,
UCG Specification v5(1).docx,48,3,Certified Metric Object,"M* = (X,g,nabla,R,I)",The terminal geometric recovery object induced functorially from a certified spectral organizational state. X = recovered state space; g = metric tensor; nabla = compatible covariant derivative; R = curvature tensor; I = invariant structure.,Terminal object of the geometric branch. M* replaces the bare metric g as the canonical geometric recovery object.,,,
UCG Specification v5(1).docx,49,1,Omega_0 < G* < L < Spec(L) < Sigma_O < T < TEDS < S_O < F_spec < G_manifold < M* < G_{mu nu} < T_{mu nu} < Omega The ARBS extended canonical spine. G* is the certified graph object (terminal combinatorial). M* is the certified metric object (terminal geometric). Every intermediate object is named and typed.,,,,,,
UCG Specification v5(1).docx,50,1,UCG Registry,ARBS Contribution,,,,,
UCG Specification v5(1).docx,50,2,UOR (Object Registry),Add OBJ-ARBS-001 (G* = Certified Graph Object) and OBJ-ARBS-002 (M* = Certified Metric Object) as the canonical terminal objects of their respective branches,,,,,
UCG Specification v5(1).docx,50,3,UOPR (Operator Registry),"Add OP-ARBS-001 (R: Graph_ARBS -> Field(M), the Universal Recovery Functor) with domain, codomain, and certified functorial properties",,,,,
UCG Specification v5(1).docx,50,4,UTR (Theorem Registry),Add THM-RF-001 through THM-RF-005 and THM-RK-001 through THM-RK-003 as certified theorems,,,,,
UCG Specification v5(1).docx,50,5,UPR (Proof Registry),Add PRF-RF-001 through PRF-RF-005 with certification level C; add PRF-AU-001 and PRF-AU-002 as OPEN with stated verification strategies,,,,,
UCG Specification v5(1).docx,50,6,UDR (Dependency Registry),Replace abbreviated GEO spine node with G* < L and close of metric chain with M*; update canonical spine to ARBS extended form,,,,,
UCG Specification v5(1).docx,50,7,DER Registry,Add DER-ARBS branch (DER-ARBS-001 through DER-ARBS-008) covering the eight certified results and three open conjectures of the specification,,,,,
UCG Specification v5(1).docx,50,8,CDG (Compiler Graph),Add CDG.ARBS phase between CDG.II (Graph Recovery) and CDG.III (Laplacian Recovery): the ARBS structural lock verification and functor construction phase,,,,,
UCG Specification v5(1).docx,50,9,Sync Ledger (Sec 14),Add ARBSG_SPEC.docx as a synchronized companion document populating the above registries,,,,,
UCG Specification v5(1).docx,51,1,EXTERNAL VALIDATION CONTEXT — STRING THEORY TRIAL RECORD,,,,,,
UCG Specification v5(1).docx,52,1,Event,Year,Verdict Role,DER Spine Contact,SEIT Status,,
UCG Specification v5(1).docx,52,2,Veneziano beta function — first hadronic string model,1968,Defense (Exhibit A),Pre-DER-SPC: phenomenological spectrum fit,"EXT — predecessor, not ancestor",,
UCG Specification v5(1).docx,52,3,Nambu-Nielsen-Susskind: strings replace point particles,1969,Defense,Pre-DER-SPC: 1D object as mass spectrum generator,EXT — motivates bipartite substrate B,,
UCG Specification v5(1).docx,52,4,QCD quarks kill hadronic strings,1973,Prosecution,Outside SEIT spine; QCD is DER-GAU-004 sector,DER-GAU-004 CERTIFIED independently,,
UCG Specification v5(1).docx,52,5,"Bosonic string: tachyons, ghost states, no parity violation",1970s,Prosecution (triple failure),SEIT spine avoids by not assuming a substrate,N/A — failures are of substrate-first method,,
UCG Specification v5(1).docx,52,6,Lovelace: 26 dimensions required for Lorentz invariance,1971,Defense (alibi),DER-GEO-001 derives dimension from D_s=4 spectrally,DER-GEO-001 CERTIFIED; no free dimension parameter,,
UCG Specification v5(1).docx,52,7,Golfand: supersymmetry proposed,1971,Defense,Adjacent to DER-QR-007 (spin recovery),DER-QR-007 CERTIFIED; SUSY not required,,
UCG Specification v5(1).docx,52,8,"Superstring theory: 9+1 dimensions, SUSY tachyon fix",1976,Defense,Same spectral dimension issue — unresolved externally,SEIT derives D_s=4 from Spec(L); no extra dims assumed,,
UCG Specification v5(1).docx,52,9,Calabi-Yau compactification: 6 hidden dimensions,1985,Defense (alibi),No DER spine equivalent — compactification is a patch,SEIT has no free dimensions to compactify,,
UCG Specification v5(1).docx,52,10,Green-Schwarz anomaly cancellation mechanism,1984,Defense (patch),DER-QR-006 derives anomaly cancellation as THM-ANOM,"THM-ANOM CERTIFIED; N_c=3 derived, not patched",,
UCG Specification v5(1).docx,52,11,Five superstring theories — loss of uniqueness,1985,Prosecution,Fragmentation of substrate-first program,SEIT has one operator U_alpha; no uniqueness problem,,
UCG Specification v5(1).docx,52,12,Witten: M-theory unifies five theories in 11D,1995,Defense (second revolution),No DER spine equivalent — 11th dimension not derived,SEIT derives geometry from Spec(L); no assumed dimension,,
UCG Specification v5(1).docx,52,13,Maldacena: AdS/CFT correspondence,1997,Defense (holographic),Adjacent to DER-VAR spectral action / boundary theory,AdS/CFT is a duality within SEIT's operator language,,
UCG Specification v5(1).docx,52,14,Dark energy / accelerating expansion discovered,1998,Prosecution (bombshell),DER-TRC-006 (OPEN): Pi_O must accommodate positive Lambda,OPEN — cosmological constant problem shared,,
UCG Specification v5(1).docx,52,15,KKLT mechanism: 10^500 vacuum landscape,2003,Prosecution (decisive),No SEIT equivalent — landscape is substrate proliferation,"SEIT has no landscape: one B, one U_alpha, one attractor",,
UCG Specification v5(1).docx,52,16,Vafa swampland conjectures,2005,Prosecution (injunctions),Swampland tests compatibility of substrate with physics,SEIT avoids by not starting from a substrate,,
UCG Specification v5(1).docx,52,17,LHC: no sparticles found at accessible energies,2010-2024,Prosecution (silence),DER-QR sector: SUSY not required by SEIT,SUSY absence consistent with SEIT — not predicted,,
UCG Specification v5(1).docx,52,18,"IceCube, LUX-ZEPLIN: no WIMP dark matter signal",2015-2025,Prosecution (silence),Adjacent to DER-TRC; dark matter not in SEIT scope yet,PENDING — no SEIT DER entry for dark matter sector,,
UCG Specification v5(1).docx,52,19,Jury: Hung / Mistrial,2025,Neither,The evidentiary gap SEIT addresses,SEIT is the necessity-architecture alternative,,
UCG Specification v5(1).docx,53,1,String Theory: what are the fundamental objects? (substrate-first) SEIT: what constraints must be satisfied for stable structure to persist? (necessity-first),,,,,,
UCG Specification v5(1).docx,54,1,Problem,String Theory Response,SEIT Response,Status,,,
UCG Specification v5(1).docx,54,2,Why this vacuum?,Anthropic principle: we observe the habitable one among 10^500,AU-002: unique G* under substrate minimization; no landscape,AU-002 OPEN — uniqueness proof pending,,,
UCG Specification v5(1).docx,54,3,Why these gauge groups?,Chosen by Calabi-Yau geometry (not derived),THM-ANOM: G_SM derived from anomaly cancellation N_c=3,THM-ANOM CERTIFIED,,,
UCG Specification v5(1).docx,54,4,Why 4 dimensions?,Compactified by Calabi-Yau (patch),DER-GEO-001: D_s=4 from spectral heat trace asymptotics,DER-GEO-001 CERTIFIED,,,
UCG Specification v5(1).docx,54,5,Why these particle masses?,Free parameters fit to experiment,DER (OPEN): m_n = m_0 sqrt(lambda_n) from Spec(L),OPEN — B_Nature identification pending,,,
UCG Specification v5(1).docx,54,6,Why dark energy?,KKLT mechanism (mostly in swampland),DER-TRC-006 (OPEN): Pi_O coupling to cosmological sector,DER-TRC-006 OPEN,,,
UCG Specification v5(1).docx,55,1,Prediction,Value,Refutation Condition,String Theory Equivalent,,,
UCG Specification v5(1).docx,55,2,Persistence Axion mass,m_{aP} = 6.885 x 10^{-13} eV,Any confirmed deviation from this mass refutes the framework,No equivalent single-value prediction; landscape prevents this,,,
UCG Specification v5(1).docx,55,3,Gravitational wave background,f_GW = 166.48 Hz monochromatic,Confirmed flat vacuum at 166.48 Hz refutes the prediction,Primordial GW predictions exist but are not parameter-free,,,
UCG Specification v5(1).docx,55,4,Dwarf spheroidal core radius,"R_c = 120-150 pc in Fornax, Sculptor, Draco",Core above 500 pc or below 10 pc falsifies attractor geometry,No equivalent prediction; dark matter sector uses free parameters,,,
UCG Specification v5(1).docx,56,1,Convergent Conclusion,String Theory Basis,SEIT Basis,,,,
UCG Specification v5(1).docx,56,2,The graviton must be a spin-2 massless particle,Closed string vibrational mode,DER-QR-005 through DER-QR-007: spin recovery from Clifford structure,,,,
UCG Specification v5(1).docx,56,3,Gauge symmetries have a structural origin,Compactification geometry of Calabi-Yau,RK-003: ker(Phi_d) cong Aut_disc(G) semidirect Gauge(P->M),,,,
UCG Specification v5(1).docx,56,4,Gravity and quantum mechanics can be unified,AdS/CFT holographic correspondence,DER-VAR-002: Universal Persistence Field Equation with I_F=0 gives GR geodesic,,,,
UCG Specification v5(1).docx,56,5,Extra computational structure underlies spacetime,M-theory branes; holographic boundary,"B=(U,V,E) bipartite substrate; G* terminal combinatorial object",,,,
UCG Specification v5(1).docx,56,6,The vacuum selection problem is unsolved,Landscape of 10^500 vacua,AU-002 OPEN: B_Nature uniqueness proof pending,,,,
UCG Specification v5(1).docx,56,7,Black hole information is preserved,AdS/CFT boundary theory,DER-QR-001: Hilbert space H from spectral completion; unitary evolution,,,,
UCG Specification v5(1).docx,57,1,Registry,Update,,,,,
UCG Specification v5(1).docx,57,2,NS (Namespace),Add CMRC namespace extension: CMRC-020 through CMRC-031 reserved for string theory recovery entries derived from Final Verdict record,,,,,
UCG Specification v5(1).docx,57,3,UAR (Axiom Registry),"No new axioms. The Final Verdict is external validation context, not a source of axioms.",,,,,
UCG Specification v5(1).docx,57,4,UTR (Theorem Registry),"Record THM-GVH (Groenewold-Van Hove obstruction) as a certified limitation. Record AdS/CFT holographic duality as EXT-ADS-001 (external theorem, not yet internally derived).",,,,,
UCG Specification v5(1).docx,57,5,UPR (Proof Registry),Record string theory as the primary substrate-first comparator program. Its landscape result (10^500 vacua) motivates and contextualizes AU-002 (ARBS Uniqueness Program).,,,,,
UCG Specification v5(1).docx,57,6,Open Obligations (Sec 15),Add PRF-COSMO: the cosmological constant Lambda problem is OPEN in both string theory and SEIT. DER-TRC-006 (Pi_O) is the SEIT entry point for this problem.,,,,,
UCG Specification v5(1).docx,57,7,Sync Ledger (Sec 14),Add The_Final_Verdict_On_The_Theory_Of_Everything.docx as synchronized external validation document.,,,,,
UCG Specification v5(1).docx,58,1,Version,Date,Changes,Document,,,
UCG Specification v5(1).docx,58,2,1.0,June 2026,"Initial DER Registry: 47 entries, 6 branches (SDR, ORG, SPC, VAR, GEO, TD)",DER_Registry.docx,,,
UCG Specification v5(1).docx,58,3,2.0,July 2026,"Expanded to 57 entries, 8 branches. Added GAU and QR. ORG expanded to 10 entries (5 OPEN). Full entry cards with proof obligations.",DER_Registry_v2.docx,,,
UCG Specification v5(1).docx,58,4,3.0,July 2026,"Governance specification. Added 12 registries above DER level (GOV, NS, PRIM, USR, UOR, UOPR, UDR, UAR, UTR, UPR). Integrated Parts I-V from Combined_Compiler_Theories_Final.docx: TOEv, UDP v2.0 Phases 0-XVI, MDCL, CMRC-001..019, VAL-001,004,005, UGAS-MDCL-0001 algebraic foundation. Added T0-T20 Universal Organizational Hierarchy, D1-D27 Derivation Registry, three-class primitive set, Phase XVI integration architecture. Extended spine to 22 nodes. Open proof obligation ledger consolidated.",This document,,,
UCG Specification v5(1).docx,58,5,4.0,July 2026,"ARBS Specification integrated (Phases XXIII-XXV). Added Section 16: Universal Recovery Functor (RF-001 through RF-005 certified), Realization Kernel Classification (RK-001 through RK-003 certified), ARBS Uniqueness Program (AU-001, AU-002 as OPEN). Canonical terminal objects G* and M* added to UOR. Extended spine to ARBS form. CDG and UTR updated. Sync ledger updated.",UCG_Specification_v4.docx,,,
UCG Specification v5(1).docx,58,6,5.0,July 2026,"Final Verdict integration (Section 17). String theory 60-year trial record mapped to DER spine. Barrel Problem formalized as organizational diagnosis. Landscape vs. AU-002 uniqueness compared. Falsifiability asymmetry documented. Three-prediction chain contrasted with 10^500-vacuum landscape. Registry updates: EXT-ADS-001, PRF-COSMO, Sync Ledger updated.",UCG_Specification_v5.docx,,,
UCR UCCP UCA v1(1).docx,1,1,Type,Symbol,Compiler Role,DTC Analogue,Physical Character,,
UCR UCCP UCA v1(1).docx,1,2,Transformation,T,Sets the scale of state change and dynamical propagation,tau (Transformation),"Constants governing how fast, how far, or how strongly states evolve: velocity scales, action scales, force scales",,
UCR UCCP UCA v1(1).docx,1,3,Constraint,K,Encodes boundary conditions restricting which states are accessible,kappa (Constraint),"Constants that function as cutoffs, couplings, or selection rules: cosmological constant, mixing angles, coupling strengths",,
UCR UCCP UCA v1(1).docx,1,4,Persistence,P,Measures or encodes stable organizational configurations and invariants,Pi (Persistence),"Constants characterizing fixed-point attractors: spectral invariants, vacuum expectation values, stable mass ratios",,
UCR UCCP UCA v1(1).docx,1,5,Structural,S,Defines the geometry of the organizational state space,Delta (Distinction),"Constants that measure the metric or information geometry of the state space: organizational metric, identity operators",,
UCR UCCP UCA v1(1).docx,2,1,Primitives < Physical Roots < Derived Constants < Dimensionless < UCCP Types < Operator Certification < Domain Implementation The seven-level constant dependency hierarchy. Every constant in the UCR locates at exactly one level. Root constants are admitted without derivation; derived constants require certified MDCL chains.,,,,,,
UCR UCCP UCA v1(1).docx,3,1,"( sigma, delta, tau_c, D, X, I ) sigma = compiler type (T/K/P/S). delta = dependency level (0=root, 1=first-order derived, ...). tau_c = certifying DER entry or OPEN. D = dimensional analysis string. X = experimental value with units. I = invariance group (the symmetry preserved by this constant).",,,,,,
UCR UCCP UCA v1(1).docx,4,1,T — TRANSFORMATION,,,,,,
UCR UCCP UCA v1(1).docx,5,1,PHYS-001 c T,"Meaning: Speed of light in vacuum Primitive: Yes — Root | Dependency: None Status: CANDIDATE Derivation / Notes: Sets the scale of relativistic dynamical propagation. Recovered in DER-GEO-001 as the limiting velocity in the spectral metric. DER-OPEN-005: c = f_1(rho_k) from Seeley-DeWitt fixed-point ratios. UCA node: (T, 0, OPEN, [L T^{-1}], 2.998e8 m/s, Lorentz group)",,,,,
UCR UCCP UCA v1(1).docx,6,1,PHYS-002 hbar T,"Meaning: Reduced Planck constant Primitive: Yes — Root | Dependency: None Status: CANDIDATE Derivation / Notes: Sets the scale of quantum action. Recovered as the quantization unit in DER-QR-002 (Schrodinger equation). DER-OPEN-005: hbar = f_3(rho_k) from Seeley-DeWitt ratios. UCA node: (T, 0, OPEN, [M L^2 T^{-1}], 1.055e-34 J*s, U(1) phase)",,,,,
UCR UCCP UCA v1(1).docx,7,1,PHYS-003 G T,"Meaning: Newton gravitational constant Primitive: Yes — Root | Dependency: None Status: CANDIDATE Derivation / Notes: Sets the scale of gravitational coupling. Appears in DER-VAR-005 (Einstein field equations). DER-OPEN-005: G = f_2(rho_k) from Seeley-DeWitt ratios. UCA node: (T, 0, OPEN, [M^{-1} L^3 T^{-2}], 6.674e-11 m^3 kg^{-1} s^{-2}, Diffeomorphism group)",,,,,
UCR UCCP UCA v1(1).docx,8,1,PHYS-004 e T,"Meaning: Elementary charge Primitive: Yes — Root | Dependency: None Status: CANDIDATE Derivation / Notes: Sets the scale of electromagnetic coupling. Appears in DER-GAU-001 (gauge connection). UCA node: (T, 0, OPEN, [A T], 1.602e-19 C, U(1)_EM)",,,,,
UCR UCCP UCA v1(1).docx,9,1,PHYS-005 k_B T,"Meaning: Boltzmann constant Primitive: Yes — Root | Dependency: None Status: CANDIDATE Derivation / Notes: Sets the scale of thermal fluctuations relative to mechanical energy. Appears in DER-TRC-002 (entropy S = k_B ln W). UCA node: (T, 0, OPEN, [M L^2 T^{-2} K^{-1}], 1.381e-23 J/K, Thermal symmetry group)",,,,,
UCR UCCP UCA v1(1).docx,10,1,PHYS-006 eps_0 T,"Meaning: Vacuum permittivity Primitive: Yes — Root | Dependency: None Status: CANDIDATE Derivation / Notes: Sets the dielectric scale of free space. Related to c and mu_0 by eps_0 = 1/(mu_0 c^2). UCA node: (T, 0, OPEN, [A^2 T^4 M^{-1} L^{-3}], 8.854e-12 F/m, U(1)_EM)",,,,,
UCR UCCP UCA v1(1).docx,11,1,PHYS-007 mu_0 T,"Meaning: Vacuum permeability Primitive: Yes — Root | Dependency: None Status: CANDIDATE Derivation / Notes: Sets the magnetic scale of free space. Related to eps_0 and c by mu_0 = 1/(eps_0 c^2). AUDIT: With fixed c (via SI definition), mu_0 may be derived from eps_0 and c rather than being independent. UCA node: (T, 0, OPEN-AUDIT, [M L T^{-2} A^{-2}], 1.257e-6 H/m, U(1)_EM)",,,,,
UCR UCCP UCA v1(1).docx,12,1,K — CONSTRAINT,,,,,,
UCR UCCP UCA v1(1).docx,13,1,PHYS-008 Lambda K,"Meaning: Cosmological constant Primitive: Yes — Root | Dependency: None Status: CANDIDATE Derivation / Notes: Governs the vacuum energy density driving accelerated expansion. Appears in Einstein equations as G_{mu nu} + Lambda g_{mu nu} = 8piG T_{mu nu}. Shared open problem with string theory (DER-TRC-006, PRF-COSMO). UCA node: (K, 0, OPEN, [L^{-2}], ~1.1e-52 m^{-2}, Diffeomorphism group)",,,,,
UCR UCCP UCA v1(1).docx,14,1,AUDIT REQUIRED,,,,,,
UCR UCCP UCA v1(1).docx,15,1,PHYS-009 alpha K,"Meaning: Fine-structure constant Primitive: No — Derived | Dependency: e, hbar, c, eps_0 Status: AUDIT REQUIRED Derivation / Notes: alpha = e^2 / (4 pi eps_0 hbar c) ~ 1/137. Dimensionless. If e, hbar, c, eps_0 are all root constants, alpha is a first-order derived constant. UCCP type K is proposed because alpha functions as a coupling strength (constraint on EM interaction). UCA node: (K, 1, OPEN, dimensionless, 7.297e-3, U(1)_EM)",,,,,
UCR UCCP UCA v1(1).docx,16,1,PHYS-010 m_P T,"Meaning: Planck mass Primitive: No — Derived | Dependency: G, hbar, c Status: AUDIT REQUIRED Derivation / Notes: m_P = sqrt(hbar c / G). Derived from three root constants. Type T because it sets the energy scale of quantum gravity — a dynamical threshold. UCA node: (T, 1, OPEN, [M], 2.176e-8 kg, Diffeomorphism group)",,,,,
UCR UCCP UCA v1(1).docx,17,1,PHYS-011 v_H P,"Meaning: Higgs vacuum expectation value Primitive: Yes — Root (pending audit) | Dependency: None Status: AUDIT REQUIRED Derivation / Notes: v_H ~ 246 GeV. The vev at which the Higgs field settles after spontaneous symmetry breaking. UCCP type P proposed because it characterizes a persistent organizational attractor (the electroweak vacuum). Whether it is truly a root or derivable from deeper Lagrangian parameters is under audit. UCA node: (P, 0-or-1, OPEN, [M L^2 T^{-2}], 246 GeV, SU(2)_L x U(1)_Y)",,,,,
UCR UCCP UCA v1(1).docx,18,1,PHYS-012 m_e P,"Meaning: Electron mass Primitive: Yes — Root (pending audit) | Dependency: None Status: AUDIT REQUIRED Derivation / Notes: m_e = 9.109e-31 kg. Root in Standard Model (Yukawa coupling parameter). SEIT derivation target: m_e = m_0 sqrt(lambda_e) from DER-QR spectrum, where lambda_e is the electron eigenvalue of L. If this derivation is completed, m_e becomes a derived constant. UCA node: (P, 0-or-1, OPEN, [M], 9.109e-31 kg, Lorentz group)",,,,,
UCR UCCP UCA v1(1).docx,19,1,PHYS-013 m_p/m_e P,"Meaning: Proton-electron mass ratio Primitive: No — Derived | Dependency: m_p, m_e Status: AUDIT REQUIRED Derivation / Notes: m_p/m_e ~ 1836.15. Dimensionless ratio. Type P because it characterizes the relative persistence costs of two stable organizational attractors. Derivation target: ratio of eigenvalues lambda_p / lambda_e from Spec(L). UCA node: (P, 2, OPEN, dimensionless, 1836.15, Lorentz group)",,,,,
UCR UCCP UCA v1(1).docx,20,1,PHYS-014 alpha_s K,"Meaning: Strong coupling constant Primitive: Yes — Root | Dependency: None Status: AUDIT REQUIRED Derivation / Notes: alpha_s(M_Z) ~ 0.118. Governs QCD interaction strength. Type K because it constrains which quark configurations persist. Runs with energy scale (RG flow: DER in UTR as asymptotic safety). UCA node: (K, 0, OPEN, dimensionless, 0.118 at M_Z, SU(3)_color)",,,,,
UCR UCCP UCA v1(1).docx,21,1,PHYS-015 g_W K,"Meaning: Weak coupling constant Primitive: Yes — Root | Dependency: None Status: AUDIT REQUIRED Derivation / Notes: g_W ~ 0.653 (at M_Z). Governs electroweak interaction strength. Type K. Related to alpha and Weinberg angle: g_W = e / sin(theta_W). UCA node: (K, 0-or-1, OPEN, dimensionless, 0.653, SU(2)_L)",,,,,
UCR UCCP UCA v1(1).docx,22,1,PHYS-016 theta_W K,"Meaning: Weinberg angle Primitive: Yes — Root | Dependency: None Status: AUDIT REQUIRED Derivation / Notes: sin^2(theta_W) ~ 0.231 at M_Z. Mixes SU(2)_L and U(1)_Y to give the physical Z and gamma bosons. Type K because it sets the constraint angle governing electroweak symmetry breaking. UCA node: (K, 0-or-1, OPEN, dimensionless, sin^2=0.231, SU(2)_L x U(1)_Y)",,,,,
UCR UCCP UCA v1(1).docx,23,1,ID,Symbol,Meaning,Proposed Type,Organizational Role,UCA 6-tuple,
UCR UCCP UCA v1(1).docx,23,2,COMP-001,Gamma,Organizational action functional,T,Implements the DTC composition Gamma = C o T o D. Sets the scale of one organizational iteration cycle.,"(T, 0, DER-ORG-002, dimensionless-functional, —, DTC composition symmetry)",
UCR UCCP UCA v1(1).docx,23,3,COMP-002,Pi,Persistence functional,P,Maps organizational states to their persistence measure. Pi = lim Gamma^n Psi_0. Spectral fixed point.,"(P, 1, DER-ORG-003, dimensionless, Omega, Attractor symmetry group)",
UCR UCCP UCA v1(1).docx,23,4,COMP-003,Phi,Phase operator / organizational potential,T,Encodes the organizational potential difference driving Transformation. Physical realization: thermodynamic gradient nabla Phi.,"(T, 0, DER-TRC (TNDS Bridge), [variable], nabla Phi, Gauge symmetry group)",
UCR UCCP UCA v1(1).docx,23,5,COMP-004,V_O,Organizational vacuum functional,P,Encodes the ground-state organizational configuration — the lowest-energy persistent attractor. Analogous to Higgs vev in physical sector.,"(P, 1, OPEN, dimensionless-functional, Sigma_equilibrium, Attractor symmetry)",
UCR UCCP UCA v1(1).docx,23,6,COMP-005,chi_vac,Vacuum response tensor,K,Describes how the organizational vacuum responds to perturbation. Constrains which fluctuations above the vacuum can persist.,"(K, 1, OPEN, [variable], —, Lorentz group)",
UCR UCCP UCA v1(1).docx,23,7,COMP-006,gamma,Organizational growth parameter,AUDIT,Governs the rate of organizational complexity increase in the NEDS regime. Physical realization: dPi_O/dt. Type pending DER-ORG-007 (Pi_O derivation).,"(AUDIT, 1, OPEN, [T^{-1}], —, NEDS attractor group)",
UCR UCCP UCA v1(1).docx,23,8,COMP-007,d_O,Organizational metric constant,S,Sets the unit of Connes spectral distance on the space of description algebras. Governs how different two organizational configurations are.,"(S, 0, DER-ORG-003 via Banach, dimensionless, 1, Isometry group of (L,d))",
UCR UCCP UCA v1(1).docx,23,9,COMP-008,I_C,Compiler identity,S,The identity morphism of the organizational grammar. Ensures that a null DTC cycle maps any state to itself: I_C(Psi) = Psi.,"(S, 0, DER-ORG-002 (closure), dimensionless, id, All symmetry groups)",
UCR UCCP UCA v1(1).docx,24,1,Symbol,Meaning,Proposed Type,DER Entry,UCA 6-tuple,,
UCR UCCP UCA v1(1).docx,24,2,L,"Graph Laplacian (operator, not constant)",S,DER-SPC-002,"(S, 1, DER-SPC-002, —, Spec(L), Graph automorphism group)",,
UCR UCCP UCA v1(1).docx,24,3,"Spec(L)={lambda_n,phi_n}",Spectral invariant of L,P,DER-SPC-003,"(P, 1, DER-SPC-003, dimensionless, {lambda_n}, Spectral symmetry group)",,
UCR UCCP UCA v1(1).docx,24,4,lambda_c,Persistence cutoff eigenvalue,K,DER-SPC-005,"(K, 1, DER-SPC-005, dimensionless, lambda_c, Threshold group)",,
UCR UCCP UCA v1(1).docx,24,5,beta,Inverse temperature of persistence filter R=exp(-beta L),K,DER-SPC-005,"(K, 0, DER-SPC-005, [E^{-1}], beta, Thermal symmetry)",,
UCR UCCP UCA v1(1).docx,24,6,D=sqrt(L),Dirac operator (organizational),T,DER-QR-006,"(T, 2, DER-QR-006, [L^{-1}], Spec(D), Clifford symmetry)",,
UCR UCCP UCA v1(1).docx,24,7,g_O = g_{mu nu},Organizational metric (spectral formula),S,DER-GEO-001,"(S, 2, DER-GEO-001, [dimensionless], g_{mu nu}, Diffeomorphism group)",,
UCR UCCP UCA v1(1).docx,24,8,nabla_O,Canonical Levi-Civita connection,T,DER-GEO-002,"(T, 3, DER-GEO-002, [L^{-1}], Gamma^c_{ab}, Diffeomorphism group)",,
UCR UCCP UCA v1(1).docx,24,9,N_sub,Spectral trace dimension from CMB,P,SEIT predictions (Section 13 of UCG v5),"(P, 1, CMB lock, dimensionless, 4.7619, CMB symmetry group)",,
UCR UCCP UCA v1(1).docx,24,10,m_{aP},Persistence Axion mass (parameter-free prediction),P,SEIT predictions,"(P, 2, n_s lock, [M], 6.885e-13 eV, U(1)_axion)",,
UCR UCCP UCA v1(1).docx,25,1,Symbol,Compiler Meaning,Type,UCA Position,Notes,,
UCR UCCP UCA v1(1).docx,25,2,Delta (D),Distinction — generate a boundary separating inside from outside,PRIMITIVE,"Level 0, root of all",No numerical value. Organizational act. Realized as nabla Phi in thermodynamics.,,
UCR UCCP UCA v1(1).docx,25,3,T / tau,Transformation — change state while preserving identity,PRIMITIVE,"Level 0, root of all",No numerical value. Organizational act. Realized as flux J in thermodynamics.,,
UCR UCCP UCA v1(1).docx,25,4,C / kappa,Constraint — restrict the space of admissible next states,PRIMITIVE,"Level 0, root of all",No numerical value. Organizational act. Realized as boundary conditions in TNDS.,,
UCR UCCP UCA v1(1).docx,25,5,Pi,Persistence — survive repeated application of the environmental decoherence operator,PRIMITIVE,"Level 0, root of all",No numerical value. Organizational property. Realized as dissipative structure in TNDS.,,
UCR UCCP UCA v1(1).docx,26,1,PHYS-001 c,,,,,,
UCR UCCP UCA v1(1).docx,26,2,"( T, 0, OPEN, [L T^{-1}], 2.998e8 m/s, Lorentz group ) Edges: None — root. Derivation target: DER-OPEN-005 (c = f_1(rho_k))",,,,,,
UCR UCCP UCA v1(1).docx,27,1,PHYS-002 hbar,,,,,,
UCR UCCP UCA v1(1).docx,27,2,"( T, 0, OPEN, [M L^2 T^{-1}], 1.055e-34 J*s, U(1) phase ) Edges: None — root. Derivation target: DER-OPEN-005 (hbar = f_3(rho_k))",,,,,,
UCR UCCP UCA v1(1).docx,28,1,PHYS-003 G,,,,,,
UCR UCCP UCA v1(1).docx,28,2,"( T, 0, OPEN, [M^{-1} L^3 T^{-2}], 6.674e-11 SI, Diffeomorphism ) Edges: None — root. Derivation target: DER-OPEN-005 (G = f_2(rho_k))",,,,,,
UCR UCCP UCA v1(1).docx,29,1,PHYS-004 e,,,,,,
UCR UCCP UCA v1(1).docx,29,2,"( T, 0, OPEN, [A T], 1.602e-19 C, U(1)_EM ) Edges: None — root. Related: PHYS-009 (alpha derived from e, hbar, c, eps_0)",,,,,,
UCR UCCP UCA v1(1).docx,30,1,PHYS-005 k_B,,,,,,
UCR UCCP UCA v1(1).docx,30,2,"( T, 0, OPEN, [M L^2 T^{-2} K^{-1}], 1.381e-23 J/K, Thermal symmetry ) Edges: None — root. Appears in DER-TRC-002 (entropy S = k_B ln W)",,,,,,
UCR UCCP UCA v1(1).docx,31,1,PHYS-008 Lambda,,,,,,
UCR UCCP UCA v1(1).docx,31,2,"( K, 0, OPEN, [L^{-2}], ~1.1e-52 m^{-2}, Diffeomorphism ) Edges: None — root. Shared open problem PRF-COSMO. Related: DER-TRC-006 (Pi_O)",,,,,,
UCR UCCP UCA v1(1).docx,32,1,PHYS-009 alpha,,,,,,
UCR UCCP UCA v1(1).docx,32,2,"( K, 1, OPEN, dimensionless, 7.297e-3, U(1)_EM ) Edges: PHYS-004 (e), PHYS-002 (hbar), PHYS-001 (c), PHYS-006 (eps_0) via alpha = e^2/(4pi eps_0 hbar c)",,,,,,
UCR UCCP UCA v1(1).docx,33,1,PHYS-010 m_P,,,,,,
UCR UCCP UCA v1(1).docx,33,2,"( T, 1, OPEN, [M], 2.176e-8 kg, Diffeomorphism ) Edges: PHYS-003 (G), PHYS-002 (hbar), PHYS-001 (c) via m_P = sqrt(hbar c / G)",,,,,,
UCR UCCP UCA v1(1).docx,34,1,COMP-002 Pi (persistence functional),,,,,,
UCR UCCP UCA v1(1).docx,34,2,"( P, 1, DER-ORG-003, dimensionless-functional, Omega (master attractor), Attractor symmetry ) Edges: COMP-001 (Gamma) via Pi = lim_{n->inf} Gamma^n Psi_0. Certified by Banach FPT.",,,,,,
UCR UCCP UCA v1(1).docx,35,1,SPEC-lambda_c lambda_c (persistence cutoff),,,,,,
UCR UCCP UCA v1(1).docx,35,2,"( K, 1, DER-SPC-005, dimensionless, lambda_c, Threshold group ) Edges: DER-SPC-003 (Spec(L)) via definition of persistence sector Pi = {phi_n : lambda_n < lambda_c}",,,,,,
UCR UCCP UCA v1(1).docx,36,1,PHYS-N_sub N_sub (spectral trace dimension),,,,,,
UCR UCCP UCA v1(1).docx,36,2,"( P, 1, CMB lock n_s=0.965, dimensionless, 4.7619, CMB symmetry ) Edges: PHYS-001 (c) and CMB observations via n_s = 1 - 2/N_sub. Locked by Planck 2018.",,,,,,
UCR UCCP UCA v1(1).docx,37,1,GEO-g_{ab} g_{ab} (spectral metric),,,,,,
UCR UCCP UCA v1(1).docx,37,2,"( S, 2, DER-GEO-001, dimensionless, g_{ab}(x), Diffeomorphism group ) Edges: DER-SPC-003 (Spec(L)) via g_{ab} = sum_k lambda_k^{-1} d_a phi_k d_b phi_k",,,,,,
UCR UCCP UCA v1(1).docx,38,1,QR-D D (Dirac operator),,,,,,
UCR UCCP UCA v1(1).docx,38,2,"( T, 2, DER-QR-006, [L^{-1}], Spec(D), Clifford symmetry ) Edges: DER-SPC-002 (L) via D = sqrt(L); DER-GAU-003 (covariant derivative)",,,,,,
UCR UCCP UCA v1(1).docx,39,1,PHYS-m_{aP} m_{aP} (Persistence Axion),,,,,,
UCR UCCP UCA v1(1).docx,39,2,"( P, 2, SEIT predictions, [M], 6.885e-13 eV, U(1)_axion ) Edges: PHYS-N_sub (4.7619) and PHYS (Lambda_QCD, M_Pl) via m_{aP} = Lambda^2_QCD / (N_sub * M_Pl)",,,,,,
UCR UCCP UCA v1(1).docx,40,1,GEO-Gamma^c Gamma^c_{ab} (Christoffel symbols),,,,,,
UCR UCCP UCA v1(1).docx,40,2,"( T, 3, DER-GEO-002, [L^{-1}], Gamma^c_{ab}, Diffeomorphism group ) Edges: GEO-g_{ab} (level 2) via Gamma^c_{ab} = (1/2) g^{cd}(d_a g_{bd} + ...)",,,,,,
UCR UCCP UCA v1(1).docx,41,1,PHYS-m_p/m_e m_p/m_e (mass ratio),,,,,,
UCR UCCP UCA v1(1).docx,41,2,"( P, 3, OPEN (target: Spec(L)), dimensionless, 1836.15, Lorentz group ) Edges: PHYS-012 (m_e) and m_p (root or derived) via ratio. SEIT target: lambda_p / lambda_e from Spec(L)",,,,,,
UCR UCCP UCA v1(1).docx,42,1,Compiler Type,Candidate Members,Physical Interpretation,SEIT Connection,,,
UCR UCCP UCA v1(1).docx,42,2,Transformation (T),"c, hbar, G, e, k_B, eps_0, mu_0, Gamma, Phi, D=sqrt(L), nabla_O, m_P","Sets the scale of dynamical evolution, propagation, and coupling. The 'how fast and how strongly' constants.","DER-VAR-002 (field equation) encodes the T constants as the coefficients of the kinetic and coupling terms. DER-OPEN-005 targets deriving c, G, hbar from Seeley-DeWitt fixed points.",,,
UCR UCCP UCA v1(1).docx,42,3,Constraint (K),"Lambda, alpha, alpha_s, g_W, theta_W, chi_vac, lambda_c, beta",Governs boundary conditions on accessible states. The 'what is allowed' constants.,"DER-SPC-005 (persistence cutoff lambda_c), DER-GAU-004 (Yang-Mills coupling). Lambda is the open cosmological constant problem (PRF-COSMO).",,,
UCR UCCP UCA v1(1).docx,42,4,Persistence (P),"Pi, V_O, Spec(L), N_sub, m_{aP}, m_e, m_p/m_e, v_H",Characterizes stable organizational attractors and their properties. The 'what survives' constants.,"DER-ORG-003 (persistence fixed point), DER-SPC-003 (spectral invariant). SEIT derives m_n = m_0 sqrt(lambda_n) — all mass constants are P-type targets.",,,
UCR UCCP UCA v1(1).docx,42,5,Structural (S),"g_O, d_O, I_C, L (as operator), Gamma^c_{ab}",Defines the geometry and metric of the organizational state space. The 'what shape is the space' constants.,"DER-GEO-001 (spectral metric), DER-GEO-002 (connection). These are not numerical constants but structural objects that encode the shape of the derivation manifold.",,,
UCR UCCP UCA v1(1).docx,43,1,ID,Symbol,Audit Question,Resolution Path,Priority,,
UCR UCCP UCA v1(1).docx,43,2,PHYS-007,mu_0,"With c fixed by SI definition, is mu_0 independent of eps_0 and c, or derived via mu_0 = 1/(eps_0 c^2)?","Check SI 2019 redefinition: mu_0 is now defined, not measured. Record as derived if so.",High — affects whether PHYS-007 is root or level-1,,
UCR UCCP UCA v1(1).docx,43,3,PHYS-011,v_H,Is the Higgs vev a root constant or derivable from the Higgs quartic coupling lambda_H and other SM parameters?,"SM Lagrangian analysis: v = mu / sqrt(lambda_H). If mu and lambda_H are roots, v_H is derived.",High — affects electroweak sector derivation chain,,
UCR UCCP UCA v1(1).docx,43,4,PHYS-012,m_e,Is m_e a root (Yukawa coupling y_e times v_H) or derivable from Spec(L) via m_e = m_0 sqrt(lambda_e)?,Requires DER-OPEN-005 and B_Nature identification. Long-term SEIT target.,"Medium — SEIT derivation target, currently root",,
UCR UCCP UCA v1(1).docx,43,5,PHYS-015,g_W,"Is g_W independent of alpha and theta_W, or derivable via g_W = e / sin(theta_W)?","Check: g_W = e / sin(theta_W). If e and theta_W are roots, g_W is derived.",High — may reduce root count by one,,
UCR UCCP UCA v1(1).docx,43,6,COMP-006,gamma,What is the compiler type of the organizational growth parameter? T (rate of transformation) or P (persistence growth)?,Requires DER-ORG-007 (Pi_O derivation). gamma = dPi_O/dt in NEDS regime.,Medium — depends on OPEN Pi_O derivation,,
UCR UCCP UCA v1(1).docx,43,7,PHYS-013,m_p/m_e,Should this be expressed as a ratio (derived) or should m_p be registered as an independent root?,Register m_p (PHYS-012b) as a root P-type constant. m_p/m_e is then a level-2 derived P constant.,Low — bookkeeping,,
UCR UCCP UCA v1(1).docx,44,1,UCA Goal,Blocked By,DER Registry Entry,What Closure Achieves,,,
UCR UCCP UCA v1(1).docx,44,2,"Derive c, G, hbar from Seeley-DeWitt fixed points",No explicit computation of fixed-point functions f_k,DER-OPEN-005,"Reclassifies PHYS-001, PHYS-002, PHYS-003 from root (level 0) to derived (level 1). Reduces the primitive physical content of the framework to the spectral structure of B.",,,
UCR UCCP UCA v1(1).docx,44,3,"Derive m_e, m_p from Spec(L)",B_Nature not identified; DER-OPEN-006,DER-OPEN-006 (B_Nature),Reclassifies PHYS-012 and m_p from root (P-type level 0) to derived (P-type level 2). Mass spectrum becomes a prediction.,,,
UCR UCCP UCA v1(1).docx,44,4,Derive alpha from UCCP structure,alpha = e^2/(4pi eps_0 hbar c) — depends on four roots,"If e, hbar, c, eps_0 all become derived, alpha becomes level-2. Otherwise remains level-1.",Closes the fine-structure constant as a derived quantity if the root constants are all derived from Seeley-DeWitt.,,,
UCR UCCP UCA v1(1).docx,44,5,Derive Lambda (cosmological constant),Pi_O derivation incomplete; PRF-COSMO,DER-TRC-006 (Pi_O),"If Pi_O couples to Lambda through the organizational persistence of the vacuum sector, Lambda becomes a derived K-type constant rather than a root.",,,
UCR UCCP UCA v1(1).docx,44,6,Complete UCCP type certification,"Dependency predicates T, K, P, S not yet formally defined as operations",UCCP v1.1 is CANDIDATE status,Formalizes the type assignment as a computable operation. UCCP v2.0 would compute organizational types directly from the compiler's dependency structure.,,,
UCR UCCP UCA v1(1).docx,45,1,"UCA completion <=> DER-OPEN-005 + DER-OPEN-006 + DER-TRC-006 closed The three open DER entries that, when closed, would reclassify the physical root constants as derived quantities and complete the Universal Constant Atlas.",,,,,,
UCR UCCP UCA v1(1).docx,46,1,UCG Registry,UCR / UCA Contribution,,,,,
UCR UCCP UCA v1(1).docx,46,2,USR (Symbol Registry),"Add USR entries for all 16 PHYS constants, 8 COMP constants, and 9 spectral/geometric constants. Update existing USR-024 (Pi_O) with UCA 6-tuple.",,,,,
UCR UCCP UCA v1(1).docx,46,3,UOR (Object Registry),Add UCA dependency graph as OBJ-UCA-001. The graph is itself a certified mathematical object: a directed acyclic graph with nodes indexed by UCR entries and edges indexed by DER entries.,,,,,
UCR UCCP UCA v1(1).docx,46,4,UAR (Axiom Registry),"Add AX-UCCP-001: every constant in the framework has a unique UCCP type from {T, K, P, S, PRIM}. This axiom prevents type ambiguity.",,,,,
UCR UCCP UCA v1(1).docx,46,5,UTR (Theorem Registry),Add THM-UCCP-001: the UCCP type of a derived constant is computable from the types of its predecessors via the type-propagation rule (to be defined in UCCP v2.0).,,,,,
UCR UCCP UCA v1(1).docx,46,6,DER Registry,"The UCA audit program identifies five new OPEN DER targets: c, G, hbar derivation (DER-OPEN-005); m_e, m_p derivation (DER-OPEN-006); Lambda derivation (DER-TRC-006); mu_0 audit; v_H audit.",,,,,
UCR UCCP UCA v1(1).docx,46,7,Open Obligations (UCG §15),Add PRF-UCR-001 through PRF-UCR-005 for the five audit items. Add PRF-UCCP-001 for the type-propagation theorem.,,,,,
UCR UCCP UCA v1(1).docx,46,8,Sync Ledger (UCG §14),Add UCR_UCCP_UCA_v1.docx as synchronized companion document.,,,,,
UQR UCA v2(1).docx,1,1,Primitive < Quantity < Constant < Operator < Equation < Theorem < Compiler The seven-layer compiler ontology. Each layer has a distinct role. Quantities are what is measured. Constants govern measurements. Operators transform quantities. Equations relate quantities via constants. Theorems certify equations.,,,,,,
UQR UCA v2(1).docx,2,1,Layer,Object Class,Question Answered,Examples,,,
UQR UCA v2(1).docx,2,2,Primitive,"{Delta, tau, kappa, Pi}",What are the irreducible organizational operations?,"Distinction, Transformation, Constraint, Persistence",,,
UQR UCA v2(1).docx,2,3,Quantity,"Q = (sigma, T_Q, U, D, C, O, I)",What is being measured or computed?,"Mass, Energy, Charge, Action, Rate, Information",,,
UQR UCA v2(1).docx,2,4,Constant,"(sigma, delta, tau_c, D, X, I, P, C, A)",What fixed parameters govern the quantities?,"c, hbar, G, e, k_B, Lambda, alpha",,,
UQR UCA v2(1).docx,2,5,Operator,O: Q -> Q' with domain and codomain,How do quantities change or relate?,"nabla, L, R = exp(-beta L), Gamma = C o T o D",,,
UQR UCA v2(1).docx,2,6,Equation,"Relation among quantities, constants, operators",What are the precise relationships?,"G_{ab} = 8pi G T_{ab}, L phi = lambda phi",,,
UQR UCA v2(1).docx,2,7,Theorem,Certified equation with proof,Which relationships are necessary consequences of the axioms?,"THM-EL, THM-ANOM, THM-UCCP-001",,,
UQR UCA v2(1).docx,2,8,Compiler,"Full dependency DAG: G_C = (V_C, E_C)",What is the complete executable knowledge graph?,The UCA as a traversable directed acyclic graph,,,
UQR UCA v2(1).docx,3,1,"Q = ( sigma, T_Q, U, D, C, O, I ) sigma = symbol. T_Q = quantity class. U = physical dimensions. D = dependencies (prior quantities). C = governing constants. O = governing operators. I = invariance certificate.",,,,,,
UQR UCA v2(1).docx,4,1,Class Code,Class Name,Compiler Role,Representative Quantities,,,
UQR UCA v2(1).docx,4,2,MASS,Mass,Measures persistence cost against decoherence background,"m, m_e, m_p, M, m_P, m_{aP}",,,
UQR UCA v2(1).docx,4,3,ENER,Energy,Measures capacity for Transformation,"E, U, F, H, E_kin, E_pot, E_vac, E_org",,,
UQR UCA v2(1).docx,4,4,CHRG,Charge,Measures coupling strength to gauge field (Constraint class),"q, e, Q_color, Q_weak, Q_org",,,
UQR UCA v2(1).docx,4,5,MOM,Momentum,Measures directed state change (first moment of Transformation),"p, P, L_ang, S_spin",,,
UQR UCA v2(1).docx,4,6,ACT,Action,Measures the integrated cost of a Transformation trajectory,"S, hbar, C_Pi[y]",,,
UQR UCA v2(1).docx,4,7,LEN,Length,Measures spatial extent of Distinction boundaries,"L, r, ell, lambda, d(i,j)",,,
UQR UCA v2(1).docx,4,8,TIME,Time,Measures the sequence parameter of Transformation,"t, tau, T, t_P",,,
UQR UCA v2(1).docx,4,9,RATE,Rate,Measures the speed of organizational change,"Gamma (decay), gamma (growth), H (expansion), k (reaction), dI/dt, dPi_O/dt",,,
UQR UCA v2(1).docx,4,10,PROB,Probability,Measures the likelihood of a Persistence attractor,"P, rho, |psi|^2, mu(Pi)",,,
UQR UCA v2(1).docx,4,11,INFO,Information,Measures the organizational complexity of a state,"H (entropy), I (Fisher), D_KL, S (von Neumann)",,,
UQR UCA v2(1).docx,4,12,CURV,Curvature,Measures the deviation of the organizational metric from flat,"R, R_{ab}, G_{ab}, K_t, D_s",,,
UQR UCA v2(1).docx,4,13,FILD,Field,Measures the value of an organizational potential at each point,"E, B, phi, psi, A_mu, F_{ab}",,,
UQR UCA v2(1).docx,4,14,DENS,Density,Measures organizational quantity per unit volume,"rho, n, T_{ab}, J_mu",,,
UQR UCA v2(1).docx,4,15,FLUX,Flux,Measures the flow of organizational quantity across a boundary,"J_q, J_m, J_e, J_O, Phi_boundary",,,
UQR UCA v2(1).docx,4,16,ORG,Organizational,Compiler-specific quantities with no classical physical analogue,"Pi_O, Omega (attractor), alpha (control param), Spec(L)",,,
UQR UCA v2(1).docx,5,1,MASS — QUANTITIES MEASURING PERSISTENCE COST,,,,,,
UQR UCA v2(1).docx,6,1,ID,Symbol,Meaning,Units (U),Governing Constants (C),Governing Operators (O),Invariance (I)
UQR UCA v2(1).docx,6,2,MAS-001,m,Generic mass,kg,"c, G, hbar",m = E/c^2; m = p_mu p^mu / c^2,Lorentz group
UQR UCA v2(1).docx,6,3,MAS-002,m_e,Electron mass,kg,"hbar, c, G (via Planck), v_H, y_e",m_e = y_e v_H / sqrt(2) OR m_e = m_0 sqrt(lambda_e),Lorentz group
UQR UCA v2(1).docx,6,4,MAS-003,m_p,Proton mass,kg,"hbar, c, Lambda_QCD",m_p ~ Lambda_QCD / c^2 (QCD confinement),"Lorentz group, SU(3)_color"
UQR UCA v2(1).docx,6,5,MAS-004,M,General body mass,kg,G,F = GMm/r^2 (Newtonian); T_{00} (relativistic),Diffeomorphism group
UQR UCA v2(1).docx,6,6,MAS-005,m_P,Planck mass,kg,"G, hbar, c",m_P = sqrt(hbar c / G),Diffeomorphism group
UQR UCA v2(1).docx,6,7,MAS-006,m_{aP},Persistence Axion mass,eV/c^2,"N_sub, Lambda_QCD, M_Pl",m_{aP} = Lambda^2_QCD / (N_sub * M_Pl),U(1)_axion
UQR UCA v2(1).docx,7,1,ENER — QUANTITIES MEASURING TRANSFORMATION CAPACITY,,,,,,
UQR UCA v2(1).docx,8,1,ID,Symbol,Meaning,Units,Governing Constants,SEIT Connection,
UQR UCA v2(1).docx,8,2,EN-001,E_rest,Rest energy: E = mc^2,J,"c, m",Appears in DER-GEO-001 (spectral metric); m_n = m_0 sqrt(lambda_n) gives E_n = m_n c^2,
UQR UCA v2(1).docx,8,3,EN-002,E_kin,Kinetic energy: T = p^2/2m (NR),J,m,Appears in DER-VAR-003 (Legendre transform); Hamiltonian kinetic sector,
UQR UCA v2(1).docx,8,4,EN-003,E_pot,Potential energy: V = -GMm/r,J,"G, M, m",Appears in DER-VAR-001 (Persistence Cost Functional); potential sector,
UQR UCA v2(1).docx,8,5,EN-004,E_therm,Thermal energy: E = k_B T,J,k_B,Appears in DER-TRC-002 (entropy); k_B T sets the thermal fluctuation scale,
UQR UCA v2(1).docx,8,6,EN-005,E_vac,Vacuum energy density: rho_Lambda = Lambda c^4 / 8piG,J/m^3,"Lambda, c, G",DER-TRC-006 (OPEN): Pi_O must accommodate positive Lambda,
UQR UCA v2(1).docx,8,7,EN-006,E_org,Organizational energy: cost of one DTC cycle,Compiler,"Gamma, Pi",C_Pi[y] = INT(g_{ab} y'_a y'_b + 2 I_F)dt — the persistence cost functional VAR-001,
UQR UCA v2(1).docx,9,1,RATE — QUANTITIES MEASURING SPEED OF ORGANIZATIONAL CHANGE,,,,,,
UQR UCA v2(1).docx,10,1,ID,Symbol,Meaning,Units,Formula,SEIT / DER Connection,
UQR UCA v2(1).docx,10,2,RT-001,Gamma_decay,Decay rate of an unstable state,s^{-1},Gamma = 1/tau (mean lifetime),DER-QR-003 (Heisenberg); Gamma = Im(E)/hbar in QM,
UQR UCA v2(1).docx,10,3,RT-002,gamma_org,Organizational growth parameter,s^{-1},gamma = dPi_O/dt in NEDS regime,COMP-006 audit item; requires DER-ORG-007 (Pi_O derivation),
UQR UCA v2(1).docx,10,4,RT-003,H,Hubble expansion rate,s^{-1},H = a_dot / a (scale factor rate),Adjacent to DER-TRC-006; H^2 = 8piG rho/3 + Lambda/3,
UQR UCA v2(1).docx,10,5,RT-004,k_rxn,Chemical reaction rate,mol/(L*s),k = A exp(-E_a / k_B T) (Arrhenius),NEDS rate quantifying organizational throughput sigma in TRC branch,
UQR UCA v2(1).docx,10,6,RT-005,dI/dt,Information generation rate,bits/s,dI/dt = d/dt(-sum p_i ln p_i),DER-TRC-002 (entropy); characterizes NEDS vs TEDS regime boundary,
UQR UCA v2(1).docx,10,7,RT-006,dPi_O/dt,Organizational persistence rate,s^{-1},"dPi_O/dt = g(sigma, dC/dt, dSpec/dt)",DER-ORG-007 (OPEN); the key rate distinguishing organizational evolution stages,
UQR UCA v2(1).docx,10,8,RT-007,sigma_dot,Entropy production rate,J/(K*s),sigma = sum_i J_i X_i >= 0,DER-TRC-004 (Clausius-Duhem); the TNDS driving rate,
UQR UCA v2(1).docx,10,9,RT-008,Phi_in,Free energy influx rate,W,Phi_in = alpha * Phi_decay,Control parameter numerator; alpha = Phi_in / Phi_decay defines regime,
UQR UCA v2(1).docx,11,1,ORG — COMPILER-SPECIFIC ORGANIZATIONAL QUANTITIES,,,,,,
UQR UCA v2(1).docx,12,1,ID,Symbol,Meaning,Formula / Definition,DER Entry,Status,
UQR UCA v2(1).docx,12,2,ORG-001,Pi_O,Organizational Persistence Functional,"Pi_O = f(sigma, C, Spec(L)) in [0,1]","DER-ORG-007, DER-TRC-006",OPEN — coupling equation proposed,
UQR UCA v2(1).docx,12,3,ORG-002,alpha,Organizational control parameter,alpha = Phi_in / Phi_decay,UCG Sec 12 (bifurcation),CERTIFIED (bifurcation theorem),
UQR UCA v2(1).docx,12,4,ORG-003,Omega,Master attractor state,Omega = lim_{n->inf} R^n U,DER-SPC-005,CERTIFIED (Banach FPT),
UQR UCA v2(1).docx,12,5,ORG-004,Spec(L),Spectral invariant of distinction network,"Spec(L) = {lambda_n, phi_n}",DER-SPC-003,CERTIFIED,
UQR UCA v2(1).docx,12,6,ORG-005,delta_spec,Spectral gap,delta_spec = lambda_1(L) - lambda_0(L) = lambda_1(L),DER-SPC-006,OPEN (uniqueness),
UQR UCA v2(1).docx,12,7,ORG-006,N_sub,Spectral trace dimension,N_sub = 4.7619 (locked by n_s = 0.965),SEIT predictions,CERTIFIED (CMB lock),
UQR UCA v2(1).docx,12,8,ORG-007,D_s,Spectral dimension,D_s = -2 lim_{t->0} d(ln P(t))/d(ln t),DER-SPC-004,CERTIFIED,
UQR UCA v2(1).docx,12,9,ORG-008,C(O),Canonical DTC form of system O,"C(O) = canonical G* expression in {D,T,C}",DER-ORG-005,CERTIFIED (modulo completeness),
UQR UCA v2(1).docx,13,1,"Type(v) = Phi( Type(v_1), ..., Type(v_n), f ) THM-UCCP-001: If v = f(v_1,...,v_n) in the constant DAG G_C, then the type of v is determined by the types of its parents and the nature of the derivation function f.",,,,,,
UQR UCA v2(1).docx,14,1,Derivation Type,Input Types,Output Type,Rule,Example,,
UQR UCA v2(1).docx,14,2,Ratio / dimensionless combination,"T, T",K,Dividing two Transformation scales yields a Constraint — a dimensionless ratio that governs relative coupling strength,"alpha = e^2/(4pi eps_0 hbar c): four T inputs, output K (fine-structure constant governs EM coupling)",,
UQR UCA v2(1).docx,14,3,Product of scales,"T, T",T,Multiplying Transformation scales yields a new Transformation scale,E = mc^2: mass (P) times c^2 (T^2) gives Energy (T). Rule: P x T^2 -> T,,
UQR UCA v2(1).docx,14,4,Square root of ratio,"T, T, T",T,Square root of ratio of Transformation scales is another Transformation scale,"m_P = sqrt(hbar c / G): all T inputs, output T (Planck mass sets quantum gravity scale)",,
UQR UCA v2(1).docx,14,5,Fixed point of spectral operator,"S, K",P,Fixed points of a structural operator under a constraint cutoff are Persistence quantities,Spec(L) under lambda_c cutoff: L(S) and lambda_c(K) together yield Pi (P),,
UQR UCA v2(1).docx,14,6,Eigenvalue ratio,"P, P",P,Ratio of two Persistence quantities is a Persistence quantity,"m_p/m_e: both P, ratio is P (characterizes relative attractor depths)",,
UQR UCA v2(1).docx,14,7,Coupling from symmetry breaking,"K, P",K,Coupling constant from mixing a Constraint angle with a Persistence vev gives a Constraint,"g_W = e/sin(theta_W): e(T) and theta_W(K) give g_W(K) — AUDIT: e may be T, not K",,
UQR UCA v2(1).docx,15,1,THM-UCCP-001 Component,Status,Proof Obligation,,,,
UQR UCA v2(1).docx,15,2,Phi well-defined for all type pairs,PARTIAL,Propagation table covers main cases; T x K ambiguity is open,,,,
UQR UCA v2(1).docx,15,3,Phi output is unique,OPEN,Requires disambiguation of T x K -> ? for each derivation function type,,,,
UQR UCA v2(1).docx,15,4,Phi consistent with AX-UCCP-001,OPEN,Requires full graph traversal over G_C; executable in UCCP v2.0,,,,
UQR UCA v2(1).docx,15,5,Phi computable (algorithmic),CANDIDATE,Graph traversal over DAG G_C is O(|V| + |E|) — polynomial in registry size,,,,
UQR UCA v2(1).docx,16,1,"( sigma, delta, tau_c, D, X, I, P, C, A ) Nine-tuple UCA node. First six fields from UCA v1.0. New: P = parent IDs. C = child IDs. A = active proof obligation IDs.",,,,,,
UQR UCA v2(1).docx,17,1,PHYS-001 [T] c delta=0,,,,,,
UQR UCA v2(1).docx,17,2,"( c, d=0, cert=DER-OPEN-005, D=[L T^{-1}], X=2.99792458e8 m/s, I=Lorentz group )",,,,,,
UQR UCA v2(1).docx,17,3,P (parents): None — root constant,,,,,,
UQR UCA v2(1).docx,17,4,"C (children): PHYS-006 (eps_0, via eps_0 = 1/mu_0 c^2), PHYS-009 (alpha, via alpha = e^2/4pi eps_0 hbar c), PHYS-010 (m_P, via m_P = sqrt(hbar c/G)), EN-001 (E=mc^2), MAS-005 (m_P)",,,,,,
UQR UCA v2(1).docx,17,5,A (obligations): DER-OPEN-005: c = f_1(rho_k) from Seeley-DeWitt fixed-point ratios. THM-UCCP-001: type T certified at root level.,,,,,,
UQR UCA v2(1).docx,18,1,PHYS-002 [T] hbar delta=0,,,,,,
UQR UCA v2(1).docx,18,2,"( hbar, d=0, cert=DER-OPEN-005, D=[M L^2 T^{-1}], X=1.054571817e-34 J*s, I=U(1) phase )",,,,,,
UQR UCA v2(1).docx,18,3,P (parents): None — root constant,,,,,,
UQR UCA v2(1).docx,18,4,"C (children): PHYS-009 (alpha), PHYS-010 (m_P), ACT-001 (S = INT L dt uses hbar as unit of action), DER-QR-002 (Schrodinger: i hbar d/dt psi = H psi)",,,,,,
UQR UCA v2(1).docx,18,5,A (obligations): DER-OPEN-005: hbar = f_3(rho_k) from Seeley-DeWitt. PRF-BORN: Born rule P=|psi|^2 requires hbar in normalization.,,,,,,
UQR UCA v2(1).docx,19,1,PHYS-003 [T] G delta=0,,,,,,
UQR UCA v2(1).docx,19,2,"( G, d=0, cert=DER-OPEN-005, D=[M^{-1} L^3 T^{-2}], X=6.67430e-11 m^3 kg^{-1} s^{-2}, I=Diffeomorphism group )",,,,,,
UQR UCA v2(1).docx,19,3,P (parents): None — root constant,,,,,,
UQR UCA v2(1).docx,19,4,"C (children): PHYS-010 (m_P), DER-VAR-005 (Einstein eq: G_{ab} = 8piG T_{ab}), EN-003 (E_pot = -GMm/r)",,,,,,
UQR UCA v2(1).docx,19,5,A (obligations): DER-OPEN-005: G = f_2(rho_k). Note: G runs under RG flow in asymptotic safety scenario (DER in UTR: asymptotic safety).,,,,,,
UQR UCA v2(1).docx,20,1,PHYS-004 [T] e delta=0,,,,,,
UQR UCA v2(1).docx,20,2,"( e, d=0, cert=DER-OPEN-005, D=[A T], X=1.602176634e-19 C, I=U(1)_EM )",,,,,,
UQR UCA v2(1).docx,20,3,P (parents): None — root constant,,,,,,
UQR UCA v2(1).docx,20,4,"C (children): PHYS-009 (alpha = e^2/4pi eps_0 hbar c), PHYS-015 (g_W = e/sin theta_W), DER-GAU-001 (gauge connection U(1))",,,,,,
UQR UCA v2(1).docx,20,5,A (obligations): DER-OPEN-005: e = f_4(rho_k). AUDIT PHYS-004: type T vs K unresolved (see THM-UCCP-001 Sec III.2).,,,,,,
UQR UCA v2(1).docx,21,1,PHYS-005 [T] k_B delta=0,,,,,,
UQR UCA v2(1).docx,21,2,"( k_B, d=0, cert=DER-OPEN-005, D=[M L^2 T^{-2} K^{-1}], X=1.380649e-23 J/K, I=Thermal symmetry )",,,,,,
UQR UCA v2(1).docx,21,3,P (parents): None — root constant,,,,,,
UQR UCA v2(1).docx,21,4,"C (children): DER-TRC-002 (S = k_B ln W), EN-004 (E_therm = k_B T), RT-007 (sigma = J.X, units involve k_B)",,,,,,
UQR UCA v2(1).docx,21,5,A (obligations): DER-OPEN-005: k_B may be derivable from spectral structure as the natural unit of spectral entropy. Note: k_B = 1 in natural units.,,,,,,
UQR UCA v2(1).docx,22,1,PHYS-008 [K] Lambda delta=0,,,,,,
UQR UCA v2(1).docx,22,2,"( Lambda, d=0, cert=DER-TRC-006 (OPEN), D=[L^{-2}], X=~1.089e-52 m^{-2}, I=Diffeomorphism group )",,,,,,
UQR UCA v2(1).docx,22,3,P (parents): None — root constant,,,,,,
UQR UCA v2(1).docx,22,4,"C (children): EN-005 (E_vac = Lambda c^4/8piG), RT-003 (Hubble: H^2 = 8piG rho/3 + Lambda c^2/3)",,,,,,
UQR UCA v2(1).docx,22,5,"A (obligations): PRF-COSMO: Lambda derivation from Pi_O is OPEN. Shared open problem with string theory (Final Verdict, Sec 17 UCG v5). Most problematic constant in framework — currently 123 orders of magnitude off from naive QFT estimate.",,,,,,
UQR UCA v2(1).docx,23,1,PHYS-009 [K] alpha delta=1,,,,,,
UQR UCA v2(1).docx,23,2,"( alpha, d=1, cert=OPEN, D=dimensionless, X=7.2973525693e-3 (~1/137.036), I=U(1)_EM )",,,,,,
UQR UCA v2(1).docx,23,3,"P (parents): PHYS-004 (e), PHYS-002 (hbar), PHYS-001 (c), PHYS-006 (eps_0) via alpha = e^2/(4pi eps_0 hbar c)",,,,,,
UQR UCA v2(1).docx,23,4,"C (children): MAS-002 (m_e via Bohr radius a_0 = hbar/m_e c alpha), QED corrections to g-factor (DER-QR-008), atomic energy levels",,,,,,
UQR UCA v2(1).docx,23,5,"A (obligations): THM-UCCP-001: Phi(T,T,T,T,ratio) = K. Type K certified by propagation rule: dimensionless ratio of four T inputs is K (coupling constraint). Value known to 11 significant figures — most precisely measured constant.",,,,,,
UQR UCA v2(1).docx,24,1,PHYS-010 [T] m_P delta=1,,,,,,
UQR UCA v2(1).docx,24,2,"( m_P, d=1, cert=OPEN, D=[M], X=2.176434e-8 kg = 1.22089e19 GeV/c^2, I=Diffeomorphism group )",,,,,,
UQR UCA v2(1).docx,24,3,"P (parents): PHYS-003 (G), PHYS-002 (hbar), PHYS-001 (c) via m_P = sqrt(hbar c / G)",,,,,,
UQR UCA v2(1).docx,24,4,"C (children): MAS-006 (m_{aP} = Lambda^2_QCD / N_sub * m_P), quantum gravity threshold",,,,,,
UQR UCA v2(1).docx,24,5,"A (obligations): THM-UCCP-001: Phi(T,T,T,sqrt-of-ratio) = T. Type T certified: Planck mass sets the energy scale of quantum gravity dynamics.",,,,,,
UQR UCA v2(1).docx,25,1,ORG-N_sub [P] N_sub delta=1,,,,,,
UQR UCA v2(1).docx,25,2,"( N_sub, d=1, cert=CMB observation (n_s=0.965), D=dimensionless, X=4.7619, I=CMB symmetry group )",,,,,,
UQR UCA v2(1).docx,25,3,"P (parents): PHYS-001 (c), Planck 2018 CMB data via N_sub = 2/(1-n_s)",,,,,,
UQR UCA v2(1).docx,25,4,"C (children): MAS-006 (m_{aP}), ORG-006 (parameter-free prediction chain)",,,,,,
UQR UCA v2(1).docx,25,5,A (obligations): CERTIFIED by CMB spectral index lock. Anchor of SEIT prediction chain. N_sub is a P-type quantity: it characterizes the persistent spectral attractor dimension.,,,,,,
UQR UCA v2(1).docx,26,1,MAS-006 [P] m_{aP} delta=2,,,,,,
UQR UCA v2(1).docx,26,2,"( m_{aP}, d=2, cert=SEIT predictions, D=[M], X=6.885e-13 eV/c^2, I=U(1)_axion )",,,,,,
UQR UCA v2(1).docx,26,3,"P (parents): ORG-N_sub (N_sub = 4.7619), Lambda_QCD (~200 MeV), PHYS-010 (m_P) via m_{aP} = Lambda^2_QCD / (N_sub * M_Pl)",,,,,,
UQR UCA v2(1).docx,26,4,"C (children): GW background prediction (f_GW = 166.48 Hz), dwarf spheroidal core radius (R_c = 135 pc)",,,,,,
UQR UCA v2(1).docx,26,5,A (obligations): CERTIFIED as prediction (no free parameters). Veto power: any deviation in input N_sub or Lambda_QCD propagates to m_{aP}. Type P: persistence axion mass characterizes the quantum of organizational persistence cost at QCD scale.,,,,,,
UQR UCA v2(1).docx,27,1,PHYS-013 [P] m_p/m_e delta=2,,,,,,
UQR UCA v2(1).docx,27,2,"( m_p/m_e, d=2, cert=OPEN (SEIT target: lambda_p/lambda_e), D=dimensionless, X=1836.15267343, I=Lorentz group )",,,,,,
UQR UCA v2(1).docx,27,3,"P (parents): PHYS-012 (m_e), m_p (PHYS-012b, root) via ratio",,,,,,
UQR UCA v2(1).docx,27,4,C (children): Nuclear / atomic physics scales (Bohr magneton vs nuclear magneton),,,,,,
UQR UCA v2(1).docx,27,5,"A (obligations): THM-UCCP-001: Phi(P,P,ratio) = P. SEIT derivation target: ratio of eigenvalues lambda_p / lambda_e from Spec(L) would certify this as a spectral ratio prediction.",,,,,,
UQR UCA v2(1).docx,28,1,"V_C = {all UCA nodes} E_C = {(v_i, v_j) : v_j in Children(v_i)} The Compiler DAG. Vertices are nine-tuple constant nodes. Edges are certified or open derivation links. The DAG is traversable algorithmically.",,,,,,
UQR UCA v2(1).docx,29,1,DAG Property,Current Value,Target Value,Condition for Target,,,
UQR UCA v2(1).docx,29,2,Total vertices |V_C|,37 (from UCA v1.0) + 15 quantity classes,~80 with full UQR,Complete UQR coverage of all framework quantities,,,
UQR UCA v2(1).docx,29,3,Certified edges |E_C^cert|,8,~25,"Close DER-OPEN-005 (derives c,G,hbar from Seeley-DeWitt)",,,
UQR UCA v2(1).docx,29,4,Open edges |E_C^open|,29,0,Close all 5 UCA research program items (Sec IX of UCR),,,
UQR UCA v2(1).docx,29,5,Root nodes (level 0),6 physical + 4 primitives,2-4 physical roots,"Close DER-OPEN-005: c,G,hbar,e become derived",,,
UQR UCA v2(1).docx,29,6,Maximum depth delta,3 (m_p/m_e),~5 (full Standard Model spectrum),B_Nature identification (DER-OPEN-006),,,
UQR UCA v2(1).docx,29,7,Type consistency,Manual (UCCP v1.1),Algorithmic (UCCP v2.0),Implement Phi traversal over G_C,,,
UQR UCA v2(1).docx,30,1,CHRG — QUANTITIES MEASURING GAUGE COUPLING STRENGTH,,,,,,
UQR UCA v2(1).docx,31,1,ID,Symbol,Meaning,Governing Constant,Gauge Group,Organizational Role,
UQR UCA v2(1).docx,31,2,CHR-001,q,Generic electric charge,e,U(1)_EM,Measures coupling of a Distinction boundary to the electromagnetic gauge field,
UQR UCA v2(1).docx,31,3,CHR-002,e,Elementary charge (as quantity),PHYS-004 (e as constant),U(1)_EM,The minimal quantum of electromagnetic coupling. Root of the EM charge sector.,
UQR UCA v2(1).docx,31,4,CHR-003,Q_color,Color charge,alpha_s (PHYS-014),SU(3)_color,Measures coupling to gluon field; confined — never observed in isolation,
UQR UCA v2(1).docx,31,5,CHR-004,Q_weak,Weak isospin charge,g_W (PHYS-015),SU(2)_L,Measures coupling to W/Z bosons; left-chiral only (parity violation),
UQR UCA v2(1).docx,31,6,CHR-005,Q_org,Organizational charge,"Gamma, kappa",Grammar symmetry group,The compiler analogue: measures how strongly a distinction boundary couples to the organizational constraint field,
UQR UCA v2(1).docx,32,1,ID,Symbol,Meaning,Formula,Governing Constants,Invariance,
UQR UCA v2(1).docx,32,2,MOM-001,p,Linear momentum,p = m v = hbar k,"hbar, m","Lorentz group (4-vector p^mu = (E/c, p))",
UQR UCA v2(1).docx,32,3,MOM-002,P,Canonical momentum (Hamiltonian),P = dL/d(q_dot),hbar,Symplectic group Sp(2n),
UQR UCA v2(1).docx,32,4,MOM-003,L_ang,Angular momentum,L = r x p,hbar,SO(3) rotational symmetry,
UQR UCA v2(1).docx,32,5,MOM-004,S_spin,Spin angular momentum,S = (hbar/2) sigma,hbar,SU(2) spin symmetry; DER-QR-007,
UQR UCA v2(1).docx,32,6,MOM-005,p_org,Organizational momentum,p_org = Gamma dot y (conjugate to org. coordinate),"Gamma, g_{ab}",DTC composition symmetry,
UQR UCA v2(1).docx,33,1,ID,Symbol,Meaning,Formula,Governing Constants,DER Entry,
UQR UCA v2(1).docx,33,2,ACT-001,S,Classical action,S = INT L dt = INT (T-V) dt,hbar (quantum unit),DER-VAR-002; delta S = 0 gives field equations,
UQR UCA v2(1).docx,33,3,ACT-002,S_EH,Einstein-Hilbert action,S_EH = (1/16piG) INT R sqrt|g| d^4x,"G, c",DER-VAR-004; CERTIFIED,
UQR UCA v2(1).docx,33,4,ACT-003,S_SM,Standard Model action,S_SM = INT L_SM sqrt|g| d^4x,"e, g_W, alpha_s, v_H, m_f","DER-GAU-004, DER-QR-003; full SM action",
UQR UCA v2(1).docx,33,5,ACT-004,C_Pi,Persistence Cost Functional,C_Pi[y] = INT(g_{ab}y'_a y'_b + 2 I_F) dt,"Gamma, g_{ab}",DER-VAR-001; CERTIFIED; organizational action,
UQR UCA v2(1).docx,33,6,ACT-005,S_B,ARBS Spectral Action,S_B = Tr(f(D_A / Lambda)),"Lambda, D",DER-VAR-006 (spectral action); CERTIFIED via Connes-Chamseddine,
UQR UCA v2(1).docx,34,1,UCG Registry,UQR / UCA v2.0 Contribution,,,,,
UQR UCA v2(1).docx,34,2,USR (Symbol Registry),"Add USR entries for all quantity symbols: MAS-001..006, EN-001..006, CHR-001..005, MOM-001..005, ACT-001..005, RT-001..008, ORG-001..008. Update existing entries to cross-reference UQR class.",,,,,
UQR UCA v2(1).docx,34,3,UOR (Object Registry),"Add OBJ-UQR-001 (the quantity class hierarchy as a typed object), OBJ-UCA-002 (the nine-tuple DAG node format), OBJ-DAG-001 (G_C = (V_C,E_C) as an executable graph object).",,,,,
UQR UCA v2(1).docx,34,4,UAR (Axiom Registry),"Add AX-UQR-001: every measurable quantity has a unique quantity class from {MASS,ENER,CHRG,MOM,ACT,LEN,TIME,RATE,PROB,INFO,CURV,FILD,DENS,FLUX,ORG}. Add AX-UCCP-002: the type-propagation operator Phi is deterministic given input types and derivation function type.",,,,,
UQR UCA v2(1).docx,34,5,UTR (Theorem Registry),Add THM-UCCP-001 (Type Propagation Theorem) with status PARTIAL. Add THM-DAG-001: G_C is acyclic (follows from AX-SDR-004). Add THM-DAG-002: G_C is traversable in O(|V_C| + |E_C|) — computable in polynomial time.,,,,,
UQR UCA v2(1).docx,34,6,UPR (Proof Registry),"Add PRF-UCCP-001 (type table completeness — OPEN for T x K case), PRF-UCCP-002 (type uniqueness — OPEN), PRF-UCCP-003 (consistency check over G_C — OPEN, requires algorithm).",,,,,
UQR UCA v2(1).docx,34,7,Open Obligations (UCG §15),Add PRF-UQR-001: formal proof that the 15 quantity classes are exhaustive and mutually exclusive. Add PRF-MASS: derivation of Standard Model mass spectrum from Spec(L).,,,,,
UQR UCA v2(1).docx,34,8,Sync Ledger (UCG §14),Add UQR_UCA_v2.docx as synchronized companion document replacing UCR_UCCP_UCA_v1.docx (which is superseded by this document).,,,,,
UQR UCA v2(1).docx,35,1,Goal,Blocked By,When Unblocked,DAG Impact,,,
UQR UCA v2(1).docx,35,2,"Derive c, G, hbar, e from Seeley-DeWitt fixed points",DER-OPEN-005: explicit computation of f_k pending,When f_k are computed from heat trace expansion,4 root nodes reclassified to level 1; 4 edges added to E_C^cert,,,
UQR UCA v2(1).docx,35,3,Derive mass spectrum from Spec(L),DER-OPEN-006: B_Nature not identified,When B = B_Nature is identified or constrained,All MAS entries (MAS-002 through MAS-006) become derived P-type nodes; ~10 edges added,,,
UQR UCA v2(1).docx,35,4,Derive Lambda from Pi_O,DER-TRC-006: Pi_O coupling equation not rigorously proven,When stationary distribution of Fokker-Planck equation approach completed,EN-005 (vacuum energy) and RT-003 (Hubble rate) become derived; Lambda node reclassified from root K to derived K,,,
UQR UCA v2(1).docx,35,5,Certify Type Propagation Theorem,"PRF-UCCP-001,002,003: T x K ambiguity, uniqueness, consistency check",When T x K disambiguation and graph traversal algorithm implemented,All UCCP types become algorithmic rather than manual; UCCP v2.0,,,
UQR UCA v2(1).docx,35,6,Complete UQR coverage,15 quantity classes partially populated,As DER entries close and derivation chains lengthen,Full quantity-constant-operator-equation linkage for all framework objects,,,
UPG Canonical Reference.docx,1,1,Stage,Symbol,Object Name,Definition / Role,,,
UPG Canonical Reference.docx,1,2,1,Ω,Primitive Distinction,Recursive self-distinction operator. Ω acts as both operator and operand: Ω ⊗ Ω → Δ. No external system is assumed. All structure derives from this single axiom.,,,
UPG Canonical Reference.docx,1,3,2,Δ,Distinction Structure,Organizational operator that partitions the state space into distinguishable entities. Δ¹ = Ω(Ω). The first concrete organizational act.,,,
UPG Canonical Reference.docx,1,4,3,"G = (V,E,W)",Organizational Graph,Vertices V = entities/states; edges E = relations; weights W = relation strengths. A_ij = w_ij (i≠j); G encodes the structural fact that distinctions co-exist and relate.,,,
UPG Canonical Reference.docx,1,5,4,L = D − A,Graph Laplacian,"Structure operator. D_ii = Σ_j w_ij (degree matrix); A = adjacency. L is symmetric, positive semi-definite. The generator of organizational dynamics.",,,
UPG Canonical Reference.docx,1,6,5,Spec(L),Spectrum,Complete ordered eigenvalue set {λ₀ ≤ λ₁ ≤ … ≤ λ_N}. Lφᵢ = λᵢφᵢ. Organizational modes — the fundamental frequencies of the structure. δ_spec = λ₂ (spectral gap).,,,
UPG Canonical Reference.docx,1,7,6,H(t) = e^{−tL},Heat Kernel,Information propagation operator. H(t) = Σ e^{−tλᵢ} φᵢφᵢᵀ. Encodes how organizational influence diffuses through the graph over time t.,,,
UPG Canonical Reference.docx,1,8,7,g_μν,Continuum Geometry,Emergent metric from heat kernel: Δ_M = lim_{n→∞} Lₙ; g_μν from heat kernel distances and gradients. Geometry as an emergent property of organization.,,,
UPG Canonical Reference.docx,1,9,8,"ℒ, ℒ*",Fokker-Planck Dynamics,Forward operator ∂_t P = ℒ* P (adjoint Fokker-Planck). P(t) is the probability distribution over organizational states evolving under the Laplacian dynamics.,,,
UPG Canonical Reference.docx,1,10,9,P_ss,Stationary Measure,Invariant distribution: ℒ* P_ss = 0. The organizational equilibrium — the distribution that survives indefinitely under Fokker-Planck evolution.,,,
UPG Canonical Reference.docx,1,11,10,σ,Entropy Production,Irreversibility rate: σ = −dF/dt ≥ 0. Measures the rate of free-energy dissipation. Zero at equilibrium; positive in non-equilibrium organizational states.,,,
UPG Canonical Reference.docx,1,12,11,Π₀,Persistence Functional,Organizational invariant: Π₀ = (δ_spec − λ_c)/σ. The ratio of spectral gap (organizational coherence) to entropy production (organizational dissipation). The final output of the spine.,,,
UPG Canonical Reference.docx,2,1,Symbol,Name,Equation / Statement,,,,
UPG Canonical Reference.docx,2,2,L = D − A,Graph Laplacian,"L is the difference of the degree matrix D (diagonal: D_ii = Σ_j w_ij) and the adjacency matrix A (off-diagonal: A_ij = w_ij for i≠j, zero otherwise). L is symmetric positive semi-definite.",,,,
UPG Canonical Reference.docx,2,3,Lφᵢ = λᵢφᵢ,Spectral Eigenproblem,The eigenvectors φᵢ and eigenvalues λᵢ of L form a complete orthonormal basis for ℝᴺ. Ordered: 0 = λ₀ ≤ λ₁ ≤ … ≤ λ_{N−1}.,,,,
UPG Canonical Reference.docx,2,4,δ_spec = λ₂,Spectral Gap,The second-smallest eigenvalue of L (first nonzero for connected G). Controls the rate of convergence to the stationary distribution and the organizational coherence timescale.,,,,
UPG Canonical Reference.docx,3,1,Symbol,Name,Equation / Statement,,,,
UPG Canonical Reference.docx,3,2,H(t) = e^{−tL},Heat Semigroup,"Matrix exponential of −tL. H(t) = Σᵢ e^{−tλᵢ} φᵢφᵢᵀ. Satisfies ∂/∂t H(t) = −L H(t), H(0) = I. Entry H_ij(t) = probability of diffusing from j to i in time t.",,,,
UPG Canonical Reference.docx,3,3,∂_t u = −Lu,Diffusion Equation,The heat equation on G. u(t) = e^{−tL} u₀ is the solution with initial condition u₀. Information flows from high to low organizational potential.,,,,
UPG Canonical Reference.docx,3,4,T_t = e^{tL},Markov Semigroup,Forward-time semigroup. T_t f(x) = Σ_y H_xy(t) f(y). The generator is −L for the continuous-time random walk.,,,,
UPG Canonical Reference.docx,4,1,Symbol,Name,Equation / Statement,,,,
UPG Canonical Reference.docx,4,2,g_ab = −∂²S/∂θ^a ∂θ^b,Fisher Information Metric,The Riemannian metric on the statistical manifold of distributions parameterized by θ. Equivalently: g_ab = E[∂_a log p · ∂_b log p]. Positive definite; measures information distinguishability.,,,,
UPG Canonical Reference.docx,4,3,Δ_M = lim_{n→∞} Lₙ,Continuum Limit Operator,"As the graph sequence Gₙ refines, the normalized Laplacian Lₙ converges (strongly resolvent) to the Laplace-Beltrami operator Δ_M on the emergent manifold M.",,,,
UPG Canonical Reference.docx,4,4,g_μν from H(t),Heat Kernel → Metric,"The Riemannian metric g_μν is recovered from the short-time asymptotics of H(t,x,y): d²(x,y) ∼ −4t log H(t,x,y) as t→0⁺.",,,,
UPG Canonical Reference.docx,4,5,Γᵃ_bc,Levi-Civita Connection,Connection derived from g_ab: Γᵃ_bc = ½ g^{ad}(∂_b g_{dc} + ∂_c g_{bd} − ∂_d g_{bc}). Encodes parallel transport on the organizational manifold.,,,,
UPG Canonical Reference.docx,4,6,R^a_{bcd},Curvature Tensor,Riemann curvature: R^a_{bcd} = ∂_c Γ^a_{bd} − ∂_d Γ^a_{bc} + Γ^a_{ce}Γ^e_{bd} − Γ^a_{de}Γ^e_{bc}. Measures non-commutativity of parallel transport.,,,,
UPG Canonical Reference.docx,4,7,R_ab,Ricci Tensor,R_ab = R^c_{acb}. Contraction of Riemann tensor. Appears in the Einstein equation G_ab = 8πG T_ab where G_ab = R_ab − ½g_ab R.,,,,
UPG Canonical Reference.docx,5,1,Symbol,Name,Equation / Statement,,,,
UPG Canonical Reference.docx,5,2,∂_t P = ℒ* P,Fokker-Planck Equation,"Adjoint evolution equation for the probability density P(x,t) on state space. ℒ* is the adjoint (forward) generator. Preserves total probability: ∫P dμ = 1.",,,,
UPG Canonical Reference.docx,5,3,ℒ* P_ss = 0,Stationary Measure Condition,P_ss is the invariant measure of the Fokker-Planck evolution. For the graph Laplacian: P_ss(i) = d_i/(2|E|) (degree-weighted distribution for unweighted graphs).,,,,
UPG Canonical Reference.docx,5,4,ẋ_i = x_i(f_i − f̄),Replicator Dynamics,The k=4 (biology) realization. x_i is the frequency of type i; f_i is its fitness; f̄ = Σ x_i f_i is mean fitness. Equivalent to the gradient flow ∂_t x = −∇_g F.,,,,
UPG Canonical Reference.docx,5,5,ṡ = −∇_g F,Free Energy Gradient Flow,Continuum brain/mind realization. s evolves along the negative gradient of free energy F[P] = U − TS with respect to the Fisher metric g. Active inference / predictive coding limit.,,,,
UPG Canonical Reference.docx,6,1,Symbol,Name,Equation / Statement,,,,
UPG Canonical Reference.docx,6,2,F[P∥P_ss] = ∫P log(P/P_ss)dμ,Relative Entropy (Free Energy),The Kullback-Leibler divergence of P from the stationary measure P_ss. F ≥ 0 by Jensen's inequality; F = 0 iff P = P_ss. The Lyapunov function for Fokker-Planck dynamics.,,,,
UPG Canonical Reference.docx,6,3,σ = −dF/dt ≥ 0,Entropy Production,Rate of free energy dissipation. σ ≥ 0 by the second law (H-theorem for Fokker-Planck). σ = 0 iff P = P_ss (equilibrium). Irreversibility measure.,,,,
UPG Canonical Reference.docx,6,4,G_ab = 8πG T_ab,Einstein Field Equation,The k=6 (stellar/galactic) realization. G_ab = R_ab − ½g_ab R is the Einstein tensor; T_ab is the stress-energy tensor. Emerges as the condition for organizational persistence at macroscopic scales.,,,,
UPG Canonical Reference.docx,7,1,Symbol,Name,Equation / Statement,,,,
UPG Canonical Reference.docx,7,2,Π₀ = (δ_spec − λ_c)/σ,Persistence Functional,The organizational invariant. δ_spec = spectral gap (organizational coherence); λ_c = persistence threshold (open: C-004); σ = entropy production. Π₀ > 0 indicates persistent organization.,,,,
UPG Canonical Reference.docx,7,3,Π₀^{(1)} = Π₀^{(2)},Representation Invariance,"Under admissible transformation T, the persistence functional is invariant: Π₀ is representation-independent. This is the Abelian property applied at the persistence level.",,,,
UPG Canonical Reference.docx,7,4,λ_FP ≥ c δ_spec,Spectral Gap Bridge,Bridge A: the Fokker-Planck relaxation rate λ_FP is bounded below by c times the spectral gap δ_spec. This is the key bridge between graph geometry and dynamical convergence.,,,,
UPG Canonical Reference.docx,7,5,ẏ^a + Γ^a_{bc}ẏ^b ẏ^c = −g^{ab}∇_b I_F,Universal Field Equation,"The variational field equation from the persistence cost functional C_Π. Reduces to: replicator dynamics (biology), diffusion equation (thermodynamics), free-energy principle (cognition), geodesic motion (I_F = 0). The core Euler-Lagrange equation of the framework.",,,,
UPG Canonical Reference.docx,8,1,Symbol,Type,Name,Role in Spine,,,
UPG Canonical Reference.docx,8,2,Ω,Object (k=0),Recursive Distinction,Primitive self-referential generator. The unique k=0 object node. Origin of all structure.,,,
UPG Canonical Reference.docx,8,3,Δ,Operator (k=0→1),Distinction Operator,Maps Ω to organizational structure. First operator node. Δ¹ = Ω(Ω).,,,
UPG Canonical Reference.docx,8,4,"G = (V,E,W)",Object (k=1),Organizational Graph,The encoded structural fact. Object nodes are V (entities); edges E are relations; W are weights.,,,
UPG Canonical Reference.docx,8,5,L,Operator (k=2),Laplacian,Graph-to-spectrum map. L = D − A. Structure operator.,,,
UPG Canonical Reference.docx,8,6,Spec(L),Object (k=2),Spectrum,The organizational modal decomposition. Object node at spectral layer.,,,
UPG Canonical Reference.docx,8,7,H(t),Operator (k=2→3),Heat Kernel,Propagation operator. Maps spectrum to geometry via diffusion.,,,
UPG Canonical Reference.docx,8,8,δ_spec,Object (k=2),Spectral Gap,"λ₂, the second eigenvalue. The organizational coherence measure.",,,
UPG Canonical Reference.docx,8,9,g_μν,Object (k=3),Metric Tensor,Emergent Riemannian geometry. Output of the analytical bridge.,,,
UPG Canonical Reference.docx,8,10,Γ^ρ_μν,Object (k=3),Connection,Levi-Civita connection from g_μν. Parallel transport structure.,,,
UPG Canonical Reference.docx,8,11,Δ_M,Operator (k=3),Diffusion Operator,Continuum Laplace-Beltrami. ∂_t u = Δ_M u.,,,
UPG Canonical Reference.docx,8,12,ℒ*,Operator (k=4),Fokker-Planck Operator,Adjoint generator. ∂_t P = ℒ* P.,,,
UPG Canonical Reference.docx,8,13,F[P],Object (k=4→5),Free Energy Functional,F[P∥P_ss] = ∫P log(P/P_ss)dμ. The organizational Lyapunov function.,,,
UPG Canonical Reference.docx,8,14,P_ss,Object (k=5),Stationary Measure,Invariant distribution. ℒ* P_ss = 0.,,,
UPG Canonical Reference.docx,8,15,T_e = e^{tL},Operator (k=4),Markov Semigroup,Forward-time evolution operator.,,,
UPG Canonical Reference.docx,8,16,σ,Object (k=5→6),Entropy Production,σ = −dF/dt ≥ 0. Irreversibility rate.,,,
UPG Canonical Reference.docx,8,17,F'[P],Operator (k=5),1st Variation,δF/δP. The gradient of free energy; drives the gradient flow.,,,
UPG Canonical Reference.docx,8,18,Π₀,Object (k=6→7),Persistence Functional,Π₀ = (δ_spec − λ_c)/σ. The organizational equivalence class output.,,,
UPG Canonical Reference.docx,9,1,Edge Type,Color (poster),Direction,Semantic Meaning,,,
UPG Canonical Reference.docx,9,2,Dependency,Green solid,A → B,B uses or requires A. Standard dependency. The primary structure of the spine.,,,
UPG Canonical Reference.docx,9,3,Creates / Generates,Red solid,A → B,A creates B. Stronger than dependency — B would not exist without A.,,,
UPG Canonical Reference.docx,9,4,Transforms,Orange solid,A → B,A is transformed into B by an operator.,,,
UPG Canonical Reference.docx,9,5,Constrains,Green solid (dark),A ─ B,A places a constraint on B. Bidirectional restriction.,,,
UPG Canonical Reference.docx,9,6,Measures / Spectral,Teal / Purple,A → B,A measures or decomposes B spectrally.,,,
UPG Canonical Reference.docx,9,7,Feedback (Recursive),Purple dashed,A ↩ B,Recursive feedback. Ω feeds back into itself; Π₀ feeds back into G.,,,
UPG Canonical Reference.docx,9,8,Projection,Dashed gray,A ─→ B,A projects or coarse-grains to B. Macro ← Micro.,,,
UPG Canonical Reference.docx,9,9,Hyperedge,Diamond ◇,"(A,B,C) → D","Many-to-one dependency. ℋ: (A,B,C) → D with arity 3. Constraint: Preserves Measure.",,,
UPG Canonical Reference.docx,9,10,Mapping / Functor,Blue solid,A → B,A maps to B via a functor. Used for bridge theorems.,,,
UPG Canonical Reference.docx,10,1,k,Layer Name,Primary Objects,Organizational Content,,,
UPG Canonical Reference.docx,10,2,0,Primitives,"Ω, Δ","Recursive distinction. The origin point. No geometry, no graph, no dynamics — only the primitive act of self-reference.",,,
UPG Canonical Reference.docx,10,3,1,Discrete Organization,"G = (V,E,W), V_i, E_ij","The organizational graph. Entities, relations, and weights. The structural fact.",,,
UPG Canonical Reference.docx,10,4,2,Spectral / Analytical,"L, Spec(L), H(t), δ_spec",Graph Laplacian and spectral decomposition. Organizational modes and information propagation.,,,
UPG Canonical Reference.docx,10,5,3,Continuum Geometry,"g_μν, Γ^ρ_μν, Δ_M, R^a_{bcd}, R_ab, G_ab","Emergent Riemannian geometry from the continuum limit. Curvature, connection, Einstein tensor.",,,
UPG Canonical Reference.docx,10,6,4,Dynamics / Probabilistic,"ℒ, ℒ*, T_e, F[P∥P_ss]","Fokker-Planck dynamics. Probability flow, free energy, gradient flow.",,,
UPG Canonical Reference.docx,10,7,5,Thermodynamic / Info,"P_ss, T_ab, ∇^a T_ab, σ","Stationary measure, stress-energy tensor, entropy production, conservation laws.",,,
UPG Canonical Reference.docx,10,8,6,Persistence,"Π₀, λ_FP",Persistence functional. The organizational invariant measuring structural coherence vs dissipation.,,,
UPG Canonical Reference.docx,10,9,7,Emergent Structures,"Life, Chemistry, Mind, Planets, Stars, Galaxies, Cosmic Web",All known structures arising as limits or equilibria of the same organizational persistence dynamics.,,,
UPG Canonical Reference.docx,11,1,"ABELIAN REGION [A, B] = 0","NON-ABELIAN REGION [A, B] ≠ 0",,,,,
UPG Canonical Reference.docx,11,2,Heat semigroup e^{−tL} (operator powers commute),"Nonlinear dynamics (replicator, nonlinear Fokker-Planck)",,,,,
UPG Canonical Reference.docx,11,3,Laplacian powers L^k (all commute: L^a L^b = L^{a+b}),Time-dependent constraints (non-stationary problems),,,,,
UPG Canonical Reference.docx,11,4,"Spectral projections P_λ (orthogonal, pairwise commuting)",External forcing (inhomogeneous Fokker-Planck),,,,,
UPG Canonical Reference.docx,11,5,Diffusion operators on independent shells,Non-self-adjoint operators (open quantum systems),,,,,
UPG Canonical Reference.docx,11,6,Within-shell operator composition: A∘B = B∘A,Cross-shell interaction where order matters,,,,,
UPG Canonical Reference.docx,12,1,Hyperedge,Inputs,Output,Arity,Property,,
UPG Canonical Reference.docx,12,2,H_Π₀,"(δ_spec, λ_c, σ)",Π₀,3,Π₀ = (δ_spec − λ_c)/σ requires all three jointly,,
UPG Canonical Reference.docx,12,3,H_g,"(Spec(L), H(t), ∂_t)",g_μν,3,"Metric recovery requires spectrum, heat kernel, and short-time derivative",,
UPG Canonical Reference.docx,12,4,H_FP,"(L, P, boundary conditions)",P_ss,3,"Stationary measure requires generator, initial distribution, and domain",,
UPG Canonical Reference.docx,12,5,H_UF,"(g, I_F, Γ)",ÿ + Γẏẏ = −g∇I_F,3,"Universal field equation requires metric, Fisher information, and connection jointly",,
UPG Canonical Reference.docx,12,6,H_Ein,"(R_ab, g_ab, T_ab)",G_ab = 8πGT_ab,3,Einstein equation: Einstein tensor = 8πG × stress-energy (all three required),,
UPG Canonical Reference.docx,13,1,Symbol,Layer (k),Type,Definition,,,
UPG Canonical Reference.docx,13,2,Ω,0,Object,Recursive distinction operator/operand. Self-referential primitive. No definition external to itself: Ω ⊗ Ω → Δ.,,,
UPG Canonical Reference.docx,13,3,"G = (V,E,W)",1,Object,Organizational graph. V = vertex set (entities/states). E = edge set (relations). W = weight function.,,,
UPG Canonical Reference.docx,13,4,Spec(L),2,Object,"Ordered spectrum {λ₀ ≤ … ≤ λ_{N−1}} of L with eigenvectors {φ₀,…,φ_{N−1}}.",,,
UPG Canonical Reference.docx,13,5,δ_spec = λ₂,2,Object,Spectral gap. First nonzero eigenvalue of L for connected G. Organizational coherence measure.,,,
UPG Canonical Reference.docx,13,6,g_μν,3,Object,Riemannian metric tensor on the emergent manifold M.,,,
UPG Canonical Reference.docx,13,7,Γ^ρ_μν,3,Object,Levi-Civita connection. Γ^a_bc = ½g^{ad}(∂_b g_{dc} + ∂_c g_{bd} − ∂_d g_{bc}).,,,
UPG Canonical Reference.docx,13,8,R^a_{bcd},3,Object,Riemann curvature tensor. R^a_{bcd} = ∂_c Γ^a_{bd} − ∂_d Γ^a_{bc} + Γ^a_{ce}Γ^e_{bd} − Γ^a_{de}Γ^e_{bc}.,,,
UPG Canonical Reference.docx,13,9,R_ab,3,Object,Ricci tensor. R_ab = R^c_{acb}. Contraction of Riemann.,,,
UPG Canonical Reference.docx,13,10,G_ab,3,Object,Einstein tensor. G_ab = R_ab − ½g_ab R. Appears in G_ab = 8πGT_ab.,,,
UPG Canonical Reference.docx,13,11,P_ss,5,Object,Stationary (invariant) measure. P_ss(i) = d_i/(2|E|) for unweighted graphs.,,,
UPG Canonical Reference.docx,13,12,T_ab,5,Object,Stress-energy tensor. Matter and energy distribution on M.,,,
UPG Canonical Reference.docx,13,13,σ,5-6,Object,Entropy production rate. σ = −dF/dt ≥ 0. Zero at equilibrium.,,,
UPG Canonical Reference.docx,13,14,λ_FP,6,Object,Fokker-Planck relaxation rate. Spectral gap of the FP operator ℒ*.,,,
UPG Canonical Reference.docx,13,15,Π₀,6-7,Object,Persistence functional. Π₀ = (δ_spec − λ_c)/σ. Organizational invariant.,,,
UPG Canonical Reference.docx,13,16,λ_c,6,Object,Persistence threshold. Open: C-004 (not yet derivable from Spec(L) without external input).,,,
UPG Canonical Reference.docx,14,1,Symbol,Layer (k),Type,Definition,,,
UPG Canonical Reference.docx,14,2,Δ,0→1,Operator,Distinction operator. Δ(Ω) = Δ¹. Maps recursive distinction to organizational structure.,,,
UPG Canonical Reference.docx,14,3,L = D − A,2,Operator,Graph Laplacian. L: ℝᴺ → ℝᴺ. Generator of organizational dynamics.,,,
UPG Canonical Reference.docx,14,4,H(t) = e^{−tL},2→3,Operator,Heat kernel (heat semigroup). H(t): ℝᴺ → ℝᴺ. Propagation of organizational influence.,,,
UPG Canonical Reference.docx,14,5,T_t = e^{tL},4,Operator,Markov semigroup (forward time). T_t f(x) = Σ_y H_xy(t) f(y).,,,
UPG Canonical Reference.docx,14,6,"ℒ, ℒ*",4,Operator,Fokker-Planck generator and its adjoint. ℒ*P = −∇·(P∇log P_ss) for reversible dynamics.,,,
UPG Canonical Reference.docx,14,7,P: micro → macro,4,Operator,Coarse-graining projector. Maps microstate distribution to macrostate. Used in Fisher metric and free-energy principle.,,,
UPG Canonical Reference.docx,14,8,F = U − TS,4→5,Operator,Free energy functional. F[P∥P_ss] = ∫P log(P/P_ss)dμ. Lyapunov function for FP dynamics.,,,
UPG Canonical Reference.docx,14,9,F'[P] = δF/δP,5,Operator,First variation of free energy. Drives gradient flow: ∂_t P = −F'[P].,,,
UPG Canonical Reference.docx,14,10,C,any,Operator,Constraint operator. C: A → B enforces admissibility conditions.,,,
UPG Canonical Reference.docx,14,11,T,any,Operator,Transport/functor. Admissible transformation between representations.,,,
UPG Canonical Reference.docx,14,12,∇_a,3,Operator,Covariant derivative. ∇_a V^b = ∂_a V^b + Γ^b_{ac} V^c.,,,
UPG Canonical Reference.docx,15,1,Domain,Scale,Key Equation,Organizational Role,Laplacian Eigenvalue Range,,
UPG Canonical Reference.docx,15,2,Atomic / Molecular,~10⁻¹⁰ m,ψ_e ∈ ℂⁿ (quantum states),Quantum states as eigenstates of the Hamiltonian; electron clouds as persistence sets,λ₂ ~ 10³–10⁵,,
UPG Canonical Reference.docx,15,3,Chemistry,~10⁻¹⁰–10⁻⁶ m,ΔG < 0 (chemical free energy),Reaction networks; bonds as persistent edges; ΔG < 0 as persistence condition,λ₂ ~ 10³–10⁵,,
UPG Canonical Reference.docx,15,4,Biology,~10⁻⁶–10⁻³ m,ẋᵢ = xᵢ(fᵢ − f̄) (replicator),Life as replicator dynamics on fitness landscapes; metabolism as graph flow,λ₂ ~ 10²–10³,,
UPG Canonical Reference.docx,15,5,Brain / Mind,~10⁻² m,ṡ = −∇_g F (free energy),Neural dynamics as free-energy minimization; predictive coding as gradient flow,λ₂ ~ 10²–10³,,
UPG Canonical Reference.docx,15,6,Planetary Systems,~10⁻³–10¹ AU,F = ma (Newton limit),Orbital dynamics as geodesics; N-body persistence as organizational equilibria,λ₂ ~ 10⁰–10¹,,
UPG Canonical Reference.docx,15,7,Stars / Galaxies,~10³–10⁶ ly,G_μν = 8πGT_μν (Einstein),General relativity as emergent geometry from organizational persistence,λ₂ ~ 10⁻⁴–10⁻²,,
UPG Canonical Reference.docx,15,8,Cosmic Web,~10⁶–10¹⁰ ly,δρ/ρ (density contrast),Large-scale structure as BAO imprint; dark matter filaments as persistent edges,λ₂ ~ 10⁻⁶–10⁻⁴,,
UPG Canonical Reference.docx,15,9,Early Universe,CMB,n_s ≈ 0.965 (CMB tilt),CMB anisotropies as organizational modes; n_s prediction from spectral structure,λ₂ undefined at k=0,,
UPG Canonical Reference.docx,16,1,ID,Claim,Status,Evidence / Source,,,
UPG Canonical Reference.docx,16,2,B-001,G → L: Laplacian uniqueness and PSD,CERTIFIED,Standard linear algebra. Elementary proof.,,,
UPG Canonical Reference.docx,16,3,B-002,L → Spec(L): Spectral theorem,CERTIFIED,Spectral theorem for symmetric PSD matrices.,,,
UPG Canonical Reference.docx,16,4,B-003,Spec(L) → H(t): Heat kernel existence,CERTIFIED,Matrix exponential well-posedness.,,,
UPG Canonical Reference.docx,16,5,B-004,H(t) → g_μν: Geometry recovery,OPEN,Varadhan + strong resolvent convergence; requires regularity conditions. PHY-SIM-005 partial numerical support.,,,
UPG Canonical Reference.docx,16,6,B-005,ℒ* → P_ss: Invariant measure,CERTIFIED,Perron-Frobenius + detailed balance.,,,
UPG Canonical Reference.docx,16,7,B-006,P → σ: Entropy production (H-theorem),CERTIFIED,KL-divergence monotonicity (H-theorem).,,,
UPG Canonical Reference.docx,16,8,B-007,"σ, δ_spec → Π₀: Persistence invariant",PARTIAL,Π₀ formula well-defined; λ_c derivation open (C-004).,,,
UPG Canonical Reference.docx,16,9,B-008,λ_FP ≥ c δ_spec: Spectral gap bridge,OPEN,PHY-SIM-009: ρ=0.91 numerical support. Proof via Poincaré inequality (partial).,,,
UPG Canonical Reference.docx,16,10,MDR-009-L,dC_T/dt ≤ 0 for ε=0,PROVED,"Analytic proof; numerical verification 12 sig figs. K₃,₃ v1.2.",,,
UPG Canonical Reference.docx,16,11,MDR-009C-A,"a₀(∞) = ε/(6√6), C_T(∞) = ε⁴/6⁷",PROVED,"Perturbation theory + numerics across 8 decades. K₃,₃ v1.3.",,,
UPG Canonical Reference.docx,16,12,MDR-009C-B,t_break ~ 1.48 + (2/3)ln(1/ε),ASYM. DERIVED,Leading-order; 3 data points confirmed; residual −0.12.,,,
UPG Canonical Reference.docx,16,13,PO-NEW-5,∀ε>0 ∃ t_break < ∞,ADVANCE,"Decay rate argument: D_T~e^{-12t}, ε·R_T~e^{-6t}; ratio→∞. PHY-SIM-010.",,,
UPG Canonical Reference.docx,16,14,C-001,g^(F) ≅ g^(Spec) (exact isometry),OPEN,"PHY-SIM-009: ρ=0.91, CV=0.18. Split into C-001a/b/c.",,,
UPG Canonical Reference.docx,16,15,C-001a,D_spec and R_eff rank-equivalent,NUMERICALLY SUPPORTED,ρ=0.91 on ARBS-3 (N=25). PHY-SIM-009.,,,
UPG Canonical Reference.docx,16,16,C-001b,g^(F) = φ·g^(Spec) conformally,OPEN,Proposed from PHY-SIM-009 CV=0.18 result.,,,
UPG Canonical Reference.docx,16,17,C-004,Derive λ_c from Spec(L),OPEN,No derivation yet; λ_c=1.5 remains external parameter.,,,
UPG Canonical Reference.docx,16,18,C-008,Π_L and Π_H(∞) complementary,COMP. ESTAB.,"Computationally established for a(0)=e₁. K₃,₃ v1.3.",,,
UPG Canonical Reference.docx,16,19,PHY-SIM-008-STRAT,Spectral shell stratification on ARBS-3,DEMONSTRATED,"Four mode families confirmed: OUTER, MID, INNER, MIXED. PHY-SIM-008.",,,
UPG Canonical Reference.docx,16,20,PHY-SIM-004-PROP,d_e+1 propagation law,PARTIAL,"Exact on K₃,₃; sub-leading correction on ARBS-3. PHY-SIM-004/008.",,,
UPG Canonical Reference.docx,16,21,UCP-012-Maxwell,Spectral spine tested on Maxwell electrodynamics,TESTED/SUPPORTED,h² convergence confirmed. UCP-012.,,,
SEIT Updated Whitepaper(1).docx,1,1,Layer,Description and Status,,,,,
SEIT Updated Whitepaper(1).docx,1,2,Layer I — Universal Spectral Compiler (USC),"Translates physics, biology, economics, ecology, neuroscience into canonical dependency graphs and spectral representations. Engineering tool. Largely mature.",,,,,
SEIT Updated Whitepaper(1).docx,1,3,Layer II — Spectral Emergence Information Theory (SEIT),Explains why organized reality exists. Asks what mathematical properties any persistent organization must satisfy. Physical theory. Active research hypothesis — not yet established.,,,,,
SEIT Updated Whitepaper(1).docx,2,1,SEIT.0,"(Σ, Γ, Π) where Σ = state, Γ = generator, Π = persistence functional",proposed primitives,,,,
SEIT Updated Whitepaper(1).docx,3,1,Chain,Σ → Γ → Π → A → σ(A) → Θ → g → R → ℱ → Physical Observables,,,,,
SEIT Updated Whitepaper(1).docx,4,1,Stage,Established Mathematical Object,,,,,
SEIT Updated Whitepaper(1).docx,4,2,Σ — Distinguishable states,"Measurable state space (Ω, ℱ, μ); instances: (x,p), |ψ⟩, (M,g), (P,A)",,,,,
SEIT Updated Whitepaper(1).docx,4,3,R ⊂ Σ × Σ — Relations,"Graph G = (Σ, R); adjacency, causal order, entanglement, transport",,,,,
SEIT Updated Whitepaper(1).docx,4,4,𝒪 — Operators,Graph Laplacian L=D−A; Laplace-Beltrami Δ_g; Dirac 𝒟; Hamiltonian H,,,,,
SEIT Updated Whitepaper(1).docx,4,5,σ(𝒪) — Spectral invariants,Spectral resolution ∫λ dE(λ); first universal invariant under unitary transforms,,,,,
SEIT Updated Whitepaper(1).docx,4,6,e^{tG} — Evolution,Heat e^{-t𝒪}; wave e^{it√𝒪}; quantum e^{-itH}; unified U(t) = e^{tG},,,,,
SEIT Updated Whitepaper(1).docx,4,7,Z — Statistical structure,Z = Tr(e^{-β𝒪}); F = −k_BT ln Z; S = k_B(ln Z + βU),,,,,
SEIT Updated Whitepaper(1).docx,4,8,K_t → a_k — Geometry,"Heat trace Θ(t) ~ (4πt)^{-n/2} Σ a_k t^k; coefficients encode volume, curvature",,,,,
SEIT Updated Whitepaper(1).docx,4,9,ind(D) — Topology,Atiyah-Singer: ind(D) = ∫_M ch(E) ∧ Td(TM),,,,,
SEIT Updated Whitepaper(1).docx,4,10,"(𝒜, ℋ, 𝒟) — QFT",Connes spectral triple; NCG encodes Standard Model as inner fluctuations,,,,,
SEIT Updated Whitepaper(1).docx,5,1,Object,Source,Status,Resolution / Open Problem,,,
SEIT Updated Whitepaper(1).docx,5,2,Distinction Δ,Primitive axiom,🟢 Derived,Complete,,,
SEIT Updated Whitepaper(1).docx,5,3,"Graph G=(V,E)",Primitive ontology,🟢 Derived,Complete,,,
SEIT Updated Whitepaper(1).docx,5,4,Adjacency A,From G,🟢 Derived,Complete,,,
SEIT Updated Whitepaper(1).docx,5,5,Degree D,From A,🟢 Derived,Complete,,,
SEIT Updated Whitepaper(1).docx,5,6,Laplacian L=D−A,"From A, D",🟢 Derived,Complete,,,
SEIT Updated Whitepaper(1).docx,5,7,"Spectrum {λ,ψ}",Eigenproblem of L,🟢 Derived,Complete,,,
SEIT Updated Whitepaper(1).docx,5,8,Heat kernel e^{−βL},Spectral theorem,🟢 Derived,Complete,,,
SEIT Updated Whitepaper(1).docx,5,9,Ω attractor,β→∞ limit,🟢 Derived,Formal convergence proof still needed,,,
SEIT Updated Whitepaper(1).docx,5,10,"Spectral distance d(i,j)",Spectrum → distance,🟢 Derived,Continuum limit; mostly complete,,,
SEIT Updated Whitepaper(1).docx,5,11,Metric g_μν,"From d(i,j)",🟢 Derived,Smooth embedding assumed; mostly complete,,,
SEIT Updated Whitepaper(1).docx,5,12,Curvature R_μν,Differential geometry,🟢 Derived,Standard geometry; complete,,,
SEIT Updated Whitepaper(1).docx,5,13,Einstein tensor G_μν,From metric,🟢 Derived,Complete,,,
SEIT Updated Whitepaper(1).docx,5,14,Persistence functional C_Π,Variational definition,🟢 Derived,Fisher metric choice justified,,,
SEIT Updated Whitepaper(1).docx,5,15,Field equation SEIT.1,Euler-Lagrange from C_Π,🟢 Derived,Full derivation complete,,,
SEIT Updated Whitepaper(1).docx,5,16,GR limit,"SEIT.1, I_F=0",🟢 Derived,Complete,,,
SEIT Updated Whitepaper(1).docx,5,17,Replicator limit,"SEIT.1, Shahshahani g",🟢 Derived,Complete,,,
SEIT Updated Whitepaper(1).docx,5,18,Diffusion limit,"SEIT.1, Wasserstein g",🟢 Derived,Complete,,,
SEIT Updated Whitepaper(1).docx,5,19,FEP limit,"SEIT.1, Fisher g",🟢 Derived,Complete,,,
SEIT Updated Whitepaper(1).docx,5,20,R(λ)=e^{−βλ},Heat kernel,🟢 Derived,Complete — no new parameters,,,
SEIT Updated Whitepaper(1).docx,5,21,D₁(λ)=λ,Heat-kernel decay rate,🟢 Derived,Falls directly from −d/dβ ln R_n,,,
SEIT Updated Whitepaper(1).docx,5,22,D₂(λ)=βλ²,Entropy production,🟡 Partial,λ = transition rate assumption needs proof,,,
SEIT Updated Whitepaper(1).docx,5,23,D₃(λ)=√λ,Cheeger leakage,🟡 Partial,Nodal-domain scaling not yet proven,,,
SEIT Updated Whitepaper(1).docx,5,24,Γ(λ) = Resto./Degr.,C_Π projection,🟡 Partial,Correct target; projection integral not yet evaluated,,,
SEIT Updated Whitepaper(1).docx,5,25,λ_c existence,R=D crossing,🟡 Partial,"Exists if R↓, D↑; monotonicity not proven",,,
SEIT Updated Whitepaper(1).docx,5,26,λ_c uniqueness,Monotonic crossing,🟡 Partial,Requires Γ strictly decreasing,,,
SEIT Updated Whitepaper(1).docx,5,27,λ_c ≠ λ₁ (Fiedler),CORRECTED,🟡 Partial,λ_c=λ₁ gives trivial Π={zero mode}. Retracted.,,,
SEIT Updated Whitepaper(1).docx,5,28,λ_c running with β,Root of e^{−βλ}=D(λ),🟡 Partial,β is the filtering depth; flow equation not explicit,,,
SEIT Updated Whitepaper(1).docx,5,29,Persistence sector Π,λ<λ_c,🟡 Partial,Depends on λ_c closure,,,
SEIT Updated Whitepaper(1).docx,5,30,Mass formula m_n=m₀√λ_n,Spectral sector,🟡 Partial,Formula motivated; m₀ normalization open,,,
SEIT Updated Whitepaper(1).docx,5,31,Couplings α_k=⟨ψ|P_k|ψ⟩,Spectral overlap,🟡 Partial,Correct form; P_k boundaries not derived,,,
SEIT Updated Whitepaper(1).docx,5,32,Electroweak boundary,UTT phase transition,🟡 Partial,Scale imported; internal derivation needed,,,
SEIT Updated Whitepaper(1).docx,5,33,QCD boundary,UTT phase transition,🟡 Partial,Scale imported; internal derivation needed,,,
SEIT Updated Whitepaper(1).docx,5,34,Anomaly cancellation,Algebraic consistency,🟡 Partial,Depends on gauge derivation,,,
SEIT Updated Whitepaper(1).docx,5,35,RG flow SEF.24,Callan-Symanzik,🟡 Partial,β-function form not yet specified,,,
SEIT Updated Whitepaper(1).docx,5,36,CMB tilt n_s,N_sub constraint,🟡 Partial,n_s and N_sub are locked; neither derived independently,,,
SEIT Updated Whitepaper(1).docx,5,37,Mass scale m₀,Planck closure attempt,🔴 Open,Unit audit incomplete; full closure required,,,
SEIT Updated Whitepaper(1).docx,5,38,Projectors P_k,Spectral sector boundaries,🔴 Open,Boundaries asserted; must derive from UTT transitions,,,
SEIT Updated Whitepaper(1).docx,5,39,Force sector count = 3,Low/Mid/High λ,🔴 Open,Classification only; theorem not proven,,,
SEIT Updated Whitepaper(1).docx,5,40,Gauge group SU(3)×SU(2)×U(1),Octonion/Spin(8) route,🔴 Open,"Inclusion asserted, not derived; E₈/SO(10) alternatives not ruled out",,,
SEIT Updated Whitepaper(1).docx,5,41,N_sub,Cosmological sector,🔴 Open,Not closed; may be derivable from spectral dimension at Hubble radius,,,
SEIT Updated Whitepaper(1).docx,5,42,Graph G reconstruction,Inverse spectral problem,🔵 Undecidable,Cubitt-Perez-Garcia-Wolf; likely impossible,,,
SEIT Updated Whitepaper(1).docx,5,43,"ħ, c, G_N",Physical constants,⚫ Empirical,External measurements; framework inputs,,,
SEIT Updated Whitepaper(1).docx,6,1,Language,Statement of the persistence boundary,,,,,
SEIT Updated Whitepaper(1).docx,6,2,Spectral,Modes with λ_n below threshold survive,,,,,
SEIT Updated Whitepaper(1).docx,6,3,Thermodynamic (TNDS),|d_eS/dt| > d_iS/dt — export exceeds internal production,,,,,
SEIT Updated Whitepaper(1).docx,6,4,Persistence cost (C_Π),Corrective work exceeds information-loss cost,,,,,
SEIT Updated Whitepaper(1).docx,7,1,SEIT.Γ,Γ(λ) = Restoration(λ) / Degradation(λ),persistence ratio,,,,
SEIT Updated Whitepaper(1).docx,8,1,λ_c defined by,Γ(λ_c) = 1,crossing point,,,,
SEIT Updated Whitepaper(1).docx,9,1,Source,Functional Form and Status,,,,,
SEIT Updated Whitepaper(1).docx,9,2,Heat-kernel decay: −d/dβ ln R_n,D₁(λ) = λ 🟢 Falls directly from SEF.9; no new parameters,,,,,
SEIT Updated Whitepaper(1).docx,9,3,TNDS entropy production,D₂(λ) = βλ² 🟡 λ as transition rate needs proof; carries temperature explicitly,,,,,
SEIT Updated Whitepaper(1).docx,9,4,Cheeger boundary leakage,D₃(λ) = √λ 🟡 Nodal-domain isoperimetric scaling; not yet formally proven,,,,,
SEIT Updated Whitepaper(1).docx,10,1,Target integral,Γ(λ_n) = ⟨ψ_n | g^{ca}∇_a I_F |_{y=ψ_n}⟩ / ⟨ψ_{m>n} | g^{ca}∇_a I_F |_{y=ψ_n}⟩,,,,,
SEIT Updated Whitepaper(1).docx,11,1,Step,What Becomes Derivable,,,,,
SEIT Updated Whitepaper(1).docx,11,2,1. λ_c from Γ(λ)=1,"Persistence sector Π = {n : λ_n < λ_c} has a justified, non-trivial boundary",,,,,
SEIT Updated Whitepaper(1).docx,11,3,2. m₀ from λ_c at Planck scale,"At λ_c|_{Planck} = 1/ℓ_P², the mass formula gives m₀ = ħ/c (natural units: m₀=1)",,,,,
SEIT Updated Whitepaper(1).docx,11,4,3. P_k from UTT phase transitions,"Boundaries are where Γ(λ) changes slope — the two UTT phase transitions (EW, QCD)",,,,,
SEIT Updated Whitepaper(1).docx,11,5,4. Force sector count,Count of discontinuities in Γ(λ); three sectors requires two transitions (SEF.27+28),,,,,
SEIT Updated Whitepaper(1).docx,11,6,5. Coupling constants α_k,"Once P_k boundaries are derived, ⟨ψ|P_k|ψ⟩ becomes computable",,,,,
SEIT Updated Whitepaper(1).docx,11,7,6. N_sub / CMB tilt,N_sub = spectral dimension of network at Hubble radius; locks to observed n_s,,,,,
SEIT Updated Whitepaper(1).docx,12,1,Item,Why It Remains Open,,,,,
SEIT Updated Whitepaper(1).docx,12,2,Gauge group SU(3)×SU(2)×U(1),"The Octonion/Spin(8) derivation requires proving the graph's Clifford structure matches this algebra — alternatives (E₈, SO(10), F₄) are not yet ruled out by the spectral data alone",,,,,
SEIT Updated Whitepaper(1).docx,12,3,Specific graph G,Undecidable: Cubitt-Perez-Garcia-Wolf theorem. Existence guaranteed; explicit form inaccessible to finite algorithm,,,,,
SEIT Updated Whitepaper(1).docx,13,1,Physical Theory,Fundamental Object → Spectral Object,,,,,
SEIT Updated Whitepaper(1).docx,13,2,Classical Mechanics,"Phase space (x,p) → Liouville operator → Liouville spectrum",,,,,
SEIT Updated Whitepaper(1).docx,13,3,Statistical Mechanics,Ensemble → Transfer operator → Partition spectrum,,,,,
SEIT Updated Whitepaper(1).docx,13,4,Thermodynamics,State manifold → Hessian / Legendre → Stability eigenvalues,,,,,
SEIT Updated Whitepaper(1).docx,13,5,Quantum Mechanics,Hilbert space |ψ⟩ → Hamiltonian H → Energy spectrum,,,,,
SEIT Updated Whitepaper(1).docx,13,6,General Relativity,"Riemannian manifold (M,g) → Laplace-Beltrami Δ_g → Geometric spectrum",,,,,
SEIT Updated Whitepaper(1).docx,13,7,Gauge Theory,"Principal bundle (P,A) → Gauge Laplacian Δ_A → Gauge spectrum",,,,,
SEIT Updated Whitepaper(1).docx,13,8,Noncommutative Geometry,"Spectral triple (𝒜,ℋ,𝒟) → Dirac operator → Spectral action",,,,,
SEIT Updated Whitepaper(1).docx,14,1,Phase XII,"(Ω,ℱ,μ) → Σ → R → G → ℋ → 𝒪 → E(λ) → σ(𝒪) → e^{tG} → Z → (F,U,S) → K_t → a_k → (g,R) → ind(D) → (𝒜,ℋ,𝒟) → Physical Correspondence",,,,,
SEIT Updated Whitepaper(1).docx,15,1,DTC Primitive,Role in SEIT / Phase XII,,,,,
SEIT Updated Whitepaper(1).docx,15,2,Distinction (Δ),"Closed orientable boundary ∂Ω; hypersurface satisfying ∂(∂Ω)=∅; maps to node in G=(V,E)",,,,,
SEIT Updated Whitepaper(1).docx,15,3,Transformation (τ),Smooth flow preserving phase-space volume; maps to edge weights in A; permissible state change,,,,,
SEIT Updated Whitepaper(1).docx,15,4,Constraint (κ),"Projection operator P_κ, P_κ²=P_κ; maps to degree structure D; restricts allowed transformations",,,,,
SEIT Updated Whitepaper(1).docx,15,5,Persistence (Π),Kernel of invariant operator surviving repeated τ under κ; maps to persistence sector Π={n:λ_n<λ_c},,,,,
SEIT Updated Whitepaper(1).docx,16,1,Gate,Spectral / SEIT Correspondence,,,,,
SEIT Updated Whitepaper(1).docx,16,2,Physical Realizability (C_p),"Graph axiom set 𝒜*: bipartite, Abelian, shell-hierarchical, scale-invariant — filters to physical spectrum",,,,,
SEIT Updated Whitepaper(1).docx,16,3,Thermodynamic Driving (C_t),"Non-zero gradient ∇Θ≠0, throughput J≠0 — NEDS configurations capable of sustained flux",,,,,
SEIT Updated Whitepaper(1).docx,16,4,Spectral Persistence (C_π),λ_n < λ_c: persistence sector Π; TNDS fixed points; Γ(λ)>1,,,,,
SEIT Updated Whitepaper(1).docx,16,5,Evolutionary Scaling (C_e),Stable micro-invariants pass upward via emergence operator 𝔈; TNDS layer hierarchy,,,,,
SEIT Updated Whitepaper(1).docx,17,1,Rank,Target,Method,What Unlocks,,,
SEIT Updated Whitepaper(1).docx,17,2,1,Evaluate Γ(λ) projection integral from C_Π,Compute ⟨ψ_n|g^{ca}∇_aI_F|ψ_n⟩ and scattering complement,"λ_c, Π, all downstream objects",,,
SEIT Updated Whitepaper(1).docx,17,3,2,Prove Γ(λ) is monotonically decreasing,Show restoration falls and degradation rises with λ,Uniqueness of λ_c crossing,,,
SEIT Updated Whitepaper(1).docx,17,4,3,Derive explicit λ_c(β) flow equation,Root of Γ(λ)=1 as function of filtering depth β,Running threshold consistent with RG flow,,,
SEIT Updated Whitepaper(1).docx,17,5,4,Derive projector boundaries P_k,Locate UTT phase transitions in Γ(λ) slope,"Force sector count, coupling constants",,,
SEIT Updated Whitepaper(1).docx,17,6,5,Close m₀ normalization,Planck boundary condition at λ_c|_{Planck}=1/ℓ_P²,Mass spectrum without free parameter,,,
SEIT Updated Whitepaper(1).docx,17,7,6,Derive force sector count = 3,Prove exactly two UTT transitions from SEF.27+28,Eliminates ad hoc three-sector assumption,,,
SEIT Updated Whitepaper(1).docx,17,8,7,Gauge group derivation,Prove graph Clifford structure selects SU(3)×SU(2)×U(1),"Gauge closure; rules out E₈, SO(10), F₄",,,
SEIT Updated Whitepaper(1).docx,17,9,8,Close cosmological sector,N_sub from spectral dimension at Hubble radius,CMB tilt derivation,,,
SEIT Updated Whitepaper(1).docx,17,10,9,Classify remaining empirical inputs,Determine which constants are truly external vs. derivable,Boundary between theory and measurement,,,
SEIT Updated Whitepaper(1).docx,18,1,Prediction,Current Status,,,,,
SEIT Updated Whitepaper(1).docx,18,2,Protocol I: UV spectral dispersion — energy-dependent photon time delay,Falsifiable prediction retained. Derivation depends on spectral correction to d'Alembertian. 🟡 Partially derived,,,,,
SEIT Updated Whitepaper(1).docx,18,3,Protocol II: IR non-local lensing field — replaces dark matter halos,Falsifiable prediction retained. Non-local trace from graph Laplacian Green's function. 🟡 Partially derived,,,,,
SEIT Updated Whitepaper(1).docx,18,4,Protocol III: Quantum metric noise spectrum — irreducible GW detector noise floor,Falsifiable floor prediction retained. Below current detector sensitivity. 🟡 Partially derived,,,,,
SEIT Updated Whitepaper(1).docx,18,5,CMB tilt n_s = 0.9650 (claimed),Agreement with Planck 2018 is real but derivation of N_sub is open. Prediction is contingent. 🟡,,,,,
SEIT Updated Whitepaper(1).docx,18,6,GW line at 166 Hz (retracted),Axion mass ansatz not derivable from SEIT.1 and conflicts with fuzzy-DM physics. Dropped. 🔴,,,,,
SEIT Updated Whitepaper(1).docx,18,7,Dwarf galaxy core radii ~ 135 pc (retracted),"Inconsistent with observed diversity (Fornax ~700 pc, Draco <50 pc). Dropped. 🔴",,,,,
SEIT Updated Whitepaper(1).docx,18,8,Anomaly cancellation as algebraic identity,Tr[Γ⁵ 𝒟_Δ²] = 0 is a consistency condition; depends on gauge derivation. 🟡,,,,,
SEIT Updated Whitepaper(1).docx,18,9,Graph G reconstruction from Spec(Nature),Undecidable per Cubitt-Perez-Garcia-Wolf 2015. Correctly classified as fundamental limit. 🔵,,,,,
Combined Compiler Theories Whitepaper(2).docx,1,1,State,Definition,,,,,
Combined Compiler Theories Whitepaper(2).docx,1,2,Certified,The result has a complete symbolic derivation and has passed the verification protocol of §0.2. It is treated as established within the compiler's own terms — which is not the same claim as independent peer-reviewed publication.,,,,,
Combined Compiler Theories Whitepaper(2).docx,1,3,Candidate,"The construction is internally consistent and has passed some, but not all, stages of the verification protocol. At least one proof obligation remains outstanding.",,,,,
Combined Compiler Theories Whitepaper(2).docx,1,4,Open,"A well-posed research question with a stated target, but no candidate proof yet exists. Distinct from Candidate: an Open item has no proof attempt on record, where a Candidate has an incomplete one.",,,,,
Combined Compiler Theories Whitepaper(2).docx,1,5,Retired,"A research direction that was actively pursued and then closed, with the reason for closure recorded rather than left implicit. Retired branches are kept in the registry specifically so they are not repeated.",,,,,
Combined Compiler Theories Whitepaper(2).docx,1,6,Research Objective,"A long-term target not yet formulated as a specific candidate construction — a direction, not yet a conjecture.",,,,,
Combined Compiler Theories Whitepaper(2).docx,2,1,Verb,Fixed Meaning,,,,,
Combined Compiler Theories Whitepaper(2).docx,2,2,defines,Introduces a new object or notation with no truth claim attached.,,,,,
Combined Compiler Theories Whitepaper(2).docx,2,3,proves,Establishes a Certified result from already-Certified dependencies.,,,,,
Combined Compiler Theories Whitepaper(2).docx,2,4,recovers,Reconstructs an already-known mathematical object from compiler primitives — the characteristic verb of Parts II and IV's validation campaigns.,,,,,
Combined Compiler Theories Whitepaper(2).docx,2,5,classifies,"Partitions a space of objects by an invariant, without asserting new facts about any individual object.",,,,,
Combined Compiler Theories Whitepaper(2).docx,2,6,certifies,Marks the transition of an object's status to Certified after the §0.2 protocol has been completed.,,,,,
Combined Compiler Theories Whitepaper(2).docx,2,7,suggests,Reports a pattern or heuristic argument that has not passed the §0.2 protocol.,,,,,
Combined Compiler Theories Whitepaper(2).docx,2,8,conjectures,"States a specific, falsifiable Candidate or Open claim, distinguished from a vaguer Research Objective by having a precise statement.",,,,,
Combined Compiler Theories Whitepaper(2).docx,3,1,Program / Object,Location,Status,Primary Dependency,,,
Combined Compiler Theories Whitepaper(2).docx,3,2,MDCL v1.0 — Primitive Grammar,"Part IV, Preface",Certified,—,,,
Combined Compiler Theories Whitepaper(2).docx,3,3,CMRC-001–019 (String Theory Recovery Core),Part IV §1,Certified,CMRC-001,,,
Combined Compiler Theories Whitepaper(2).docx,3,4,VAL-005 (Hamiltonian Mechanics),Part IV §2,Certified,MDCL-1015,,,
Combined Compiler Theories Whitepaper(2).docx,3,5,VAL-004 (Quantum Mechanics),Part IV §3,Certified,VAL-005,,,
Combined Compiler Theories Whitepaper(2).docx,3,6,"MDCL v2.0, Layers 0–VI (Graph-Spectral GR Recovery)",Part IV §7.1–7.4,Certified,Primitive Kernel,,,
Combined Compiler Theories Whitepaper(2).docx,3,7,"MDCL v2.0, Layer VII (Physical Recovery Core)",Part IV §7.5,Research Objective,Layer VI,,,
Combined Compiler Theories Whitepaper(2).docx,3,8,"MDCL v2.0, Layers VIII–XIII (Architecture Roadmap)",Part IV §7.6,Research Objective,Layer VII,,,
Combined Compiler Theories Whitepaper(2).docx,3,9,UGAS (Free Grammar Algebra),Part V §1,Certified,Σ₀,,,
Combined Compiler Theories Whitepaper(2).docx,3,10,UGCT (Congruence & Quotient),Part V §2,Certified,UGAS,,,
Combined Compiler Theories Whitepaper(2).docx,3,11,UGUP (Universal Mapping Property),Part V §3,Certified,UGCT,,,
Combined Compiler Theories Whitepaper(2).docx,3,12,UGNT (Normal Form Theory),Part V §4,Certified (framework); theorems Open,UGUP,,,
Combined Compiler Theories Whitepaper(2).docx,3,13,UGIT (Intrinsic Grammar Theory),Part V §5,Certified,UGNT,,,
Combined Compiler Theories Whitepaper(2).docx,3,14,UOLS (Organizational Semantics),Part V §6,Certified,UGIT,,,
Combined Compiler Theories Whitepaper(2).docx,3,15,UTS (Universal Type System),Part V §7,Certified,UOLS,,,
Combined Compiler Theories Whitepaper(2).docx,3,16,MDCL-0001 (Canonical MDCL Object),Part V §8,Certified,UTS,,,
Combined Compiler Theories Whitepaper(2).docx,3,17,MDCL-0002 (Category of MDCL Objects),not received,Research Objective,MDCL-0001,,,
Combined Compiler Theories Whitepaper(2).docx,3,18,LOR-002 (Negative Eigenvector),Part IV §8.3,Certified,LOR-001,,,
Combined Compiler Theories Whitepaper(2).docx,3,19,LOR-001 (Resistance Threshold),Part IV §8.4,Candidate,"Effective Resistance, Rank-One Inertia",,,
Combined Compiler Theories Whitepaper(2).docx,3,20,IOC Rank-One (Index Classification),Part IV §8.5,Certified target,LOR-001,,,
Combined Compiler Theories Whitepaper(2).docx,3,21,IOC Rank-Two,Part IV §8.5,Open,IOC Rank-One,,,
Combined Compiler Theories Whitepaper(2).docx,3,22,IOC Rank-k,Part IV §8.5,Research Objective,IOC Rank-Two,,,
Combined Compiler Theories Whitepaper(2).docx,3,23,Fisher Information Route,Part IV §8.6,Retired,—,,,
Combined Compiler Theories Whitepaper(2).docx,3,24,Standard Signed Laplacian,Part IV §8.6,Retired,—,,,
Combined Compiler Theories Whitepaper(2).docx,3,25,Classical Balance-Theory Route,Part IV §8.6,Retired,—,,,
Combined Compiler Theories Whitepaper(2).docx,4,1,Category Phase,Graph Input Target (𝔊•),Discrete Geometry Object (𝔇),Continuization Functor (𝔓��),Localization Operator (𝔏),Compiled Continuum Law (ℒ),
Combined Compiler Theories Whitepaper(2).docx,4,2,Quantum Mechanics,Complex Informational Vector Topology,Finite-dimensional Unitary Hilbert Space ℋn,Strong Resolvent Limit (n → ∞),Time-Translation Generator Selection (e−itH),Schrödinger Wave Equation,
Combined Compiler Theories Whitepaper(2).docx,4,3,Standard Model,Internal Color Phase Symmetries,Principal Fiber Bundle over link variables Uij,Γ-Convergence of Wilson Action,Local Gauge Invariance Covariant Derivative,Yang–Mills Gauge Field Strength,
Combined Compiler Theories Whitepaper(2).docx,4,4,General Relativity,Manifold Tangent Frame Connectivities,Frame Bundle Connections Γλμν,Gromov–Hausdorff Metric Limit,Metric Compatibility Extremization,Einstein Field Equations (Gravity),
Combined Compiler Theories Whitepaper(2).docx,4,5,Thermodynamics,Multi-Particle Configuration Graph,Discrete Phase Space Microstate Counts W,Combinatorial Ergodic Shuffling Limits,Free-Energy Variational Optimization,Fundamental Thermodynamic State Laws,
Combined Compiler Theories Whitepaper(2).docx,4,6,Evolutionary Biology,Genetic / Phenotypic Coordinate Space,Variable Allelic Sequence Mutative Networks,Non-Equilibrium Steady-State Limits,Autopoietic Homeostatic Conservation,Metabolic Homeostasis & Genomes,
Combined Compiler Theories Whitepaper(2).docx,4,7,Neuroscience,Synaptic Axonal Connectivity Map,Directed Spiking Node Matrix Weights,Free Energy Principle Optimization,Sensory Prediction Error Minimization,Cognitive Semantic World-Models,
Combined Compiler Theories Whitepaper(2).docx,5,1,Scale Layer,Substrate Measure,Distinction (Δ),Transformation (τ),Constraint (κ),Target State (Π),De-Compilation Cascade
Combined Compiler Theories Whitepaper(2).docx,5,2,1: Spacetime & Quantum,Discrete combinatorial grid,Metric boundary separating localized points,Smooth wavefunction propagation,Gauge invariance; Pauli Exclusion,Invariant low-frequency eigenmodes (𝔊ARBS),Topological singularity: metric rupture
Combined Compiler Theories Whitepaper(2).docx,5,3,2: Atomic Chemistry,Quantum field microstates,Nucleus / electron-cloud split,Valence sharing & bonding pathways,Spatial groups; Pauling's Rules,Lattice crystal (TEDS),Thermal melting: lattice breakage
Combined Compiler Theories Whitepaper(2).docx,5,4,3: Biophysics,Amorphous molecular networks,Amphiphilic membrane boundary,Vector transport across protein complexes,Bilayer semi-permeability; enzyme kinetics,Cellular membrane (TNDS),Membrane lysis
Combined Compiler Theories Whitepaper(2).docx,5,5,4: Evolutionary Biology,Organic macromolecular pools,Genetic / somatic boundary,Epigenetic differential expression,Codon translation laws; Murray's Law,Macro-organismal homeostasis (TNDS),Somatic organ failure
Combined Compiler Theories Whitepaper(2).docx,5,6,5: Cognitive Neuroscience,Amino-acid / metabolic substrates,Sodium / potassium channel boundary,High-speed axonal signal propagation,Refractory periods,Neural circuit TNDS,Oscillatory desynchronization
Combined Compiler Theories Whitepaper(2).docx,5,7,6: Epistemic Agentics,Peripheral electrodynamic spikes,Ego-boundary / external scene split,Counterfactual generative simulation,Free Energy Principle,Predictive-agent TNDS,Predictive disconnect (psychosis)
Combined Compiler Theories Whitepaper(2).docx,5,8,7: Socio-Economics,Individual behavioral variation,Linguistic / legal boundary codes,Transaction of wealth and resource tokens,Statutory law; market infrastructure,Hyper-organizational TNDS,Hyper-complexity collapse
Combined Compiler Theories Whitepaper(2).docx,6,1,Category Morphism,Core Functional Metric,Exact Mathematical Failure Boundary,Structural Consequence on 𝔓��,Falsification Diagnostic Status,,
Combined Compiler Theories Whitepaper(2).docx,6,2,𝔊• → 𝔊•,Refinement Locality,limn→∞ maxv deg(v) = ∞,Dimensional Explosion: graph expands via small-world shortcuts; Hausdorff dimension diverges to infinity.,Falsified if limiting topological dimension ∉ ℕ.,,
Combined Compiler Theories Whitepaper(2).docx,6,3,𝔊• → 𝔇,Orientation Chain Map,dG_{n+1}∘R ≠ R∘dG_n,Cochain Rupture: the boundary operator fails nilpotency (dG² ≠ 0); algebraic cohomology collapses.,Falsified if the discrete exterior chain complex breaks down.,,
Combined Compiler Theories Whitepaper(2).docx,6,4,𝔇 → 𝔇,Hodge Star Duality,⋆n+1R ≠ αd−2kR⋆n,Metric Asymmetry: primal paths and dual volumes uncouple; Hodge Laplacian loses its self-adjointness.,Falsified if Spec(ΔG_n) develops complex matrix entries.,,
Combined Compiler Theories Whitepaper(2).docx,6,5,𝔇 → 𝔇,Lyapunov Stability,β ≥ 2/Λmax,"Optimizer Instability: gradient descent paths violently oscillate and explode to infinity, preventing compilation.",Falsified if the global action functional 𝔄[Ψn] → ∞.,,
Combined Compiler Theories Whitepaper(2).docx,6,6,𝔇 → 𝔇,Strict Convexity,λmin(H) ≤ 0,Attractor Fragmentation: the single target physics fractures into multiple competing degenerate valleys.,Falsified if the action functional develops multi-basin minima.,,
Combined Compiler Theories Whitepaper(2).docx,6,7,𝔇 → ℳ,Gromov–Hausdorff (Doubling Cap),limn→∞ Cn = ∞,"Loss of Precompactness: the network splits into fractal filaments, failing to isolate a smooth manifold.",Falsified if the limiting metric tensor gμν is non-smooth or degenerate.,,
Combined Compiler Theories Whitepaper(2).docx,6,8,ℳ → ℒ,Weitzenböck Commutator,"[ℒe_a, ℒe_b] ≠ dRab − Rabd","Torsion Singularity Induction: parallel transport fails to close, introducing shear fields that break General Relativity.",Falsified if the continuous field equations permit non-vanishing torsion.,,
Combined Compiler Theories Whitepaper(2).docx,6,9,ℒ → ℰ,Fredholm Stability,Index trace fluctuates infinitely as n → ∞,"Topological Index Shattering: chiral null spaces undergo infinite bifurcations, destroying Fredholm stability.",Falsified if an isolated eigenvalue crosses zero infinitely often.,,
Combined Compiler Theories Whitepaper(2).docx,7,1,Term,Symbol,Definition,,,,
Combined Compiler Theories Whitepaper(2).docx,7,2,Scalars,s ∈ 𝔽,Zero-rank tensor quantities representing magnitude independent of coordinate choice.,,,,
Combined Compiler Theories Whitepaper(2).docx,7,3,Vectors,v ∈ 𝒱,"First-rank tensor quantities, elements of a vector space representing directed magnitude.",,,,
Combined Compiler Theories Whitepaper(2).docx,7,4,Matrices,M ∈ 𝔽m×n,Two-dimensional arrays representing linear transformations between finite-dimensional spaces.,,,,
Combined Compiler Theories Whitepaper(2).docx,7,5,Tensors,Tμ_1…μ_pν_1…ν_q,Multi-linear maps over vector spaces transforming covariantly and contravariantly under coordinate shifts.,,,,
Combined Compiler Theories Whitepaper(2).docx,7,6,Fields,φ(x),"Functions assigning a scalar, vector, tensor, or operator value to every point in a manifold.",,,,
Combined Compiler Theories Whitepaper(2).docx,7,7,Functions,f : X → Y,Input–output mappings matching every element of a domain to exactly one element of a codomain.,,,,
Combined Compiler Theories Whitepaper(2).docx,7,8,Operators,Ô,"Mappings from a function or vector space onto itself, executing transformations or evaluations.",,,,
Combined Compiler Theories Whitepaper(2).docx,7,9,Constants,c,"Non-varying values invariant across configurations, parameter adjustments, and time evolution.",,,,
Combined Compiler Theories Whitepaper(2).docx,7,10,Parameters,θ,Variables held fixed during local execution but adjusted across global optimizations.,,,,
Combined Compiler Theories Whitepaper(2).docx,7,11,Coordinates,xμ,Independent scalar values identifying a unique location within a manifold chart.,,,,
Combined Compiler Theories Whitepaper(2).docx,7,12,Indices,"μ, ν, α",Label tokens tracking component alignment and contraction properties in tensor expressions.,,,,
Combined Compiler Theories Whitepaper(2).docx,7,13,Probability Measures,μP,"σ-algebra functions assigning a value in [0,1] to subsets of a sample space.",,,,
Combined Compiler Theories Whitepaper(2).docx,7,14,State Variables,yc,Minimally sufficient sets of properties completely identifying a system's configuration.,,,,
Combined Compiler Theories Whitepaper(2).docx,8,1,Term,Symbol,Definition,,,,
Combined Compiler Theories Whitepaper(2).docx,8,2,Arithmetic,"+, −, ×, ÷",Foundational algebraic operations on field structures.,,,,
Combined Compiler Theories Whitepaper(2).docx,8,3,Relational,,Logical comparisons returning boolean values based on size or identity.,,,,
Combined Compiler Theories Whitepaper(2).docx,8,4,Composition,∘,Functional sequencing: (f ∘ g)(x) = f(g(x)).,,,,
Combined Compiler Theories Whitepaper(2).docx,8,5,Partial Derivative,∂μ,Rate of change along a single chosen coordinate axis.,,,,
Combined Compiler Theories Whitepaper(2).docx,8,6,Gradient,∇,Maps a scalar field to its direction of steepest ascent.,,,,
Combined Compiler Theories Whitepaper(2).docx,8,7,Variation,δ,Infinitesimal virtual displacement used to evaluate extremal paths.,,,,
Combined Compiler Theories Whitepaper(2).docx,8,8,Laplacian,Δ,Divergence of the gradient; measures local smoothing and diffusion capacity.,,,,
Combined Compiler Theories Whitepaper(2).docx,8,9,Summation,Σ,Accumulation over a discrete indexing set.,,,,
Combined Compiler Theories Whitepaper(2).docx,8,10,Product,Π,Multiplicative accumulation over a discrete indexing set.,,,,
Combined Compiler Theories Whitepaper(2).docx,8,11,Integral,∫,Continuous accumulation over a defined region or path.,,,,
Combined Compiler Theories Whitepaper(2).docx,8,12,Limit,lim,The value approached by an expression as a variable nears a boundary point.,,,,
Combined Compiler Theories Whitepaper(2).docx,8,13,Exponential,exp,Base-e scaling function mapping additive to multiplicative growth.,,,,
Combined Compiler Theories Whitepaper(2).docx,8,14,Logarithm,log,"Inverse exponential, mapping multiplicative into additive spaces.",,,,
Combined Compiler Theories Whitepaper(2).docx,8,15,Determinant,det,Volume scale factor of a square matrix's transformation.,,,,
Combined Compiler Theories Whitepaper(2).docx,8,16,Trace,Tr,Sum of diagonal elements of a matrix or operator; basis-invariant.,,,,
Combined Compiler Theories Whitepaper(2).docx,8,17,Spectrum,Spec,Complete set of eigenvalues of a linear operator.,,,,
Combined Compiler Theories Whitepaper(2).docx,8,18,Adjoint,Ô†,"Conjugate transpose satisfying ⟨Ôu, v⟩ = ⟨u, Ô†v⟩.",,,,
Combined Compiler Theories Whitepaper(2).docx,8,19,Inverse,Ô−1,Operator undoing a transformation such that ÔÔ−1 = 𝕀.,,,,
Combined Compiler Theories Whitepaper(2).docx,8,20,Projection,P,Idempotent operator (P² = P) mapping onto a lower-dimensional subspace.,,,,
Combined Compiler Theories Whitepaper(2).docx,8,21,Embedding,ι,Injective mapping nesting a lower-dimensional object within a higher-dimensional host.,,,,
Combined Compiler Theories Whitepaper(2).docx,8,22,Commutator,"[Â, B̂]","Non-commutativity measure, ÂB̂ − B̂Â.",,,,
Combined Compiler Theories Whitepaper(2).docx,8,23,Tensor Product,⊗,Combines separate spaces into a single higher-rank tensor space.,,,,
Combined Compiler Theories Whitepaper(2).docx,8,24,Direct Sum,⊕,Combines vector spaces or modules into a single decoupled joint space.,,,,
Combined Compiler Theories Whitepaper(2).docx,8,25,Inner Product,"⟨·,·⟩","Maps two vectors to a scalar, establishing length and orthogonality.",,,,
Combined Compiler Theories Whitepaper(2).docx,8,26,Expectation,𝔼[·],Weighted average of a random variable across a probability distribution.,,,,
Combined Compiler Theories Whitepaper(2).docx,8,27,Variance,Var(·),"Structural dispersion, 𝔼[(X − 𝔼[X])²].",,,,
Combined Compiler Theories Whitepaper(2).docx,9,1,Term,Symbol,Definition,,,,
Combined Compiler Theories Whitepaper(2).docx,9,2,Equality,=,Two structures occupy the exact same point in a value space.,,,,
Combined Compiler Theories Whitepaper(2).docx,9,3,Inequality,≠,Two objects do not share the exact same configuration point.,,,,
Combined Compiler Theories Whitepaper(2).docx,9,4,Membership,∈,An object is an element within a bounded set.,,,,
Combined Compiler Theories Whitepaper(2).docx,9,5,Containment,⊂,An entire set resides inside a larger boundary set.,,,,
Combined Compiler Theories Whitepaper(2).docx,9,6,Dependency,X = f(Y),The state space of one object is bounded or modified by another's.,,,,
Combined Compiler Theories Whitepaper(2).docx,9,7,Ordering,≤,Sequential priority or ranking across an array.,,,,
Combined Compiler Theories Whitepaper(2).docx,9,8,Adjacency,A ~ B,Two nodes share a direct structural channel or edge.,,,,
Combined Compiler Theories Whitepaper(2).docx,9,9,Connectivity,𝒞,Continuous paths exist between any two regions of a space.,,,,
Combined Compiler Theories Whitepaper(2).docx,9,10,Causality,A → B,Updates to B require information throughput from the prior state of A.,,,,
Combined Compiler Theories Whitepaper(2).docx,9,11,Symmetry,σ,A transformation leaves the baseline configuration or equation unchanged.,,,,
Combined Compiler Theories Whitepaper(2).docx,9,12,Equivalence,≡,Groups distinct objects sharing identical targeted properties.,,,,
Combined Compiler Theories Whitepaper(2).docx,9,13,Isomorphism,≅,A bijective mapping preserving the structural operations of both systems.,,,,
Combined Compiler Theories Whitepaper(2).docx,9,14,Orthogonality,⊥,The inner product of two distinct state elements equals zero.,,,,
Combined Compiler Theories Whitepaper(2).docx,9,15,Independence,P(A|B) = P(A),Updates to one state vector give zero information about another.,,,,
Combined Compiler Theories Whitepaper(2).docx,9,16,Correlation,ρ,Statistical co-linear movement between two data vectors.,,,,
Combined Compiler Theories Whitepaper(2).docx,9,17,Constraint,𝒞(y) = 0,A structural boundary condition restricting permissible configurations.,,,,
Combined Compiler Theories Whitepaper(2).docx,10,1,Structure,Definition,,,,,
Combined Compiler Theories Whitepaper(2).docx,10,2,Set,Disorganized collection of unique primitive objects defined by its boundary inclusion conditions.,,,,,
Combined Compiler Theories Whitepaper(2).docx,10,3,Sequence,Ordered list of objects index-linked to a countable ordinal set.,,,,,
Combined Compiler Theories Whitepaper(2).docx,10,4,Graph,Structural matrix defined by discrete nodes and their linking adjacency edges.,,,,,
Combined Compiler Theories Whitepaper(2).docx,10,5,Hypergraph,A network in which a single edge can connect an arbitrary number of nodes.,,,,,
Combined Compiler Theories Whitepaper(2).docx,10,6,Tree,A connected graph containing zero closed loops or cyclic paths.,,,,,
Combined Compiler Theories Whitepaper(2).docx,10,7,Category,Objects linked via explicit structural maps (morphisms) under composition rules.,,,,,
Combined Compiler Theories Whitepaper(2).docx,10,8,Algebra,A vector space equipped with a bilinear product operation.,,,,,
Combined Compiler Theories Whitepaper(2).docx,10,9,Group,"A set with a single associative binary operator, an identity, and inverses.",,,,,
Combined Compiler Theories Whitepaper(2).docx,10,10,Ring,A set supporting associative addition and multiplication under distributive rules.,,,,,
Combined Compiler Theories Whitepaper(2).docx,10,11,Field,A commutative ring supporting non-zero division.,,,,,
Combined Compiler Theories Whitepaper(2).docx,10,12,Vector Space,Elements that can be linearly scaled and added together.,,,,,
Combined Compiler Theories Whitepaper(2).docx,10,13,Hilbert Space,A complete vector space equipped with an inner product.,,,,,
Combined Compiler Theories Whitepaper(2).docx,10,14,Manifold,A topological space that locally matches flat Euclidean coordinates.,,,,,
Combined Compiler Theories Whitepaper(2).docx,10,15,Fiber Bundle,A manifold locally structured as a product of a base and a fiber space.,,,,,
Combined Compiler Theories Whitepaper(2).docx,10,16,Metric Space,A set with an explicit distance function.,,,,,
Combined Compiler Theories Whitepaper(2).docx,10,17,Topology,Open subsets defining continuity and convergence without a metric.,,,,,
Combined Compiler Theories Whitepaper(2).docx,10,18,Measure Space,A σ-algebra structure providing a consistent notion of size.,,,,,
Combined Compiler Theories Whitepaper(2).docx,10,19,Probability Space,A measure space normalized to total volume 1.,,,,,
Combined Compiler Theories Whitepaper(2).docx,11,1,Tier,Symbol,Definition,,,,
Combined Compiler Theories Whitepaper(2).docx,11,2,T0: Potential Space,𝒫,"The unstructured background reservoir of all possible configurations, prior to any distinction: Int(𝒮₀)=𝒮₀, ∂𝒮₀=∅.",,,,
Combined Compiler Theories Whitepaper(2).docx,11,3,T1: Difference,d,"A non-zero distance between two elements of a state space: d(x,y)∈ℝ⁺ ⟺ x≠y.",,,,
Combined Compiler Theories Whitepaper(2).docx,11,4,T2: Distinction,𝔻,"A projection operator splitting a state space into a binary indicator set: 𝔻:𝒮₀→{0,1}.",,,,
Combined Compiler Theories Whitepaper(2).docx,11,5,T3: Identity,ℐ,A region whose indicator evaluation persists across a transformation T: 𝔻(T(x))=𝔻(x)=1.,,,,
Combined Compiler Theories Whitepaper(2).docx,11,6,T4: Boundary,∂,The topological interface separating an identity from its background: ∂ℐ = cl(ℐ)∩cl(𝒮₀∖ℐ).,,,,
Combined Compiler Theories Whitepaper(2).docx,11,7,T5: State,y,A position vector within a bounded d-dimensional configuration manifold: y(τ)∈ℳd.,,,,
Combined Compiler Theories Whitepaper(2).docx,11,8,T6: Relation,ℛ,A subset of the Cartesian product of two state spaces defining a mapping rule: ℛ⊆ℳA×ℳB.,,,,
Combined Compiler Theories Whitepaper(2).docx,11,9,T7: Interaction,J,A non-zero derivative coupling of one state to another: JAB=∂yA/∂yB ≠ 0.,,,,
Combined Compiler Theories Whitepaper(2).docx,11,10,T8: Transformation,T,An operator updating a state vector's position: T: y(τ₀)→y(τ₁).,,,,
Combined Compiler Theories Whitepaper(2).docx,11,11,T9: Constraint,𝒞,A restriction equation narrowing the accessible state space: 𝒞(y)=0.,,,,
Combined Compiler Theories Whitepaper(2).docx,11,12,T10: Selection,S,A projection retaining only trajectories satisfying an invariance condition: S(y(τ))=y(τ) ⟺ δℐF(y)=0.,,,,
Combined Compiler Theories Whitepaper(2).docx,11,13,T11: Organization,𝒪G,"An algebraic graph assembling nodes and relation channels: 𝒪G=(𝒱,ℰ).",,,,
Combined Compiler Theories Whitepaper(2).docx,11,14,T12: Persistence,Π,"Non-vanishing structural correlation across a translation in time: limτ→∞⟨𝒪G(τ₀),𝒪G(τ)⟩>0.",,,,
Combined Compiler Theories Whitepaper(2).docx,11,15,T13: Memory,ℳE,A convolution kernel folding past trajectory into the current update: y(τ)=∫₀τ 𝒦(τ−τ′)J(τ′)dτ′.,,,,
Combined Compiler Theories Whitepaper(2).docx,11,16,T14: Feedback,ℱ𝔅,"A closed, non-linear loop in a system's own update equations: dy/dτ = f(y, g(y)).",,,,
Combined Compiler Theories Whitepaper(2).docx,11,17,T15: Adaptation,𝒜,A gradient flow minimizing a structural functional by adjusting internal parameters: dθ/dτ = −gca∇a ℐF.,,,,
Combined Compiler Theories Whitepaper(2).docx,11,18,T16: Emergence,ℰM,A macro-state that cannot be reduced to a linear combination of its constituent micro-states: Ymacro=Ψ({yi})≠Σ αi yi.,,,,
Combined Compiler Theories Whitepaper(2).docx,11,19,T17: Hierarchy,ℋ,A nested sequence of projections ordered by increasing abstraction: ℒ₀→ℒ₁→⋯→ℒₙ.,,,,
Combined Compiler Theories Whitepaper(2).docx,11,20,T18: Evolution,ℰV,A trajectory across an organizational landscape under an accelerating geometric kernel: μ D²yc/Dτ² + γ Dyc/Dτ = gca∇a ℐF.,,,,
Combined Compiler Theories Whitepaper(2).docx,11,21,T19: Cross-Scale Coupling,𝕏,A partial-trace zoom operator linking microscopic fields to a macroscopic metric: gμν=Tr(ρmicro · Lspectral).,,,,
Combined Compiler Theories Whitepaper(2).docx,11,22,T20: Universality,𝕌,The fixed-point termination of the global renormalization operator across all domains: limn→∞ Rn(𝒯domain)=𝒯*.,,,,
Combined Compiler Theories Whitepaper(2).docx,12,1,Entry,Symbol,Definition,,,,
Combined Compiler Theories Whitepaper(2).docx,12,2,D1: Scalars,s ∈ 𝔽,"A zero-rank tensor quantity representing magnitude, invariant under coordinate change.",,,,
Combined Compiler Theories Whitepaper(2).docx,12,3,D2: Vectors,v ∈ 𝒱,A first-rank tensor element of a linear vector space.,,,,
Combined Compiler Theories Whitepaper(2).docx,12,4,D3: Tensors,Tμ_1…μ_pν_1…ν_q,A multi-linear map transforming co- and contravariantly under coordinate changes.,,,,
Combined Compiler Theories Whitepaper(2).docx,12,5,D4: Fields,φ(xμ),A function assigning a value to every point of a manifold.,,,,
Combined Compiler Theories Whitepaper(2).docx,12,6,D5: Partial Derivative,∂μ,The local rate of change along a single coordinate axis.,,,,
Combined Compiler Theories Whitepaper(2).docx,12,7,D6: Gradient,∇φ = gμν∂νφ,The vector of steepest directional increase of a scalar field.,,,,
Combined Compiler Theories Whitepaper(2).docx,12,8,D7: Variation,δ,An infinitesimal virtual displacement used to evaluate extremal paths.,,,,
Combined Compiler Theories Whitepaper(2).docx,12,9,D8: Laplacian,Δ = ∇·∇,The divergence of the gradient; local smoothing operator.,,,,
Combined Compiler Theories Whitepaper(2).docx,12,10,D9: Summation / Product,"Σ, Π",Discrete additive and multiplicative accumulation operators.,,,,
Combined Compiler Theories Whitepaper(2).docx,12,11,D10: Integral,∫,Continuous accumulation over a region or path.,,,,
Combined Compiler Theories Whitepaper(2).docx,12,12,D11: Limit,lim,The value an expression approaches near a boundary point.,,,,
Combined Compiler Theories Whitepaper(2).docx,12,13,D12: Exponential / Logarithm,"exp, log",Mutually inverse additive–multiplicative scaling maps.,,,,
Combined Compiler Theories Whitepaper(2).docx,12,14,D13: Determinant,det,The volume scale factor of a linear transformation.,,,,
Combined Compiler Theories Whitepaper(2).docx,12,15,D14: Trace,Tr,The basis-invariant sum of an operator's diagonal elements.,,,,
Combined Compiler Theories Whitepaper(2).docx,12,16,D15: Spectrum,Spec(Ô),The complete set of eigenvalues of a linear operator.,,,,
Combined Compiler Theories Whitepaper(2).docx,12,17,D16: Adjoint,Ô†,"The conjugate transpose satisfying ⟨Ôu,v⟩=⟨u,Ô†v⟩.",,,,
Combined Compiler Theories Whitepaper(2).docx,12,18,D17: Inverse,Ô−1,The operator satisfying ÔÔ−1=𝕀.,,,,
Combined Compiler Theories Whitepaper(2).docx,12,19,D18: Projection,"P, P²=P",An idempotent operator mapping onto a lower-dimensional subspace.,,,,
Combined Compiler Theories Whitepaper(2).docx,12,20,D19: Embedding,ι,An injective map nesting a lower-dimensional object in a higher-dimensional host.,,,,
Combined Compiler Theories Whitepaper(2).docx,12,21,D20: Commutator,"[Â,B̂]",The non-commutativity measure ÂB̂−B̂Â.,,,,
Combined Compiler Theories Whitepaper(2).docx,12,22,D21: Tensor Product / Direct Sum,"⊗, ⊕",Operators combining separate spaces into joint spaces.,,,,
Combined Compiler Theories Whitepaper(2).docx,12,23,D22: Inner Product,"⟨·,·⟩","The map from two vectors to a scalar, defining length and orthogonality.",,,,
Combined Compiler Theories Whitepaper(2).docx,12,24,D23: Expectation / Variance,"𝔼[·], Var(·)",The weighted mean and structural dispersion of a random variable.,,,,
Combined Compiler Theories Whitepaper(2).docx,12,25,D24: Sets and Sequences,"𝒮, (ai)",Unordered and ordered primitive collections of objects.,,,,
Combined Compiler Theories Whitepaper(2).docx,12,26,D25: Graphs,"𝒢=(𝒱,ℰ)",Discrete nodes and their adjacency edges.,,,,
Combined Compiler Theories Whitepaper(2).docx,12,27,D26: Categories,𝒞,Objects linked by composable structural morphisms.,,,,
Combined Compiler Theories Whitepaper(2).docx,12,28,D27: Metric / Measure Spaces,"(X,d), (X,Σ,μ)","A set with an explicit distance function, or a σ-algebra with a consistent notion of size.",,,,
Combined Compiler Theories Whitepaper(2).docx,13,1,Stage,Stars,Rivers,Life,Civilizations,,
Combined Compiler Theories Whitepaper(2).docx,13,2,Gradient (∇),Matter density gradient,Height difference,Energy gradient,Resource asymmetry,,
Combined Compiler Theories Whitepaper(2).docx,13,3,Constraint (κ),Gravity,Terrain,Chemical laws,Institutions,,
Combined Compiler Theories Whitepaper(2).docx,13,4,Organization (𝒪),Protostar,Channel formation,Autocatalytic network,Economies,,
Combined Compiler Theories Whitepaper(2).docx,13,5,Flow (F),Fusion,Water transport,Metabolism,Trade,,
Combined Compiler Theories Whitepaper(2).docx,13,6,Corrective Work (Wc),Radiation pressure,—,Repair,Governance,,
Combined Compiler Theories Whitepaper(2).docx,13,7,Persistence (Π),Main-sequence star,River system,Organism,Civilization,,
Combined Compiler Theories Whitepaper(2).docx,13,8,Emergence (E),Heavy elements,Watersheds,Evolution,Science and technology,,
Combined Compiler Theories Whitepaper(2).docx,14,1,Module,Recovered Object,Description,,,,
Combined Compiler Theories Whitepaper(2).docx,14,2,CMRC-001,"Ω = (σ, τ)",Configuration domain: the organizational parameter space underlying all downstream geometry.,,,,
Combined Compiler Theories Whitepaper(2).docx,14,3,CMRC-002,Σ,"Smooth worldsheet manifold, with tangent and cotangent structure.",,,,
Combined Compiler Theories Whitepaper(2).docx,14,4,CMRC-003,X: Σ → M,Embedding map. Grammar: D⊗G T.,,,,
Combined Compiler Theories Whitepaper(2).docx,14,5,CMRC-004,TΣ,"Tangent bundle, enabling derivatives and pullbacks.",,,,
Combined Compiler Theories Whitepaper(2).docx,14,6,CMRC-005,hab,Pullback metric. Grammar: D⊗G C.,,,,
Combined Compiler Theories Whitepaper(2).docx,14,7,CMRC-006,A[Σ],Area functional of the worldsheet.,,,,
Combined Compiler Theories Whitepaper(2).docx,14,8,CMRC-007,"SP[X,h]",Polyakov functional (canonical action).,,,,
Combined Compiler Theories Whitepaper(2).docx,14,9,CMRC-008,δS = 0,Variational (Euler–Lagrange) recovery: equations of motion and constraints.,,,,
Combined Compiler Theories Whitepaper(2).docx,14,10,CMRC-009,Tab,Stress tensor. Grammar: T⊗G C.,,,,
Combined Compiler Theories Whitepaper(2).docx,14,11,CMRC-010,Tab = 0,Conformal constraint surface. Grammar: C → I.,,,,
Combined Compiler Theories Whitepaper(2).docx,14,12,CMRC-011,hab = ηab,Gauge reduction: the conformal gauge slice.,,,,
Combined Compiler Theories Whitepaper(2).docx,14,13,CMRC-012,—,Residual symmetry: conformal transformations preserving the gauge slice.,,,,
Combined Compiler Theories Whitepaper(2).docx,14,14,CMRC-013,Ln,"Virasoro generators, via mode expansion of the residual symmetry.",,,,
Combined Compiler Theories Whitepaper(2).docx,14,15,CMRC-014,"[Lm,Ln] = (m-n)Lm+n",Classical Virasoro (Witt) algebra. Grammar: T⊗G C⊗G T-1.,,,,
Combined Compiler Theories Whitepaper(2).docx,14,16,CMRC-015,+ (c/12)m(m²-1)δm+n,Central extension: the quantum Virasoro algebra.,,,,
Combined Compiler Theories Whitepaper(2).docx,14,17,CMRC-016,QB,"BRST charge, from gauge and ghost fields.",,,,
Combined Compiler Theories Whitepaper(2).docx,14,18,CMRC-017,QB|ψ⟩ = 0,Physical Hilbert space (BRST-closed states).,,,,
Combined Compiler Theories Whitepaper(2).docx,14,19,CMRC-018,β(g) = 0,Target-space recovery: quantum consistency conditions.,,,,
Combined Compiler Theories Whitepaper(2).docx,14,20,CMRC-019,Rμν = 0,"Vacuum Einstein recovery, in the simplest background.",,,,
Combined Compiler Theories Whitepaper(2).docx,15,1,Registry,Representative Certified Assets,,,,,
Combined Compiler Theories Whitepaper(2).docx,15,2,Geometry Registry,"Worldsheet Σ, embedding map Xμ, tangent/cotangent bundles",,,,,
Combined Compiler Theories Whitepaper(2).docx,15,3,Variational Registry,"Action functional, Euler–Lagrange operator, Nambu–Goto action, Polyakov action",,,,,
Combined Compiler Theories Whitepaper(2).docx,15,4,Symmetry Registry,"Noether currents, Virasoro generators, residual conformal symmetry",,,,,
Combined Compiler Theories Whitepaper(2).docx,15,5,Tensor Registry,"Canonical stress–energy tensor, worldsheet stress tensor, symplectic form",,,,,
Combined Compiler Theories Whitepaper(2).docx,15,6,Algebra Registry,"Poisson algebra, Heisenberg–Weyl algebra, Witt algebra, Virasoro algebra",,,,,
Combined Compiler Theories Whitepaper(2).docx,15,7,Quantum Registry,"Canonical quantization map, Hilbert space, Hamiltonian operator, unitary evolution, central charge",,,,,
Combined Compiler Theories Whitepaper(2).docx,15,8,Dynamical / Flow Registry,"Hamiltonian vector field, phase-space flow, Schrödinger evolution",,,,,
Combined Compiler Theories Whitepaper(2).docx,16,1,Source,Primitive Set,Composition,,,,
Combined Compiler Theories Whitepaper(2).docx,16,2,Part I §9 (DTC grammar),"Δ, τ, κ, Π",Γ ≡ 𝔠κ ∘ 𝔗τ ∘ 𝔗Δ,,,,
Combined Compiler Theories Whitepaper(2).docx,16,3,Part IV §Preface (MDCL v1.0),"D, T, C (+ Π later)",Γ = C ∘ T ∘ Δ,,,,
Combined Compiler Theories Whitepaper(2).docx,16,4,Part IV §7.2 (MDCL v2.0),"Δ, τ, κ, Θ, Π, Ω",not stated as a single composition,,,,
Combined Compiler Theories Whitepaper(2).docx,17,1,Target Object,Stated Form,Status,,,,
Combined Compiler Theories Whitepaper(2).docx,17,2,Physical source tensor,Tμν,Target — not yet recovered,,,,
Combined Compiler Theories Whitepaper(2).docx,17,3,Conservation law,∇μTμν = 0,Target — not yet recovered,,,,
Combined Compiler Theories Whitepaper(2).docx,17,4,Einstein field equation (with matter),Gμν + Λgμν = (8πG/c⁴)Tμν,Target — not yet recovered,,,,
Combined Compiler Theories Whitepaper(2).docx,17,5,Geodesic equation,d²xμ/dτ² + Γμαβ(dxα/dτ)(dxβ/dτ) = 0,Target — not yet recovered,,,,
Combined Compiler Theories Whitepaper(2).docx,17,6,Newtonian limit,∇²Φ = 4πGρ,Target — not yet recovered,,,,
Combined Compiler Theories Whitepaper(2).docx,18,1,Certified Object,Role,,,,,
Combined Compiler Theories Whitepaper(2).docx,18,2,Secular equation,Characterizes the eigenvalues of the rank-one-perturbed Laplacian as roots of a scalar equation.,,,,,
Combined Compiler Theories Whitepaper(2).docx,18,3,Effective resistance identity,Relates the graph's effective resistance to the Laplacian's pseudoinverse.,,,,,
Combined Compiler Theories Whitepaper(2).docx,18,4,Exact perturbation identity,Gives the exact (not asymptotic) change in the spectrum under the rank-one update.,,,,,
Combined Compiler Theories Whitepaper(2).docx,18,5,Rank-one inertia theorem,Bounds the number of negative eigenvalues introduced by a rank-one perturbation of a PSD matrix.,,,,,
Combined Compiler Theories Whitepaper(2).docx,18,6,Resolvent representation of the negative eigenvector,Expresses the perturbation's negative-eigenvalue eigenvector via the resolvent of L₀; stated in full in §8.3.,,,,,
Combined Compiler Theories Whitepaper(2).docx,18,7,Spectral decomposition of the negative eigenvector,Expresses the same eigenvector in the L₀ eigenbasis; stated in full in §8.3.,,,,,
Combined Compiler Theories Whitepaper(2).docx,19,1,Registry ID,CCR-LOR-001,,,,,
Combined Compiler Theories Whitepaper(2).docx,19,2,Status,Candidate,,,,,
Combined Compiler Theories Whitepaper(2).docx,19,3,Dependencies,Effective Resistance Identity (Certified) · Rank-One Inertia Theorem (Certified) · Secular Equation (Certified),,,,,
Combined Compiler Theories Whitepaper(2).docx,19,4,Statement,"A threshold condition on the graph's effective resistance, below which the rank-one perturbation is guaranteed to produce a negative eigenvalue (and above which it is not).",,,,,
Combined Compiler Theories Whitepaper(2).docx,19,5,Remaining proof obligation,Bridge Boundary Lemma — the case where the perturbation sits at or near the boundary between the resistance regimes is not yet closed.,,,,,
Combined Compiler Theories Whitepaper(2).docx,20,1,Verification Stage,Status,,,,,
Combined Compiler Theories Whitepaper(2).docx,20,2,Symbolic derivation,✓,,,,,
Combined Compiler Theories Whitepaper(2).docx,20,3,Canonical graphs,✓,,,,,
Combined Compiler Theories Whitepaper(2).docx,20,4,Random verification,✓,,,,,
Combined Compiler Theories Whitepaper(2).docx,20,5,Boundary proof,Pending,,,,,
Combined Compiler Theories Whitepaper(2).docx,21,1,Perturbation Rank,Status,,,,,
Combined Compiler Theories Whitepaper(2).docx,21,2,Rank-One,"Certified target — index ≤ 1, established in §8.2–§8.3",,,,,
Combined Compiler Theories Whitepaper(2).docx,21,3,Rank-Two,Open — no certified bound yet established,,,,,
Combined Compiler Theories Whitepaper(2).docx,21,4,Rank-k,Research Objective — the general scaling law is not yet formulated as a specific conjecture,,,,,
Combined Compiler Theories Whitepaper(2).docx,22,1,Retired Program,Reason for Closure,,,,,
Combined Compiler Theories Whitepaper(2).docx,22,2,Fisher Information Route,"A Gram matrix construction is always positive semi-definite by construction and therefore structurally cannot produce a Lorentzian (indefinite) signature, regardless of how the underlying statistical model is chosen.",,,,,
Combined Compiler Theories Whitepaper(2).docx,22,3,Standard Signed Laplacian,"The relevant quadratic form reduces to a sum-of-squares identity, which is always non-negative for the same structural reason.",,,,,
Combined Compiler Theories Whitepaper(2).docx,22,4,Classical Balance-Theory Route,"Applies to a different operator than the signed row-sum operator actually used in the active branch; not wrong, simply not applicable to this question.",,,,,
