Source_ID,Filename,Sheet,Row_Number,Row_Content
SRC-002,UOC_Master_Closure_Updated.xlsx,Dashboard,1,UOC Master Closure Dashboard | Updated from this chat
SRC-002,UOC_Master_Closure_Updated.xlsx,Dashboard,2,"Purpose | Consolidate executed results, open dependencies, closure layers, corrections, and the final master theorem target without erasing prior calculations."
SRC-002,UOC_Master_Closure_Updated.xlsx,Dashboard,4,Core governance invariant | DERIVATION STATUS ≠ CLOSURE STATUS ≠ REGISTRY STATUS
SRC-002,UOC_Master_Closure_Updated.xlsx,Dashboard,6,Closure layers | C0 Primitive/grammar; C1 Fixed points; C2 Persistence/spectral; C3 Geometry/Lorentzian; C4 Nature/constants; C5 Gauge/matter; C6 Quantum; C7 Cosmology; C8 Biology; C9 Compiler; C10 Validation/falsification
SRC-002,UOC_Master_Closure_Updated.xlsx,Dashboard,8,"Executed cosmological results preserved | Yes — spectral DOS, vacuum density, cosmological mapping, horizon heat-trace area, scale diagnostics, spectral scaling, Xi identities, and Friedmann downstream relations are retained with scope/status."
SRC-002,UOC_Master_Closure_Updated.xlsx,Dashboard,10,Primary structural frontiers | Canonical grammar reconciliation; persistence functional; spectral threshold; Lorentzian emergence; Nature-spectrum correspondence; absolute scale; horizon projector; information normalization; dynamic operator law; gauge/matter generation; quantum integration; compiler closure.
SRC-002,UOC_Master_Closure_Updated.xlsx,Dashboard,12,Final closure target | K_org → Γ → O → Ψ → G → L → Spec(L) → shared substrate → geometry/dynamics/quantum/gauge/matter/cosmology/biology → compiler integration → validation/falsification.
SRC-002,UOC_Master_Closure_Updated.xlsx,Dashboard,14,"Cosmological final target | Γ → ℓ_* → P_H → N_H^UOC → Xi_UOC → Λ_* → ρ_vac → Λ_cosm → H → a(t), with no observational input upstream of Xi_UOC."
SRC-002,UOC_Master_Closure_Updated.xlsx,Dashboard,16,Observed target | Xi_obs ≈ 6.50×10^-31; final-line falsification target only.
SRC-002,UOC_Master_Closure_Updated.xlsx,Dashboard,18,File scope | This workbook consolidates the updates and calculations stated in the current conversation and the project-state corrections explicitly established here. It does not silently replace registry/file contents not present in this conversation.
SRC-002,UOC_Master_Closure_Updated.xlsx,Dashboard,20,Status counts in Master Closure DAG | 
SRC-002,UOC_Master_Closure_Updated.xlsx,Dashboard,21,Status keyword | Count
SRC-002,UOC_Master_Closure_Updated.xlsx,Dashboard,22,CERTIFIED | 13
SRC-002,UOC_Master_Closure_Updated.xlsx,Dashboard,23,CALCULATED | 29
SRC-002,UOC_Master_Closure_Updated.xlsx,Dashboard,24,PARTIAL | 21
SRC-002,UOC_Master_Closure_Updated.xlsx,Dashboard,25,OPEN | 41
SRC-002,UOC_Master_Closure_Updated.xlsx,Dashboard,26,PROPOSED | 15
SRC-002,UOC_Master_Closure_Updated.xlsx,Dashboard,27,FALSIFIED | 0
SRC-002,UOC_Master_Closure_Updated.xlsx,Dashboard,28,NO-GO | 2
SRC-002,UOC_Master_Closure_Updated.xlsx,Master Closure DAG,1,"C0 | Primitive & grammar reconciliation | Competing primitive realizations | K_org={competing primitive/grammar realizations} -> Γ | CALCULATED / FRAMEWORKED | OPEN | CERTIFIED SPINE + OPEN RECONCILIATION | D, τ, κ, Π; UDP candidates; gradient grammar; y,r,c; MDCL extensions; NCG route | Derive equivalence, hierarchy, embedding, or irreducible extension | Find non-expressible primitive or circular dependency | Canonical Γ; all downstream compiler branches | Updated master architecture"
SRC-002,UOC_Master_Closure_Updated.xlsx,Master Closure DAG,2,"C0 | Primitive & grammar reconciliation | Certified organizational spine | (D,τ,κ,Π) < Γ < O < Ψ < G < L < Spec(L) < K_t < d < g < ∇ < R < R_μν < R < G_μν < S < A_μ < F_μν < D_μ < ψ < T_μν < physics | CERTIFIED / ESTABLISHED SPINE | PARTIAL UNIVERSALITY | CERTIFIED | Existing UCG/UOC recovery architecture | Reconcile competing primitive realizations without erasing certified spine | Failure of translation/compositional closure | Shared mathematical substrate; physical branches | Current corrected architecture"
SRC-002,UOC_Master_Closure_Updated.xlsx,Master Closure DAG,3,"C1 | Organizational / fixed-point closure | Organizational fixed point | Γ:X→X; Fix(Γ); Ψ*=Γ(Ψ*) | FORMULATED | OPEN | OPEN / EXISTING REGISTRY OBLIGATIONS | Γ, organizational state space | Existence, convergence where applicable, least fixed point, attractor uniqueness | Counterexample to existence/uniqueness or convergence | Organizational closure; persistence branch | ORG-006 / ORG-008 context"
SRC-002,UOC_Master_Closure_Updated.xlsx,Master Closure DAG,4,"C1 | Organizational / fixed-point closure | Fixed-point correspondence | I: Fix(Γ) ↔ Fix(R), or weaker morphism | PROPOSED | OPEN | PROPOSED | Γ and R=e^{-βL} | Derive explicit correspondence; do not assume equality | Find incompatible fixed-point sets | Connect organizational and spectral closure | Corrected architecture explicitly rejects assumed equality"
SRC-002,UOC_Master_Closure_Updated.xlsx,Master Closure DAG,5,"C2 | Persistence & spectral closure | Laplacian spectrum | Lφ_n=λ_nφ_n | DERIVED/CALCULATED | ESTABLISHED FOR ADMITTED GRAPH CONSTRUCTIONS | CERTIFIED/CALCULATED | Graph G=(V,E) | Maintain spectral typing and representation scope | Invalid spectrum or failed numerical reproduction | Persistence; spectral geometry | Executed in project calculations"
SRC-002,UOC_Master_Closure_Updated.xlsx,Master Closure DAG,6,C2 | Persistence & spectral closure | Asymptotic persistence projector | lim_{t→∞} e^{-tL}=P_kerL; Π_∞=ker L | DERIVED/CALCULATED | ESTABLISHED FOR PSD L | CERTIFIED/CALCULATED | L symmetric PSD; finite graph | Correct zero-mode projection | Negative eigenvalues or non-convergent PSD case outside assumptions | Persistent sector; rank decomposition | COSMO branch
SRC-002,UOC_Master_Closure_Updated.xlsx,Master Closure DAG,7,C2 | Persistence & spectral closure | Connected/disconnected rank theorem | dim ker L=c; rank L=N-c | DERIVED/CALCULATED | UNIVERSAL GRAPH THEOREM | CERTIFIED/CALCULATED | Graph Laplacian | Component-count theorem | Counterexample to Laplacian nullity theorem | Bulk-rank candidate | COSMO-BRIDGE-003/004
SRC-002,UOC_Master_Closure_Updated.xlsx,Master Closure DAG,8,C2 | Persistence & spectral closure | Finite spectral embedding dimension | rank Ψ_t = # nonzero λ = rank L for t>0 | DERIVED/CALCULATED | ESTABLISHED FOR FULL NONZERO EMBEDDING | CALCULATED | Heat/diffusion embedding retains all nonzero modes | Specify embedding and time regime | Dropped/zero modes or incomplete embedding | Spectral geometry | COSMO-BRIDGE-005
SRC-002,UOC_Master_Closure_Updated.xlsx,Master Closure DAG,9,"C2 | Persistence & spectral closure | Persistence functional | Π_O=f(σ,C,Spec L), candidate 1-exp(-Q) | FORMULATED / PARTIAL | OPEN | OPEN | NEDS/TNDS/Fokker–Planck branch | Derive from dynamics; prove bounds and sensitivities | Failure of 0≤Π≤1 or non-emergence of exponential form | Organizational persistence | Corrected closure layer"
SRC-002,UOC_Master_Closure_Updated.xlsx,Master Closure DAG,10,"C2 | Persistence & spectral closure | Spectral threshold | Γ(λ_c)=1; R(λ_c)=D(λ_c) | FORMULATED / PARTIAL | OPEN | OPEN | Restoration/degradation spectral functions | Derive R,D; prove existence/uniqueness and running | No unique λ_c or cross-domain inconsistency | Persistence sector; cutoff candidates | UOC-004 proposal"
SRC-002,UOC_Master_Closure_Updated.xlsx,Master Closure DAG,11,"C3 | Spectral → geometry | Continuum lattice operator | L_N/h_N² → -Δ_{T^d}; λ_N(p)=4/h_N² Σ sin²(h_Np_μ/2)=|p|²+O(h_N²) | DERIVED/CALCULATED | CLOSED FOR EXPLICIT PERIODIC REFINEMENT FAMILY | CALCULATED | Periodic lattice refinement; h_N→0 | State topology, normalization and limit | Failure of operator convergence | Continuum spectral geometry | B6-1"
SRC-002,UOC_Master_Closure_Updated.xlsx,Master Closure DAG,12,"C3 | Spectral → geometry | Heat kernel / spectral distance | L_N→Δ_g→K_g→d_g→g_ij; joint heat-kernel regime | DERIVED/CALCULATED | CONDITIONAL ON HEAT-KERNEL SCALING | CALCULATED | Continuum operator convergence; h_N²/t≪1; t/L_H²≪1 | Joint N→∞, h_N→0, t→0 regime | No distance convergence or refinement dependence | Spatial metric | B6-2"
SRC-002,UOC_Master_Closure_Updated.xlsx,Master Closure DAG,13,C3 | Spectral → geometry | Flat test geometry | g_ij=δ_ij for explicit periodic family | DERIVED/CALCULATED | CLOSED FOR TEST FAMILY | CALCULATED | Torus lattice continuum limit | Maintain explicit family scope | Alternative refinement gives incompatible metric | Cosmological geometry input | B6
SRC-002,UOC_Master_Closure_Updated.xlsx,Master Closure DAG,14,"C3 | Lorentzian emergence | Lorentzian signature program | positive spectral structure→negative mode→localization→indefinite form→(-,+,+,+) | PARTIAL/CANDIDATE | OPEN | PARTIAL / CERTIFIED SUBSTEPS | LOR-001/LOR-002 and subsequent program | Complete resistance threshold, localization, continuum, signature selection | Negative mode without Lorentzian metric | Relativistic spacetime | Master matrix context"
SRC-002,UOC_Master_Closure_Updated.xlsx,Master Closure DAG,15,C4 | Nature spectrum & constants | Nature-spectrum correspondence | B_Nature: Spec(L) ?= Spec(Nature) | OPEN THEOREM | OPEN | OPEN | Precise representation of physical spectrum | Define correspondence and observational tests | Mismatch between structural and physical spectra | Particle/mass/coupling branch | Corrected architecture
SRC-002,UOC_Master_Closure_Updated.xlsx,Master Closure DAG,16,"C4 | Constants & scale | Planck scale | ℓ_p=√(ħG/c³) | DERIVED/KNOWN RELATION | EXTERNAL CONSTANT CONSTRUCTION | CERTIFIED/ADMITTED | ħ,G,c | Classify constants as primitive/conversion/emergent/measured/fixed point | No internal derivation | Reference dimensional scale | COSMO-DYN-010A"
SRC-002,UOC_Master_Closure_Updated.xlsx,Master Closure DAG,17,C4 | Constants & scale | Absolute UOC scale | ℓ_*=C_UOC ℓ_p | PARAMETRIZED | OPEN | OPEN | Admitted dimensionful data; dimensionless invariants | Derive C_UOC or prove non-uniqueness/no-go | Scale-rescaling invariance blocks absolute selection | Cutoff; horizon resolution; cosmology | COSMO-DYN-010
SRC-002,UOC_Master_Closure_Updated.xlsx,Master Closure DAG,18,"C4 | Scale nonuniqueness theorem | Spectral scale-free invariance | L_H→s^{-2}L_H; λ_i/λ_j invariant; ℓ_*→sℓ_* | DERIVED/CONSTRUCTIVE | GENERAL STRUCTURAL RESULT FOR SCALE-FREE SPECTRAL DATA | CALCULATED | Spectral rescaling | Identify any non-spectral dimensional anchor | No scale-free functional can select absolute length | Scale-anchor falsification | COSMO-DYN-010, step 3"
SRC-002,UOC_Master_Closure_Updated.xlsx,Master Closure DAG,19,"C5 | Gauge / representation / matter | Gauge dynamics | A_μ→F_μν→D_μ→Yang–Mills | SUBSTANTIALLY RECOVERED | PARTIAL INTEGRATION | CERTIFIED SUBSTEPS | Gauge algebra, connection, field strength | Integrate with group selection and matter | Failure of gauge recovery tests | Gauge/matter branch | DER registry context"
SRC-002,UOC_Master_Closure_Updated.xlsx,Master Closure DAG,20,"C5 | Gauge selection | Standard Model gauge group | g_UOC ?= su(3)⊕su(2)⊕u(1) | OPEN THEOREM | OPEN | OPEN | Recovered algebra/spectral/Clifford structure | Closure, anomaly cancellation, chirality, charge quantization, representations | Viable alternative group or failure of uniqueness | Particle sector | Master matrix"
SRC-002,UOC_Master_Closure_Updated.xlsx,Master Closure DAG,21,"C5 | Generation | Three generations | N_gen ?=3 | OPEN | OPEN | OPEN | Representation/matter structure | Derive, not infer from N_c=3 | Alternative generation count | Fermion spectrum | Corrected architecture"
SRC-002,UOC_Master_Closure_Updated.xlsx,Master Closure DAG,22,C5 | Mass spectrum | Spectral mass candidate | m_n=m_0√λ_n | PARTIAL/CANDIDATE | OPEN | CANDIDATE | Physical interpretation of λ_n; mass normalization | Predict ratios and absolute masses | Mismatch with measured hierarchy | Fermion/boson masses | Master matrix
SRC-002,UOC_Master_Closure_Updated.xlsx,Master Closure DAG,23,C5 | Couplings | Projector coupling candidate | α_k=<ψ|P_k|ψ> | PARTIAL/CANDIDATE | OPEN | CANDIDATE | Projectors P_k and spectral boundaries | Derive P_k and running | Wrong couplings/running | Gauge phenomenology | Master matrix
SRC-002,UOC_Master_Closure_Updated.xlsx,Master Closure DAG,24,C6 | Quantum closure | Quantum recovery core | Hilbert/Schrödinger/Heisenberg/uncertainty/Clifford/Dirac/spin/magnetic moment | CERTIFIED RECOVERY SUBBRANCH | PARTIAL INTEGRATION | CERTIFIED | QRC | Integrate with geometry and matter | Failure of semiclassical/domain consistency | Quantum sector | DER registry
SRC-002,UOC_Master_Closure_Updated.xlsx,Master Closure DAG,25,C6 | Quantum closure | Born-rule correspondence | Π/persistence measure ?= |ψ|² | OPEN THEOREM | OPEN | OPEN | Quantum recovery + persistence | Derive uniqueness or identify admitted measure | Alternative probability measure survives constraints | Quantum interpretation | Corrected architecture
SRC-002,UOC_Master_Closure_Updated.xlsx,Master Closure DAG,26,C6 | Quantum gravity | Quantum geometry | candidate ĝ_μν or equivalent quantum metric/state; candidate ĤΨ=0 | PROPOSED | OPEN | PROPOSED | Recovered classical geometry + QRC | Derive actual quantum-gravity formalism; semiclassical limit | No consistent classical limit | Quantum spacetime | Corrected architecture
SRC-002,UOC_Master_Closure_Updated.xlsx,Master Closure DAG,27,C7 | Cosmology | Spectral density of states | dν/dλ=√λ/(4π²) | DERIVED/CALCULATED | CLOSED FOR 3D CONTINUUM NORMALIZATION | CALCULATED | Flat 3D continuum density of states | Verify against refinement family | Wrong coefficient/dimensional scaling | Vacuum energy | COSMO-DYN-005
SRC-002,UOC_Master_Closure_Updated.xlsx,Master Closure DAG,28,"C7 | Cosmology | Spectral vacuum density | ρ_vac=ħc Λ_*⁴/(16π²) | DERIVED/CALCULATED | CONDITIONAL ON CUTOFF/MEASURE | CALCULATED | Continuum density of states + physical cutoff | Derive cutoff and measure internally | Alternative regulator changes result | Λ_cosm, H | COSMO-DYN-005+"
SRC-002,UOC_Master_Closure_Updated.xlsx,Master Closure DAG,29,C7 | Cosmology | Cosmological constant mapping | Λ_cosm=ℓ_p² Λ_*⁴/(2π)=Xi⁴/(2πℓ_p²) | ALGEBRAICALLY DERIVED | DOWNSTREAM CLOSED GIVEN INPUTS | CALCULATED | ρ_vac mapping and Planck relation | No new upstream requirement | Dimensional inconsistency | Friedmann branch | COSMO-DYN
SRC-002,UOC_Master_Closure_Updated.xlsx,Master Closure DAG,30,"C7 | Cosmology | Corrected dimensionless cutoff target | Xi=Λ_*ℓ_p≈6.50×10^-31; Xi⁴ gives ~10^-121 hierarchy | CALCULATED TARGET | OBSERVATIONAL TARGET, NOT UOC PREDICTION | CALCULATED | Λ_*≈4.02×10^4 m^-1; ℓ_p≈1.616×10^-35 m | Derive without observational input | Upstream dependence on observed Λ/H/N_H | Final falsification target | Correction preserved"
SRC-002,UOC_Master_Closure_Updated.xlsx,Master Closure DAG,31,C7 | Cosmology | Horizon heat-trace area | A_H=4π lim t Z_H(t); h_N²≪t≪L_H² | DERIVED/CALCULATED | DEMONSTRATED FOR EXPLICIT REFINEMENT FAMILY | CALCULATED | Given legitimate horizon subsystem/projector | Derive P_H internally for full UOC closure | No refinement-invariant area recovery | Horizon information | COSMO-DYN-007
SRC-002,UOC_Master_Closure_Updated.xlsx,Master Closure DAG,32,C7 | Cosmology | Spectral vs BH information normalization | Z_H(ℓ_p²)≈A_H/(4πℓ_p²); N_BH=A_H/(4ℓ_p²)=π Z_H(ℓ_p²) | ALGEBRAICALLY DERIVED | NORMALIZATION ORIGIN OPEN | CALCULATED | Heat-kernel asymptotic + t*=ℓ_p² | Derive C_H/α=π internally | No spectral mechanism for π | Black-hole entropy; Xi | COSMO-DYN-007A
SRC-002,UOC_Master_Closure_Updated.xlsx,Master Closure DAG,33,"C7 | Cosmology | Horizon projector | P_H²=P_H; P_H†=P_H; P_H: H_bulk→H_H | OPEN THEOREM / PROPOSED CONSTRUCTION | OPEN | PROPOSED/OPEN | Organizational graph data, persistence, causal/geometric boundary | Derive rather than assume horizon subsystem | Projector depends on arbitrary external boundary | Localized heat trace; area | COSMO-DYN-013"
SRC-002,UOC_Master_Closure_Updated.xlsx,Master Closure DAG,34,"C7 | Cosmology | Information functional | N_H^UOC=F(Spec(t_*L_H),Π_H), desired leading C_H Z_H(t_*)+O(t_*^0) | FORMULATED / CLASSIFICATION PROGRAM | OPEN | PROPOSED | P_H, spectral invariance, positivity, monotonicity, refinement invariance | Derive admissible family and normalization | No area scaling or non-invariance | N_H→Xi | COSMO-DYN-011"
SRC-002,UOC_Master_Closure_Updated.xlsx,Master Closure DAG,35,C7 | Cosmology | Weyl law cross-check | N(Λ)~A_HΛ²/(4π); Z_H(t)~A_H/(4πt) | DERIVED/CALCULATED | CLOSED AS STANDARD ASYMPTOTIC CHECK | CALCULATED | 2D horizon Laplacian | Verify same area coefficient | Coefficient mismatch | Information functional classification | COSMO-DYN-011
SRC-002,UOC_Master_Closure_Updated.xlsx,Master Closure DAG,36,"C7 | Cosmology | Spectral zeta normalization | ζ_H(s)=Σ λ_n^{-s}; study ζ(0), ζ'(0), log det(L_H/μ²) | PROPOSED / PARTIAL | OPEN | PROPOSED | Explicit toroidal refinement | Determine whether μ or π is internally fixed | Reference scale survives; no π mechanism | Normalization diagnosis | COSMO-DYN-011"
SRC-002,UOC_Master_Closure_Updated.xlsx,Master Closure DAG,37,C7 | Cosmology | Curved/boundary/topology heat kernel | Z_H(t)=A/(4πt)+χ_H/6+a_2t+…; boundary variants | FORMULATED | OPEN | PROPOSED | General 2D horizon; boundary conditions | Test whether subleading coefficients alter leading normalization | No change to leading 1/(4π) | Normalization no-go | COSMO-DYN-012
SRC-002,UOC_Master_Closure_Updated.xlsx,Master Closure DAG,38,C7 | Cosmology | Conditional information-to-cutoff map | Xi=6^(1/4)π^(1/2) N_H^(-1/4) | ALGEBRAICALLY DERIVED | CONDITIONAL DOWNSTREAM IDENTITY | CALCULATED | Horizon relation + spectral vacuum mapping | Obtain N_H before solving/using observed H | Circular N_H definition | Λ_* prediction | COSMO-DYN-014
SRC-002,UOC_Master_Closure_Updated.xlsx,Master Closure DAG,39,C7 | Cosmology | Non-circular selector | Xi=F(N_H) with N_H generated before H | PROPOSED | OPEN | PROPOSED | Independent N_H^UOC | Reject observed H/Λ/N as ancestors | Circularity | Final cosmological prediction | COSMO-DYN-014
SRC-002,UOC_Master_Closure_Updated.xlsx,Master Closure DAG,40,"C7 | Cosmology | Spectral vacuum dynamics | dotρ_vac=(ħc/4π²)Λ_*³ dotΛ_*; derive dotH and dotL | PARTIAL / FORMULATED | OPEN | PROPOSED | Λ_*(t) and UOC operator law | Derive dotL=F(L,Δ,τ,κ,Π); recover -2HL in homogeneous branch | H inserted externally or incompatible eigenvalue flow | Dynamic cosmology | COSMO-DYN-015"
SRC-002,UOC_Master_Closure_Updated.xlsx,Master Closure DAG,41,"C8 | Biology / adaptive closure | Organizational biological mapping | molecular→cellular→organism using common primitives | SUBSTANTIAL MAPPING / PARTIAL | OPEN REVERSE DERIVATION | PARTIAL | Organizational kernel | Derive replication, heredity, selection, adaptation, fitness | Need for additional primitive | Biological universality | Corrected architecture"
SRC-002,UOC_Master_Closure_Updated.xlsx,Master Closure DAG,42,"C9 | Compiler closure | Canonical representation / normal form | Theory→canonical IR→DAG→equations→predictions | SPECIFIED / PARTIAL | OPEN | PARTIAL/PROPOSED | UCG/UOC architecture | Normal form, termination, confluence, type propagation | Ambiguous or nonterminating compilation | Executable UOC | Corrected architecture"
SRC-002,UOC_Master_Closure_Updated.xlsx,Master Closure DAG,43,"C9 | Compiler closure | Compiler execution stack | C=(P,IR,V,T,E): parser, IR, dependency checker, dimensional checker, symbolic/numerical executor, proof/validator/falsifier | ARCHITECTURALLY SPECIFIED | OPEN EXECUTABLE IMPLEMENTATION | PROPOSED/ARCHITECTURAL | UCG specification | Implement and independently test runtime/backend/scheduler | Failure on canonical theories | All domain backends | UCG/UOC"
SRC-002,UOC_Master_Closure_Updated.xlsx,Master Closure DAG,44,C9 | Compiler closure | ARBS / organizational graph factorization | G* < L < Spec(L) < Σ_O < M* | ARCHITECTURALLY ESTABLISHED / MIGRATION-CONTEXT | PARTIAL / DEPENDENCY-SCOPED | CALCULATED/ARCHITECTURAL | Graph organizational layer | Maintain dependency ordering and avoid obsolete ARBS assumptions | Circular or non-composable factorization | Compiler routing and geometry | Past project correction
SRC-002,UOC_Master_Closure_Updated.xlsx,Master Closure DAG,45,"C10 | Validation & falsification | Cross-domain validation suite | Maxwell, Schrödinger, Hamilton, GR, Navier–Stokes, Reaction-Diffusion, Kinetic Theory, String Theory | PARTIALLY EXECUTED / SOME CERTIFIED | OPEN AS FULL STANDARDIZED SUITE | PARTIAL | Canonical compiler IR and domain backends | Symbolic + canonical example + numerical + dimensional + dependency tests | Failure to preserve equations/invariants | Empirical validation | Compiler research program"
SRC-002,UOC_Master_Closure_Updated.xlsx,Master Closure DAG,46,C10 | Prediction | UV dispersion | Δt(E) from spectral corrections | CANDIDATE / PARTIAL | OPEN | CANDIDATE | Spectral correction law | Numerical magnitude + experimental bounds | Bound violation or null result | Falsification | Master matrix
SRC-002,UOC_Master_Closure_Updated.xlsx,Master Closure DAG,47,C10 | Prediction | IR lensing | Φ_lens(r) from graph-spectral Green functions | CANDIDATE / PARTIAL | OPEN | CANDIDATE | Spectral Green function + geometry | Compute observable and compare with bounds | No distinctive effect / bound violation | Falsification | Master matrix
SRC-002,UOC_Master_Closure_Updated.xlsx,Master Closure DAG,48,C10 | Prediction | Quantum metric noise | S_h(f) or detector-noise floor | CANDIDATE / PARTIAL | OPEN | CANDIDATE | Quantum geometry fluctuations | Derive spectrum and compare with detector bounds | Null/bound contradiction | Falsification | Master matrix
SRC-002,UOC_Master_Closure_Updated.xlsx,COSMO-DYN Results,1,Chain / Test | Result | Status | Scope / Assumptions | Dependency Boundary | Numerical Value / Diagnostic
SRC-002,UOC_Master_Closure_Updated.xlsx,COSMO-DYN Results,2,"COSMO-BRIDGE-003 | rank(L)=N-c; sharp scalar cutoff equals rank only iff m_max=c | DERIVED/CALCULATED | Finite graph Laplacian; c connected components | Cutoff representation is not universal | K4 counterexample: Spec={0,4,4,4}, rank=3 but scalar cutoff gives 1 or 4"
SRC-002,UOC_Master_Closure_Updated.xlsx,COSMO-DYN Results,3,"COSMO-BRIDGE-004 | N_bulk=Tr(I-P_kerL)=rank(L)=N-c | DERIVED/CALCULATED | PSD graph Laplacian | Does not derive horizon area | K3,3: N_bulk=5"
SRC-002,UOC_Master_Closure_Updated.xlsx,COSMO-DYN Results,4,"COSMO-BRIDGE-005 | full nonzero diffusion embedding has dimension rank(L) | DERIVED/CALCULATED | t>0 and all nonzero spectral modes retained | Embedding dimension is not an area law | K3,3: d_spectral=5"
SRC-002,UOC_Master_Closure_Updated.xlsx,COSMO-DYN Results,5,COSMO-BRIDGE-006-1 | L_N/h_N²→-Δ_T^d; λ_N(p)=|p|²+O(h_N²) | CLOSED FOR TEST FAMILY | Periodic lattice refinement | Spatial continuum only | g_ij=δ_ij
SRC-002,UOC_Master_Closure_Updated.xlsx,COSMO-DYN Results,6,"COSMO-BRIDGE-006-2 | K_N→K_g→d_g→g_ij under joint heat-kernel scaling | CONDITIONAL/DERIVED | N→∞, h_N→0, t→0; h_N²/t→0 | Does not generate a(t) | Flat torus test gives Euclidean spatial metric"
SRC-002,UOC_Master_Closure_Updated.xlsx,COSMO-DYN Results,7,"COSMO-DYN-001 | H²=Λ/3=8πGρ_vac/3; a(t)=a0 exp(∫Hdt) | DERIVED/ADMITTED | Vacuum Einstein-Hilbert, k=0 | Requires ρ_vac(t) input | Constant ρ_vac→de Sitter"
SRC-002,UOC_Master_Closure_Updated.xlsx,COSMO-DYN Results,8,COSMO-DYN-002 | L(a)=a^-2 L0; dotL=-2HL; dotλ_n=-2Hλ_n | DERIVED/CALCULATED | Homogeneous lattice rescaling; degenerate sectors remain unsplit | Does not derive H | Exact scaling relation
SRC-002,UOC_Master_Closure_Updated.xlsx,COSMO-DYN Results,9,"COSMO-DYN-002-NORM | Fixed comoving modes: E_spec∝a^-1, ρ∝a^-4; fixed physical cutoff continuum: E_spec∝a³, ρ∝a⁰ | DERIVED/CALCULATED | Measure/cutoff/continuum prescription separated | Cutoff choice remains upstream | Radiation-like vs constant-density branches"
SRC-002,UOC_Master_Closure_Updated.xlsx,COSMO-DYN Results,10,COSMO-DYN-005 | dν/dλ=√λ/(4π²); ρ_vac=ħcΛ_*⁴/(16π²) | DERIVED/CALCULATED | 3D continuum density of states; physical cutoff | Λ_* remains to be selected | Λ_*≈4.02×10^4 m^-1; ħcΛ_*≈7.9 meV
SRC-002,UOC_Master_Closure_Updated.xlsx,COSMO-DYN Results,11,COSMO-DYN-005-CORRECTION | Xi=Λ_*ℓ_p≈6.50×10^-31; fourth power supplies ~10^-121 hierarchy | CALCULATED TARGET | ℓ_p≈1.616×10^-35 m | Observational target only | Corrected from erroneous 10^-13 ledger entry
SRC-002,UOC_Master_Closure_Updated.xlsx,COSMO-DYN Results,12,"COSMO-DYN-007 | A_H=4π lim tZ_H(t); joint window h_N²≪t≪L_H² | DERIVED/CALCULATED | Explicit refinement family, 2D heat-kernel regime | Requires legitimate P_H/horizon subsystem | Spectral area coefficient recovered"
SRC-002,UOC_Master_Closure_Updated.xlsx,COSMO-DYN Results,13,COSMO-DYN-007A | Z_H(ℓ_p²)≈A_H/(4πℓ_p²); N_BH=π Z_H(ℓ_p²) | ALGEBRAICALLY DERIVED CONDITION | t*=αℓ_p² gives C_H/α=π for agreement | Does not derive π or t*=ℓ_p² | Normalization discrepancy is exact
SRC-002,UOC_Master_Closure_Updated.xlsx,COSMO-DYN Results,14,COSMO-DYN-010 | Scale-nonuniqueness: L_H→s^-2L_H leaves λ ratios and scale-free spectral invariants unchanged; ℓ_*→sℓ_* | DERIVED/CONSTRUCTIVE | Scale-free spectral data | Requires external dimensional anchor for absolute length | Reusable UOC scale no-go
SRC-002,UOC_Master_Closure_Updated.xlsx,COSMO-DYN Results,15,COSMO-DYN-010A-4 | Planck scale candidate ℓ_*=ℓ_p; t_*=ℓ_p²; N_spec=Z_H(ℓ_p²) | CONDITIONAL | Planck scale admitted externally | UOC origin of ℓ_p unresolved | N_BH/N_spec=π
SRC-002,UOC_Master_Closure_Updated.xlsx,COSMO-DYN Results,16,COSMO-DYN-010A-5 | Curvature scale ℓ_*~|R|^-1/2; Λ_*~√|R| | DERIVED DIAGNOSTIC / NO-GO FOR OBSERVED SCALE | Local curvature tied to cosmological branch | Produces Planck-order fixed point | H~ℓ_p^-1 diagnostic
SRC-002,UOC_Master_Closure_Updated.xlsx,COSMO-DYN Results,17,COSMO-DYN-010A-6 | Horizon scale ℓ_*=H^-1; Λ_*=αH; H²=ℓ_p²Λ_*⁴/(6π) | ALGEBRAICALLY DERIVED FIXED-POINT TEST | O(1) horizon selector assumed | Observation requires tiny/non-O(1) α | H(α) relation tests horizon selector
SRC-002,UOC_Master_Closure_Updated.xlsx,COSMO-DYN Results,18,"COSMO-DYN-010A-7 | Gap scale ℓ_*=λ_1^-1/2 | DERIVED DIAGNOSTIC | C_N×C_N, K3,3, periodic lattices/topologies | Does not naturally produce 10^122 horizon count | Z_H(λ_1^-1)=O(1)/geometry-scale"
SRC-002,UOC_Master_Closure_Updated.xlsx,COSMO-DYN Results,19,COSMO-DYN-010A-8 | UV scale ℓ_*=λ_max^-1/2→0 under refinement | DERIVED/CALCULATED | Refining graphs with λ_max→∞ | Raw UV scale does not survive continuum | Renormalized finite combination remains an open test
SRC-002,UOC_Master_Closure_Updated.xlsx,COSMO-DYN Results,20,COSMO-DYN-010B-9 | e^-tλ_c=ε ⇒ λ_c=(-ln ε)/t; Xi=√(-ln ε) ℓ_p/√t_* | DERIVED/FORMULATED | Persistence threshold definition | t_* and ε require internal generation | Tests whether Xi_obs can emerge
SRC-002,UOC_Master_Closure_Updated.xlsx,COSMO-DYN Results,21,COSMO-DYN-010B-10 | ε is not internally fixed by current listed mechanisms | OPEN / FREE-PARAMETER DIAGNOSTIC | Degeneracy/topology/variational/fixed-point/normalization tests | Without internal selector ε is free | No established mechanism forcing ε
SRC-002,UOC_Master_Closure_Updated.xlsx,COSMO-DYN Results,22,"COSMO-DYN-011 | General spectral information functional: N_H^UOC=F(Spec(t_*L_H),Π_H) with desired leading C_HZ_H(t_*)+O(t_*^0) | FORMULATED / OPEN THEOREM | Dimensionless, positive, monotone, representation/refinement invariant, area scaling | C_H/α=π remains open | General classification target"
SRC-002,UOC_Master_Closure_Updated.xlsx,COSMO-DYN Results,23,COSMO-DYN-011-Weyl | N(Λ)~A_HΛ²/(4π); Z_H(t)~A_H/(4πt) | DERIVED/CALCULATED | 2D Weyl/heat asymptotics | Does not create 1/4 coefficient | Independent cross-check of area coefficient
SRC-002,UOC_Master_Closure_Updated.xlsx,COSMO-DYN Results,24,"COSMO-DYN-011-ZETA | ζ_H(s)=Σλ^-s; study ζ(0), ζ'(0), log det(L_H/μ²) | PROPOSED / OPEN | Explicit toroidal refinement | μ remains reference scale unless internally selected | Test for π or Planck-scale normalization"
SRC-002,UOC_Master_Closure_Updated.xlsx,COSMO-DYN Results,25,COSMO-DYN-012 | Curved horizon heat kernel Z=A/(4πt)+χ/6+a2t+… | FORMULATED | General 2D horizon | Subleading topology/curvature expected not to change leading area coefficient | π issue becomes non-flat test
SRC-002,UOC_Master_Closure_Updated.xlsx,COSMO-DYN Results,26,"COSMO-DYN-013 | Derive P_H from UOC: P_H²=P_H, P_H†=P_H | OPEN THEOREM / PROPOSED | Graph/organizational/causal boundary data | Current Z_H assumes horizon subsystem | Representation-invariant projector convergence is target"
SRC-002,UOC_Master_Closure_Updated.xlsx,COSMO-DYN Results,27,COSMO-DYN-014 | Λ_*=(2πΛ_cosm/ℓ_p²)^1/4; Xi=6^(1/4)π^(1/2)N_H^-1/4 | ALGEBRAICALLY DERIVED | Downstream cosmological identities | Must obtain N_H before H/observation | Non-circular selector remains open
SRC-002,UOC_Master_Closure_Updated.xlsx,COSMO-DYN Results,28,"COSMO-DYN-015 | dotρ=(ħc/4π²)Λ_*³ dotΛ_*; derive dotL=F(...) and compare with -2HL | FORMULATED / PARTIAL | Dynamical cutoff branch | H must be generated, not inserted | Consistency condition F|FLRW=-2HL"
SRC-002,UOC_Master_Closure_Updated.xlsx,COSMO-DYN Results,29,COSMO-DYN-016 | Full closure/falsification architecture | ARCHITECTURAL RESULT | No observational inputs upstream; dimensional/refinement/representation invariance required | Upstream scale/projector/information links remain critical | Final target Xi≈6.50e-31 only at last line
SRC-002,UOC_Master_Closure_Updated.xlsx,Closure Layers C0-C10,1,Layer | Name | Core Target | Already Preserved / Calculated | Open Structural Questions | Closure Criterion
SRC-002,UOC_Master_Closure_Updated.xlsx,Closure Layers C0-C10,2,"C0 | Primitive & grammar reconciliation | Relation among Δ,τ,κ,Π and competing grammar realizations | Certified UCG spine; DTC grammar and related realizations documented | Equivalence/hierarchy/embedding/irreducible extension | Canonical grammar relation with no hidden primitive"
SRC-002,UOC_Master_Closure_Updated.xlsx,Closure Layers C0-C10,3,"C1 | Organizational / fixed-point closure | Γ:X→X and organizational closure | Fixed-point structures and candidates are formulated | Existence, convergence, least fixed point, attractor uniqueness, relation to R | Explicit theorem with hypotheses"
SRC-002,UOC_Master_Closure_Updated.xlsx,Closure Layers C0-C10,4,"C2 | Persistence & spectral closure | Π_O and λ_c | L/spec, heat evolution, ker L, rank, embeddings, continuum calculations | Derive Π_O and threshold from dynamics | Derived functional + unique/controlled threshold where claimed"
SRC-002,UOC_Master_Closure_Updated.xlsx,Closure Layers C0-C10,5,C3 | Spectral→geometry→Lorentzian | L→Δ_g→K_g→d_g→g and Lorentzian signature | Explicit periodic refinement and flat spatial metric | Universal continuum class; Lorentzian emergence | Continuum Lorentzian metric derived under stated hypotheses
SRC-002,UOC_Master_Closure_Updated.xlsx,Closure Layers C0-C10,6,"C4 | Nature spectrum & constants | Nature-spectrum correspondence and dimensional constants | Planck relation and scale diagnostics | Spec correspondence; c,ħ,G,e classifications; C_UOC | Internal derivation or explicit empirical admission"
SRC-002,UOC_Master_Closure_Updated.xlsx,Closure Layers C0-C10,7,"C5 | Gauge/representation/matter/generation | Full particle/gauge sector | Gauge dynamics substantially recovered; candidates for masses/couplings | Gauge group, reps, 3 generations, mass hierarchy, neutrinos | Predictive matter sector with correct symmetries"
SRC-002,UOC_Master_Closure_Updated.xlsx,Closure Layers C0-C10,8,"C6 | Quantum closure | Quantum theory integrated with persistence/geometry | QRC recovery substantial/certified | Born rule, quantum geometry/gravity integration | Consistent quantum + semiclassical limits"
SRC-002,UOC_Master_Closure_Updated.xlsx,Closure Layers C0-C10,9,"C7 | Cosmological/horizon/information | Scale→horizon→information→cutoff→cosmology | Many downstream spectral/vacuum/Friedmann/area calculations executed | Scale anchor, P_H, information normalization, non-circular Xi | All upstream links independently generated"
SRC-002,UOC_Master_Closure_Updated.xlsx,Closure Layers C0-C10,10,"C8 | Biological/adaptive | Biology reverse-derived from common kernel | Substantial mapping/translation architecture | Replication, heredity, selection, adaptation, fitness | No extra primitive or explicit necessary extension"
SRC-002,UOC_Master_Closure_Updated.xlsx,Closure Layers C0-C10,11,"C9 | Compiler closure | Universal executable representation | Architecture, registries, DAG concepts, validation design | Normal form, confluence, routing, runtime, backends, completeness | Executable independently testable compiler"
SRC-002,UOC_Master_Closure_Updated.xlsx,Closure Layers C0-C10,12,"C10 | Validation/falsification | Cross-domain recovery and novel predictions | Existing validation branches and candidate predictions | Full suite, numerical reproducibility, falsification | Independent reproduction + surviving empirical tests"
SRC-002,UOC_Master_Closure_Updated.xlsx,Canonical Architecture,1,Branch | Dependency Chain | Status / Interpretation
SRC-002,UOC_Master_Closure_Updated.xlsx,Canonical Architecture,2,"Organizational spine | (D,τ,κ,Π) < Γ < O < Ψ < G < L < Spec(L) < K_t < d < g < ∇ < R < R_μν < R < G_μν < S < A_μ < F_μν < D_μ < ψ < T_μν < physics | Certified/established spine; primitive uniqueness remains under C0"
SRC-002,UOC_Master_Closure_Updated.xlsx,Canonical Architecture,3,Master mathematical chain | K_org→Γ→O→Ψ→G*→L→Spec(L)→shared mathematical substrate | Canonical target architecture
SRC-002,UOC_Master_Closure_Updated.xlsx,Canonical Architecture,4,Spectral geometry | G_N→L_N→-Δ_g→K_g→d_g→g_ij | Calculated for explicit periodic refinement; universality scope qualified
SRC-002,UOC_Master_Closure_Updated.xlsx,Canonical Architecture,5,Lorentzian branch | positive spectral structure→negative mode→localization→indefinite form→Lorentzian metric | Partial/candidate; negative eigenvalue alone is not Lorentzian spacetime
SRC-002,UOC_Master_Closure_Updated.xlsx,Canonical Architecture,6,Cosmological branch | ℓ_*→t_*→P_H→Z_H→A_H→N_H^UOC→Xi→Λ_*→ρ_vac→Λ_cosm→H→a(t) | Downstream pieces calculated conditionally; upstream generation remains closure frontier
SRC-002,UOC_Master_Closure_Updated.xlsx,Canonical Architecture,7,"Compiler branch | Γ→C_UOC→canonical IR→dependency DAG→domain backends→validation→falsification | Parallel closure problem, not downstream physics"
SRC-002,UOC_Master_Closure_Updated.xlsx,Canonical Architecture,8,Validation commutativity | Independent branches recover common structures and agree in continuum/representation limits | Ultimate ToE/Compiler integration target
SRC-002,UOC_Master_Closure_Updated.xlsx,Status System,1,Field | Allowed Value | Meaning | Example
SRC-002,UOC_Master_Closure_Updated.xlsx,Status System,2,Derivation status | CERTIFIED | Formally admitted/proven in registry or certified recovery | QRC certified subbranches
SRC-002,UOC_Master_Closure_Updated.xlsx,Status System,3,Derivation status | CALCULATED | Explicit mathematical/numerical calculation executed under stated scope | L_N/h_N²→-Δ_T^d
SRC-002,UOC_Master_Closure_Updated.xlsx,Status System,4,Derivation status | PARTIAL/CONDITIONAL | Calculation exists but depends on explicit assumptions/branch | ρ_vac=ħcΛ_*⁴/(16π²)
SRC-002,UOC_Master_Closure_Updated.xlsx,Status System,5,Derivation status | OPEN THEOREM | Proof obligation not yet closed | Γ→P_H
SRC-002,UOC_Master_Closure_Updated.xlsx,Status System,6,Derivation status | PROPOSED | New calculation/program not yet established as a result | General information functional classification
SRC-002,UOC_Master_Closure_Updated.xlsx,Status System,7,Derivation status | FALSIFIED/NO-GO | Candidate has been tested and rejected under its stated claim | Universal sharp cutoff=rank(L)
SRC-002,UOC_Master_Closure_Updated.xlsx,Status System,8,Closure status | CLOSED / SCOPED | Closed for explicit assumptions/family | Periodic lattice continuum operator
SRC-002,UOC_Master_Closure_Updated.xlsx,Status System,9,Closure status | OPEN | Upstream or universality gap remains | Absolute UOC scale
SRC-002,UOC_Master_Closure_Updated.xlsx,Status System,10,Closure status | CONDITIONAL | Downstream result follows if named assumptions are admitted | Xi(N_H)
SRC-002,UOC_Master_Closure_Updated.xlsx,Status System,11,Registry status | CERTIFIED | Formal registry item admitted | Certified QRC entries
SRC-002,UOC_Master_Closure_Updated.xlsx,Status System,12,Registry status | OPEN | Registered proof obligation | Gauge group selection
SRC-002,UOC_Master_Closure_Updated.xlsx,Status System,13,Registry status | PROPOSED | Not yet a registry result; candidate program | UOC-015-type new work
SRC-002,UOC_Master_Closure_Updated.xlsx,Open Frontiers,1,Priority | Frontier | Exact Missing Arrow | Required Input | Closure Test | Existing Results It Unlocks
SRC-002,UOC_Master_Closure_Updated.xlsx,Open Frontiers,2,1 | Primitive reconciliation | K_org→canonical Γ | Competing primitive realizations | Equivalence/hierarchy/embedding/extension theorem | All downstream derivations gain canonical ancestry
SRC-002,UOC_Master_Closure_Updated.xlsx,Open Frontiers,3,"2 | Persistence functional | NEDS/TNDS→Π_O | p*, σ, C, Spec(L) | Derive bounded persistence functional | Organizational persistence and threshold"
SRC-002,UOC_Master_Closure_Updated.xlsx,Open Frontiers,4,3 | Spectral threshold | Dynamics→λ_c | Restoration/degradation functions | Unique λ_c and running | Cutoff/persistence/cosmology
SRC-002,UOC_Master_Closure_Updated.xlsx,Open Frontiers,5,"4 | Lorentzian emergence | Spectral structure→signature | Negative mode/localization/continuum | (-,+,+,+) derived | Relativistic cosmology and matter"
SRC-002,UOC_Master_Closure_Updated.xlsx,Open Frontiers,6,5 | Nature spectrum | Spec(L)→physical spectrum | Precise physical representation | Representation-invariant correspondence | Masses/couplings
SRC-002,UOC_Master_Closure_Updated.xlsx,Open Frontiers,7,6 | Absolute scale | Γ→C_UOC→ℓ_* | Dimensionful anchor candidates | Derived unique C_UOC or no-go | Cutoff and Planck-scale interpretation
SRC-002,UOC_Master_Closure_Updated.xlsx,Open Frontiers,8,"7 | Horizon selector | Γ/g/Π→Σ_H→P_H | Causal/geometric/persistence boundary | Projector is canonical, Hermitian, idempotent, refinement-invariant | Z_H and A_H become UOC-generated"
SRC-002,UOC_Master_Closure_Updated.xlsx,Open Frontiers,9,"8 | Information normalization | (P_H,L_H,t*)→C_H | Admissible spectral functional | C_H/α=π derived, conventional, free, or impossible | N_H and Xi"
SRC-002,UOC_Master_Closure_Updated.xlsx,Open Frontiers,10,9 | Dynamic operator law | Γ→dotL | Organizational dynamics | dotL|FLRW=-2HL without inserted H | Dynamic spectrum and cosmology
SRC-002,UOC_Master_Closure_Updated.xlsx,Open Frontiers,11,10 | Gauge/matter generation | Algebra→SM group/reps/masses | Spectral/NCG structure | Unique predictive particle sector | Known particle physics recovery
SRC-002,UOC_Master_Closure_Updated.xlsx,Open Frontiers,12,11 | Born rule | Persistence→|ψ|² | Quantum recovery + persistence | Unique probability measure or explicit alternative | Quantum interpretation
SRC-002,UOC_Master_Closure_Updated.xlsx,Open Frontiers,13,12 | Compiler closure | Γ→executable compiler | UCG architecture/registries | Independent end-to-end compilation | Universal Rosetta/UOC product
SRC-002,UOC_Master_Closure_Updated.xlsx,Open Frontiers,14,13 | Biological reverse derivation | Common kernel→life dynamics | Organizational biology mappings | Replication/heredity/selection/adaptation derived | Theory of organizational evolution
SRC-002,UOC_Master_Closure_Updated.xlsx,Open Frontiers,15,14 | Empirical prediction | UOC parameters→observable | Closed physical parameters | Quantitative prediction survives existing bounds | Scientific falsification
SRC-002,UOC_Master_Closure_Updated.xlsx,Executed Math,1,Result | Equation / Identity | Status | Scope / Notes
SRC-002,UOC_Master_Closure_Updated.xlsx,Executed Math,2,Spectral evolution | R(t)=e^{-tL}; R(t)φ_n=e^{-tλ_n}φ_n | DERIVED | PSD L
SRC-002,UOC_Master_Closure_Updated.xlsx,Executed Math,3,Persistent sector | lim_{t→∞}e^{-tL}=P_kerL; Π∞=ker L | DERIVED | Finite PSD graph
SRC-002,UOC_Master_Closure_Updated.xlsx,Executed Math,4,Connected nullity | dim ker L=1 for connected graph | DERIVED | Standard graph Laplacian
SRC-002,UOC_Master_Closure_Updated.xlsx,Executed Math,5,General nullity | dim ker L=c | DERIVED | c connected components
SRC-002,UOC_Master_Closure_Updated.xlsx,Executed Math,6,Rank | rank L=N-c | DERIVED | Immediate from rank-nullity
SRC-002,UOC_Master_Closure_Updated.xlsx,Executed Math,7,Bulk candidate | N_bulk=Tr(I-P_kerL)=rank L | DERIVED | No cutoff required
SRC-002,UOC_Master_Closure_Updated.xlsx,Executed Math,8,Sharp-cutoff criterion | N_cut=rank L iff m_max=c | DERIVED | For scalar sharp cutoff
SRC-002,UOC_Master_Closure_Updated.xlsx,Executed Math,9,Scale rescaling | L_H→s^-2L_H; λ_i→s^-2λ_i | DERIVED | Spectral scale transformation
SRC-002,UOC_Master_Closure_Updated.xlsx,Executed Math,10,"Scale-free invariants | F(λ_i/λ_j,...) invariant under L_H rescaling | DERIVED | Cannot select absolute length"
SRC-002,UOC_Master_Closure_Updated.xlsx,Executed Math,11,Absolute scale transformation | ℓ_*→sℓ_* under physical length rescaling | DERIVED | Scale-selection no-go
SRC-002,UOC_Master_Closure_Updated.xlsx,Executed Math,12,Periodic lattice eigenvalues | λ_N(p)=4h_N^-2 Σ sin²(h_Np_μ/2) | DERIVED | Explicit periodic lattice
SRC-002,UOC_Master_Closure_Updated.xlsx,Executed Math,13,Continuum expansion | λ_N(p)=|p|²+O(h_N²) | DERIVED | h_N→0
SRC-002,UOC_Master_Closure_Updated.xlsx,Executed Math,14,Spatial metric | g_ij=δ_ij | CALCULATED | Flat toroidal test family
SRC-002,UOC_Master_Closure_Updated.xlsx,Executed Math,15,Homogeneous scaling | L(a)=a^-2L_0 | DERIVED | B6 homogeneous rescaling
SRC-002,UOC_Master_Closure_Updated.xlsx,Executed Math,16,Operator flow | dotL=-2HL | DERIVED | Homogeneous scaling
SRC-002,UOC_Master_Closure_Updated.xlsx,Executed Math,17,Eigenvalue flow | dotλ_n=-2Hλ_n | DERIVED | Degenerate sectors unsplit in this scaling
SRC-002,UOC_Master_Closure_Updated.xlsx,Executed Math,18,Fixed comoving spectral set | E_spec∝a^-1; ρ∝a^-4 | DERIVED | With V_phys∝a³
SRC-002,UOC_Master_Closure_Updated.xlsx,Executed Math,19,Fixed physical cutoff continuum | E_spec∝a³; ρ∝a⁰ | DERIVED SCALING | Continuum density of states
SRC-002,UOC_Master_Closure_Updated.xlsx,Executed Math,20,3D DOS | dν/dλ=√λ/(4π²) | DERIVED | Flat 3D continuum
SRC-002,UOC_Master_Closure_Updated.xlsx,Executed Math,21,Vacuum density | ρ_vac=ħcΛ_*⁴/(16π²) | DERIVED | Physical cutoff prescription
SRC-002,UOC_Master_Closure_Updated.xlsx,Executed Math,22,Cosmological constant | Λ_cosm=ℓ_p²Λ_*⁴/(2π) | DERIVED | Using ℓ_p²=ħG/c³
SRC-002,UOC_Master_Closure_Updated.xlsx,Executed Math,23,Dimensionless cutoff | Xi=Λ_*ℓ_p | DEFINED | Dimensionless
SRC-002,UOC_Master_Closure_Updated.xlsx,Executed Math,24,Xi relation | Λ_cosm=Xi⁴/(2πℓ_p²) | DERIVED | Downstream identity
SRC-002,UOC_Master_Closure_Updated.xlsx,Executed Math,25,Horizon area heat trace | A_H=4π lim tZ_H(t) | DERIVED | 2D continuum heat-kernel regime
SRC-002,UOC_Master_Closure_Updated.xlsx,Executed Math,26,Weyl area law coefficient | N(Λ)~A_HΛ²/(4π) | DERIVED | 2D Weyl asymptotic
SRC-002,UOC_Master_Closure_Updated.xlsx,Executed Math,27,Spectral/BH ratio | N_BH=π Z_H(ℓ_p²) | DERIVED CONDITION | If t*=ℓ_p²
SRC-002,UOC_Master_Closure_Updated.xlsx,Executed Math,28,Information normalization condition | C_H/α=π for t*=αℓ_p² | ALGEBRAICALLY DERIVED | Not a UOC theorem yet
SRC-002,UOC_Master_Closure_Updated.xlsx,Executed Math,29,Conditional Xi-count relation | Xi=6^(1/4)π^(1/2)N_H^-1/4 | DERIVED | Conditional horizon-information branch
SRC-002,UOC_Master_Closure_Updated.xlsx,Executed Math,30,Friedmann vacuum | H²=8πGρ_vac/3 | DERIVED/ADMITTED | k=0 vacuum EH branch
SRC-002,UOC_Master_Closure_Updated.xlsx,Executed Math,31,Scale-factor solution | a(t)=a0 exp(∫Hdt) | DERIVED | Expanding vacuum branch
SRC-002,UOC_Master_Closure_Updated.xlsx,Executed Math,32,Constant vacuum | ρ_vac=const→a∝e^{Ht} | DERIVED | de Sitter branch
SRC-002,UOC_Master_Closure_Updated.xlsx,Executed Math,33,Curvature-scale diagnostic | ℓ_*~|R|^-1/2→H~ℓ_p^-1 | NO-GO DIAGNOSTIC | Observed cosmological scale not reproduced
SRC-002,UOC_Master_Closure_Updated.xlsx,Executed Math,34,Gap-scale diagnostic | ℓ_*=λ_1^-1/2→Z_H(λ_1^-1)=O(1)/geometry-scale | NO-GO DIAGNOSTIC | Not 10^122 information scale
SRC-002,UOC_Master_Closure_Updated.xlsx,Executed Math,35,UV scale | ℓ_*=λ_max^-1/2→0 | DERIVED | Refinement limit
SRC-002,UOC_Master_Closure_Updated.xlsx,Executed Math,36,Persistence threshold | e^{-tλ_c}=ε→λ_c=(-ln ε)/t | DERIVED | ε remains a selector unless derived
SRC-002,UOC_Master_Closure_Updated.xlsx,Executed Math,37,Observed target | Xi_obs≈6.50×10^-31 | OBSERVATIONAL TARGET | Not an upstream input
SRC-002,UOC_Master_Closure_Updated.xlsx,Audit Corrections,1,Correction | Previous Failure Mode | Canonical Correction | Operational Rule
SRC-002,UOC_Master_Closure_Updated.xlsx,Audit Corrections,2,Preserve executed results | Calculated results were being relabeled OPEN when upstream ancestry was unresolved | Executed calculations remain CALCULATED/PARTIAL with scope | Never erase downstream calculations because an upstream theorem is open
SRC-002,UOC_Master_Closure_Updated.xlsx,Audit Corrections,3,"Separate closure dimensions | Multidimensional closure was compressed into cosmology | Track derivation, closure, registry independently | Every ledger node has three statuses"
SRC-002,UOC_Master_Closure_Updated.xlsx,Audit Corrections,4,Do not assume fixed-point equivalence | Fix(Γ) and Fix(e^-βL) were treated as automatically identical | Require explicit correspondence morphism/theorem | Never equate fixed-point systems without proof
SRC-002,UOC_Master_Closure_Updated.xlsx,Audit Corrections,5,"Do not equate negative eigenvalue with Lorentzian spacetime | Signature was inferred too quickly | Keep negative mode, indefinite form, continuum signature as separate dependencies | Require full Lorentzian chain"
SRC-002,UOC_Master_Closure_Updated.xlsx,Audit Corrections,6,"Do not identify structural graph spectrum with physical Hamiltonian spectrum | NCG/graph branches risked conflation | Require explicit L→D or L→D² correspondence | Spectral identity must be proved, not named"
SRC-002,UOC_Master_Closure_Updated.xlsx,Audit Corrections,7,Do not promote proposed calculations to registry items | New UOC-0xx calculations were treated as existing entries | Mark genuinely new work PROPOSED until registry admission | Proposal ≠ result
SRC-002,UOC_Master_Closure_Updated.xlsx,Audit Corrections,8,Do not treat Planck scale as UOC-derived | ℓ_p was silently imported as internal scale | Record ℓ_*=C_UOCℓ_p and test Γ→C_UOC | External constants retain their dependency classification
SRC-002,UOC_Master_Closure_Updated.xlsx,Audit Corrections,9,Do not treat horizon area as information count | Heat kernel area coefficient was mistaken for BH entropy normalization | Separate A_H from N_H and test C_H/α=π | Area recovery ≠ information normalization
SRC-002,UOC_Master_Closure_Updated.xlsx,Audit Corrections,10,"Do not use observed H/Λ upstream | Potential circular Xi selector | Require Λ_obs,H_obs,N_obs absent from ancestors of Xi_UOC | Observation only at final falsification line"
SRC-002,UOC_Master_Closure_Updated.xlsx,Audit Corrections,11,Do not treat finite graph asymptotics as continuum asymptotics | Finite λ_max saturation was extrapolated | Separate finite refinement from continuum density-of-states limits | Track N→∞ and a→∞ order/limits
SRC-002,UOC_Master_Closure_Updated.xlsx,Audit Corrections,12,Do not force a cutoff to equal rank | Scalar cutoff failed on K4/C5 | Use rank as a distinct spectral object; cutoff equivalence is conditional | Do not conflate N_cut and rank
SRC-002,UOC_Master_Closure_Updated.xlsx,Audit Corrections,13,Compiler is parallel closure | Compiler completion was treated as downstream physics | Maintain separate compiler closure branch | Physical and compiler closure converge but are not identical
SRC-002,UOC_Master_Closure_Updated.xlsx,Master Theorem Target,1,Component | Target | Status | Dependency / Qualification
SRC-002,UOC_Master_Closure_Updated.xlsx,Master Theorem Target,2,"Initial organizational kernel | K_org→(Δ,τ,κ,Π)→Γ | PARTIAL / RECONCILIATION REQUIRED | Competing realizations remain"
SRC-002,UOC_Master_Closure_Updated.xlsx,Master Theorem Target,3,Organizational closure | Γ→O→Ψ→G* | PARTIAL/CERTIFIED SPINE | Fixed-point uniqueness/correspondence remains
SRC-002,UOC_Master_Closure_Updated.xlsx,Master Theorem Target,4,Spectral substrate | G*→L→Spec(L) | DERIVED/CALCULATED IN ESTABLISHED BRANCHES | Representation scope
SRC-002,UOC_Master_Closure_Updated.xlsx,Master Theorem Target,5,Continuum | Spec(L)→Δ_g→K_g→d_g→g | CALCULATED/SCOPED | Explicit refinement and heat-kernel conditions
SRC-002,UOC_Master_Closure_Updated.xlsx,Master Theorem Target,6,Relativistic spacetime | g→Lorentzian g_μν | OPEN/PARTIAL | Requires signature emergence
SRC-002,UOC_Master_Closure_Updated.xlsx,Master Theorem Target,7,Dynamics | g→E[g]→dynamics | PARTIAL/ADMITTED IN EH BRANCH | UOC generation of dynamics remains
SRC-002,UOC_Master_Closure_Updated.xlsx,Master Theorem Target,8,"Matter/gauge | {A_μ,ψ,T_μν} | PARTIAL | Group/representation/mass generation remains"
SRC-002,UOC_Master_Closure_Updated.xlsx,Master Theorem Target,9,Quantum | Quantum + geometry + matter | PARTIAL | Born rule and quantum geometry integration
SRC-002,UOC_Master_Closure_Updated.xlsx,Master Theorem Target,10,Horizon | g/Π→Σ_H→P_H→Z_H→A_H | PARTIAL | Area calculation exists once horizon subsystem is supplied
SRC-002,UOC_Master_Closure_Updated.xlsx,Master Theorem Target,11,Information | A_H / spectrum→N_H^UOC | OPEN | C_H/α=π not internally derived
SRC-002,UOC_Master_Closure_Updated.xlsx,Master Theorem Target,12,Cosmological cutoff | N_H^UOC→Xi→Λ_* | CONDITIONAL | Non-circular selector required
SRC-002,UOC_Master_Closure_Updated.xlsx,Master Theorem Target,13,Cosmology | Λ_*→ρ_vac→Λ_cosm→H→a(t) | DOWNSTREAM CLOSED GIVEN INPUT | Vacuum EH branch
SRC-002,UOC_Master_Closure_Updated.xlsx,Master Theorem Target,14,Compiler | Γ→IR→DAG→backend→prediction | ARCHITECTURALLY SPECIFIED / OPEN EXECUTION | Parallel closure
SRC-002,UOC_Master_Closure_Updated.xlsx,Master Theorem Target,15,Validation | Recovery→verification→falsification | PARTIAL/OPEN | Full suite not yet universally executed
SRC-002,UOC_Master_Closure_Updated.xlsx,Final Closure Chain,1,Stage | Expression | Status | What must be true for full closure
SRC-002,UOC_Master_Closure_Updated.xlsx,Final Closure Chain,2,"1 | K_org→(Δ,τ,κ,Π) | PARTIAL | Primitive realizations reconciled"
SRC-002,UOC_Master_Closure_Updated.xlsx,Final Closure Chain,3,2 | →Γ | CERTIFIED SPINE / C0 OPEN FOR UNIQUENESS | Canonical Γ established
SRC-002,UOC_Master_Closure_Updated.xlsx,Final Closure Chain,4,3 | →O→Ψ→G* | PARTIAL/CERTIFIED SPINE | Organizational closure and fixed-point relations
SRC-002,UOC_Master_Closure_Updated.xlsx,Final Closure Chain,5,4 | →L→Spec(L) | DERIVED/CALCULATED | Spectral realization preserved
SRC-002,UOC_Master_Closure_Updated.xlsx,Final Closure Chain,6,5 | →Π_spectral | PARTIAL | Persistence functional/threshold derived
SRC-002,UOC_Master_Closure_Updated.xlsx,Final Closure Chain,7,6 | →continuum geometry | CALCULATED/SCOPED | Universal refinement theorem
SRC-002,UOC_Master_Closure_Updated.xlsx,Final Closure Chain,8,7 | →Lorentzian g_μν | OPEN/PARTIAL | Signature emergence derived
SRC-002,UOC_Master_Closure_Updated.xlsx,Final Closure Chain,9,8 | →dynamics | PARTIAL/ADMITTED | UOC variational/dynamical generation
SRC-002,UOC_Master_Closure_Updated.xlsx,Final Closure Chain,10,"9 | →gauge/matter/quantum | PARTIAL | Selection, representations, masses, couplings, quantum integration"
SRC-002,UOC_Master_Closure_Updated.xlsx,Final Closure Chain,11,10 | →Σ_H→P_H | OPEN | Horizon selector derived
SRC-002,UOC_Master_Closure_Updated.xlsx,Final Closure Chain,12,"11 | →Z_H→A_H | CALCULATED/SCOPED | Given valid P_H, heat-kernel area recovery"
SRC-002,UOC_Master_Closure_Updated.xlsx,Final Closure Chain,13,12 | →N_H^UOC | OPEN | Independent spectral information functional
SRC-002,UOC_Master_Closure_Updated.xlsx,Final Closure Chain,14,13 | →Xi_UOC | CONDITIONAL | Non-circular mapping
SRC-002,UOC_Master_Closure_Updated.xlsx,Final Closure Chain,15,14 | →Λ_*→ρ_vac | DERIVED GIVEN Xi | Spectral DOS/vacuum formula
SRC-002,UOC_Master_Closure_Updated.xlsx,Final Closure Chain,16,15 | →Λ_cosm→H→a(t) | DOWNSTREAM CLOSED GIVEN INPUT | Vacuum EH dynamics
SRC-002,UOC_Master_Closure_Updated.xlsx,Final Closure Chain,17,16 | →predictions→falsification | OPEN/PARTIAL | Quantitative novel predictions and bounds
SRC-002,UOC_Master_Closure_Updated.xlsx,This Chat Updates,1,Update Block | Canonical Update | Classification | Action
SRC-002,UOC_Master_Closure_Updated.xlsx,This Chat Updates,2,Master closure architecture | Replace nine-program narrative with C0-C10 closure layers | ARCHITECTURAL | Use C0-C10 as master structure
SRC-002,UOC_Master_Closure_Updated.xlsx,This Chat Updates,3,"Status semantics | Separate derivation status, closure status, registry status | GOVERNANCE | Apply three fields to every ledger node"
SRC-002,UOC_Master_Closure_Updated.xlsx,This Chat Updates,4,"Certified spine | Preserve (D,τ,κ,Π)<Γ<O<Ψ<G<L<Spec(L)<... | CERTIFIED SPINE | Do not demote because later universality remains open"
SRC-002,UOC_Master_Closure_Updated.xlsx,This Chat Updates,5,Primitive reconciliation | Treat competing grammars as a reconciliation problem | OPEN THEOREM | Derive equivalence/hierarchy/extension
SRC-002,UOC_Master_Closure_Updated.xlsx,This Chat Updates,6,Fixed points | Do not assume Fix(Γ)=Fix(R) | OPEN THEOREM | Derive correspondence morphism
SRC-002,UOC_Master_Closure_Updated.xlsx,This Chat Updates,7,"Persistence | Preserve L, Spec, heat evolution, ker L, rank, embeddings, continuum calculations | CALCULATED/PRESERVED | Only persistence functional/threshold remain open"
SRC-002,UOC_Master_Closure_Updated.xlsx,This Chat Updates,8,Geometry | Preserve L_N→-Δ_g→K_g→d_g→g_ij for explicit family | CALCULATED/SCOPED | Do not relabel as open
SRC-002,UOC_Master_Closure_Updated.xlsx,This Chat Updates,9,Lorentzian | Separate negative mode from Lorentzian spacetime | PARTIAL/OPEN | Complete signature chain
SRC-002,UOC_Master_Closure_Updated.xlsx,This Chat Updates,10,Constants | Separate Planck relation from UOC scale generation | OPEN | Derive C_UOC or prove no-go
SRC-002,UOC_Master_Closure_Updated.xlsx,This Chat Updates,11,Cosmology | Preserve all COSMO-DYN downstream calculations | CALCULATED/PARTIAL | Do not erase because ancestry is open
SRC-002,UOC_Master_Closure_Updated.xlsx,This Chat Updates,12,Horizon | Treat P_H as genuine missing structural object | OPEN THEOREM | Derive projector from UOC data
SRC-002,UOC_Master_Closure_Updated.xlsx,This Chat Updates,13,Information | Treat area recovery and information normalization separately | OPEN NORMALIZATION | Derive C_H/α=π or classify as convention/free/no-go
SRC-002,UOC_Master_Closure_Updated.xlsx,This Chat Updates,14,Compiler | Treat compiler closure as parallel to physical closure | OPEN PARALLEL BRANCH | Implement/test executable UOC
SRC-002,UOC_Master_Closure_Updated.xlsx,This Chat Updates,15,Biology | Do not use 'biology=0%' shorthand; distinguish mapping from reverse derivation | PARTIAL/OPEN | Derive adaptive/biological dynamics
SRC-002,UOC_Master_Closure_Updated.xlsx,This Chat Updates,16,"Validation | Separate recovery, validation, prediction, falsification | GOVERNANCE | Run standardized cross-domain suite"
SRC-002,UOC_Master_Closure_Updated.xlsx,This Chat Updates,17,"Final governing question | Derived under what dependencies, with what scope, and with what closure status? | CANONICAL RULE | Apply to every future result"
SRC-003,UOC_SEIT_Combined_Master_Matrix_2.xlsx,Master Matrix,1,ARC-001 | Combined | Part 0 | Certification Registry | Governance | Certified / Candidate / Open / Retired / Research Objective | Parts IV–V | Certified framework | Unified epistemic ledger | None for registry itself | Parts I–III retain prose-level epistemic status
SRC-003,UOC_SEIT_Combined_Master_Matrix_2.xlsx,Master Matrix,2,ARC-002 | Combined | Part 0 | Verification protocol | Governance | Symbolic derivation → canonical cases → random/numerical verification | Certified dependencies | Certified framework | Certification transition | All three checks required | Candidate records exact missing checks
SRC-003,UOC_SEIT_Combined_Master_Matrix_2.xlsx,Master Matrix,3,ARC-003 | Combined | Part 0 | Compiler evolution order | Dependency | Foundation → Graph → Spectral → Operator → Lorentzian → Differential Geometry → Physics Recovery | Part V foundation | Architectural ordering | Dependency-first execution | None stated | Narrative Part order is not construction order
SRC-003,UOC_SEIT_Combined_Master_Matrix_2.xlsx,Master Matrix,4,ARC-004 | Combined | Part I | Theory of Organizational Evolution (𝒯OE) | Theory | Stable invariant macro-scale output from iterative graph compilation | Pointed graph + refinement + compiler | Conjectural / research program | Discrete→continuum physical correspondence | Existence/minimality conjectures | Explicitly not established physical theory
SRC-003,UOC_SEIT_Combined_Master_Matrix_2.xlsx,Master Matrix,5,"ARC-005 | Combined | Part I | Pointed graph category 𝔊• | Foundation | Objects (G,v0); morphisms preserve basepoint | Graph G=(V,E) | Defined / developed | Discrete substrate | Axiom consistency under all intended cases | Refinement endofunctor R"
SRC-003,UOC_SEIT_Combined_Master_Matrix_2.xlsx,Master Matrix,6,"ARC-006 | Combined | Part I | Refinement endofunctor R | Operator | R:𝔊•→𝔊•, G_{n+1}=R(G_n), composition-preserving | 𝔊• | Candidate framework | Infinite refinement | Global refinement invariants | Scale-generation mechanism"
SRC-003,UOC_SEIT_Combined_Master_Matrix_2.xlsx,Master Matrix,7,ARC-007 | Combined | Part I | Graph axiom set 𝒜* | Constraint | Bipartite + Abelian + shell hierarchy + recursive scale invariance | Pointed graph | Conjectural | Physical spectrum selection | Compiler completeness/minimality | Filters admissible graphs
SRC-003,UOC_SEIT_Combined_Master_Matrix_2.xlsx,Master Matrix,8,"ARC-008 | Combined | Part I | Discrete Geometry category 𝔇 | Mathematical layer | DEC: cochains, d, δ, Δ_G, ⋆_G | 𝔊• | Derived within program | Discrete geometry | Independent validation | Bridge to continuum"
SRC-003,UOC_SEIT_Combined_Master_Matrix_2.xlsx,Master Matrix,9,"ARC-009 | Combined | Part I | Metric refinement invariance | Invariant | ℓ_{n+1}=αℓ_n; d_{n+1}(R(v_i),R(v_j))=d_n(v_i,v_j); bounded diameter | R + metric-measure structure | Derived/candidate | Stable continuum limit | Limit regularity | 0<α<1"
SRC-003,UOC_SEIT_Combined_Master_Matrix_2.xlsx,Master Matrix,10,ARC-010 | Combined | Part I | Optimization operator 𝒪opt | Dynamics | Ψ_{n+1}=Ψ_n−β∇𝒜[Ψ_n] | Discrete Hilbert space + action | Derived within program | Fixed-point dynamics | Model assumptions / limit validation | Gradient descent
SRC-003,UOC_SEIT_Combined_Master_Matrix_2.xlsx,Master Matrix,11,ARC-011 | Combined | Part I | Lyapunov convergence | Theorem | β<2/Λ_max; strict convexity λ_min(H)≥m>0 | Hessian H=Δ_G | Derived within program | Unique attractor | Independent verification | Critical set 𝒦crit
SRC-003,UOC_SEIT_Combined_Master_Matrix_2.xlsx,Master Matrix,12,"ARC-012 | Combined | Part I | Compiler Completeness Conjecture | Conjecture | Finite 𝒜* and compiler 𝔠 generate every verified continuum law | 𝒜*, 𝔠, refinement | Open | Universal reconstruction | Existence proof | §7.1"
SRC-003,UOC_SEIT_Combined_Master_Matrix_2.xlsx,Master Matrix,13,ARC-013 | Combined | Part I | Structural Minimality Conjecture | Conjecture | No strictly smaller axiom set generates identical continuum category | Compiler completeness | Open | Minimal universal substrate | Uniqueness/minimality proof | §7.2
SRC-003,UOC_SEIT_Combined_Master_Matrix_2.xlsx,Master Matrix,14,ARC-014 | Combined | Part I | Falsification diagnostics | Validation | Degree explosion; chain-map failure; Hodge asymmetry; optimizer instability; non-convexity; GH non-precompactness; torsion; index shattering | Compiler pipeline | Active falsifiability | Clean failure boundaries | Empirical/math tests | §8
SRC-003,UOC_SEIT_Combined_Master_Matrix_2.xlsx,Master Matrix,15,ARC-015 | Combined | Part I | DTC grammar | Primitive grammar | Δ → τ → κ → Π | Compiler pipeline | Framework / not reconciled globally | Organizational grammar | Reconcile with other primitive sets | Part I §9
SRC-003,UOC_SEIT_Combined_Master_Matrix_2.xlsx,Master Matrix,16,ARC-016 | Combined | Part I | Thermodynamic Realization Layer | Theory layer | TEDS / NEDS / TNDS + throughput persistence | DTC + thermodynamic state | Conjectural | Physical reading of persistence | Derive λ_c from spectral data | Γ(λ)=1 interpretation remains open
SRC-003,UOC_SEIT_Combined_Master_Matrix_2.xlsx,Master Matrix,17,ARC-017 | Combined | Part I | Four-gate selection cascade | Architecture | C_p → C_t → C_π → C_e | 𝔓𝒯 | Framework | Admissibility filtering | Formal closure across all domains | Bridge identity
SRC-003,UOC_SEIT_Combined_Master_Matrix_2.xlsx,Master Matrix,18,ARC-018 | Combined | Part I | Representation / Bridge Operator | Open research object | Question → entities → interactions → state variables → interaction object → representation → spectrum → metrics → validation | Physical system + scientific question | Open | Principled graph construction | Derive canonical representation-selection mechanism | Part III §4
SRC-003,UOC_SEIT_Combined_Master_Matrix_2.xlsx,Master Matrix,19,ARC-019 | Combined | Part I | Gradient-based alternative grammar | Alternative | ∇ → κ → 𝒪 → F → W_c → Π → Ψ → E | TNDS examples | Open / unreconciled | Directly measurable organizational chain | Reconcile with DTC | Part III §2
SRC-003,UOC_SEIT_Combined_Master_Matrix_2.xlsx,Master Matrix,20,ARC-020 | Combined | Part II | UDP v2.0 | Protocol | Sixteen-phase reduction of scientific theories to minimal structural alphabet | Phase 0 registries | Methodology / conjectural | Cross-domain translation | End-to-end closure test | Narrower than a ToE
SRC-003,UOC_SEIT_Combined_Master_Matrix_2.xlsx,Master Matrix,21,"ARC-021 | Combined | Part II | Phase 0 registries | Registry | Objects, operators, relations, structures | Canonical mathematical universe | Framework | Common vocabulary | Completeness of registries | Base vocabulary"
SRC-003,UOC_SEIT_Combined_Master_Matrix_2.xlsx,Master Matrix,22,"ARC-022 | Combined | Part II | Phase I primitive reduction | Primitive candidate | Object, Relation, Operator, Constraint, State | Phase 0 | Candidate | Cross-domain reduction | Irreducibility proof | Differs from DTC four-symbol grammar"
SRC-003,UOC_SEIT_Combined_Master_Matrix_2.xlsx,Master Matrix,23,ARC-023 | Combined | Part II | Phase II dependency cascade | Dependency | Object → State → Relation → Operator → Transformation → Constraint → Dynamics → Persistence → Equation → Theory | Phase I | Defined | Dependency ordering | Empirical/compiler integration | Core dependency chain
SRC-003,UOC_SEIT_Combined_Master_Matrix_2.xlsx,Master Matrix,24,ARC-024 | Combined | Part II | Phase III operator closure | Closure | Operator compositions/commutators remain inside canonical algebra | Operator registry | Open test condition | Algebraic closure | Find counterexample / prove closure | Compiler halts on failure
SRC-003,UOC_SEIT_Combined_Master_Matrix_2.xlsx,Master Matrix,25,ARC-025 | Combined | Part II | Phase IV variable closure | Closure | Operators map permitted state variables to permitted variables | Variable registry | Open test condition | Typed state evolution | Closure proof | Locked variable/operator loop
SRC-003,UOC_SEIT_Combined_Master_Matrix_2.xlsx,Master Matrix,26,"ARC-026 | Combined | Part II | Phase V equation canonical form | Normal form | V,O,C → structural balance / null expression | Phases I–IV | Working framework | Cross-domain equation normalization | Universal equivalence proof | Field-specific names removed"
SRC-003,UOC_SEIT_Combined_Master_Matrix_2.xlsx,Master Matrix,27,ARC-027 | Combined | Part II | Phase VIII universal reduction | Optimization | Minimize foundational alphabet without loss of reconstruction | Phases I–VII | Research objective | Minimal compiler basis | Minimality theorem | Core compression objective
SRC-003,UOC_SEIT_Combined_Master_Matrix_2.xlsx,Master Matrix,28,ARC-028 | Combined | Part II | Phase IX universal functional | Functional | Single master scalar expression whose variations generate trajectories | Universal reduction | Candidate | Shared variational structure | Construct and validate functional | Maps action/entropy/FEP/utility
SRC-003,UOC_SEIT_Combined_Master_Matrix_2.xlsx,Master Matrix,29,"ARC-029 | Combined | Part II | Phase XI cross-scale closure | Invariant | Operator algebra invariant Planck→Universe | Core operator basis | Working criterion | Cross-scale universality | Demonstrate across domains | ∂,∇,Δ,∫ cited"
SRC-003,UOC_SEIT_Combined_Master_Matrix_2.xlsx,Master Matrix,30,ARC-030 | Combined | Part II | Phase XII compiler execution | Pipeline | Reality → Variables → Operators → Constraints → Equations → Predictions | All prior phases | Defined | Operational compiler workflow | End-to-end named-theory test | Six-step execution
SRC-003,UOC_SEIT_Combined_Master_Matrix_2.xlsx,Master Matrix,31,ARC-031 | Combined | Part II | Phase XIII fixed point | Closure | Compiler mapping leaves system description invariant | Phase XII | Open | Completeness criterion | End-to-end fixed-point demonstration | Explicitly not demonstrated
SRC-003,UOC_SEIT_Combined_Master_Matrix_2.xlsx,Master Matrix,32,"ARC-032 | Combined | Part II | Phase XV minimal mathematical basis | Primitive basis | y,r,c; I,∘,T,P,S,R; Set,Graph,Function | Phases I–XIV | Working | Candidate irreducible basis | Formal closure/minimality | Marked Working"
SRC-003,UOC_SEIT_Combined_Master_Matrix_2.xlsx,Master Matrix,33,ARC-033 | Combined | Part II | Phase XVI universal representation | Normal form | Unified representation of governing equations | Phase XV | Working/conjectural | Cross-domain catalog | Universal derivation and uniqueness | Final protocol target
SRC-003,UOC_SEIT_Combined_Master_Matrix_2.xlsx,Master Matrix,34,ARC-034 | Combined | Part II | UMCC T0–T20 | Hierarchy | Potential → Difference → Distinction → Identity → Boundary → State → Relation → Interaction → Transformation → Constraint → Selection → Organization → Persistence → Memory → Feedback → Adaptation → Emergence → Hierarchy → Evolution → Cross-scale Coupling → Universality | UDP | Catalog | Organizational progression | Formal reconciliation with other grammars | T18–T20 complete the ladder
SRC-003,UOC_SEIT_Combined_Master_Matrix_2.xlsx,Master Matrix,35,ARC-035 | Combined | Part II | UDR D1–D27 | Registry | Scalars through metric/measure spaces | Phase 0 | Reference catalog | Lookup / canonical indexing | No separate alphabet intended | Cross-index
SRC-003,UOC_SEIT_Combined_Master_Matrix_2.xlsx,Master Matrix,36,ARC-036 | Combined | Part II | Universal Test Field Manual I | Prediction | UV spectral dispersion / energy-dependent photon delay | Discrete spectral correction | Partial / falsifiable | Gamma-ray data test | Complete spectral correction derivation | Retained in SEIT v4
SRC-003,UOC_SEIT_Combined_Master_Matrix_2.xlsx,Master Matrix,37,ARC-037 | Combined | Part II | Universal Test Field Manual II | Prediction | IR non-local lensing from graph-spectral Green function | Graph Laplacian Green function | Partial / falsifiable | Weak-lensing test | Quantitative profile derivation | Dark-matter replacement claim
SRC-003,UOC_SEIT_Combined_Master_Matrix_2.xlsx,Master Matrix,38,ARC-038 | Combined | Part II | Universal Test Field Manual III | Prediction | Quantum metric noise floor | Discrete metric fluctuations | Partial / falsifiable | GW detector test | Noise model + observational isolation | Below current sensitivity
SRC-003,UOC_SEIT_Combined_Master_Matrix_2.xlsx,Master Matrix,39,ARC-039 | Combined | Part II | UDM spectral triple route | Theory / derivation route | Topos → C*-algebra → GNS → spectral triple → spectral action → gravity/gauge | Operator algebra + topos | Conjectural | Gravity/gauge/time correspondence | Independent proof of inferential leaps | KMS/time is largest leap
SRC-003,UOC_SEIT_Combined_Master_Matrix_2.xlsx,Master Matrix,40,"ARC-040 | Combined | Part III | Necessity / organization thesis | Conceptual model | Persistent structures are solutions to constraints, not ultimate substances | Worked examples | Conceptual / open | Cross-domain framing | Formalization | Barrel problem"
SRC-003,UOC_SEIT_Combined_Master_Matrix_2.xlsx,Master Matrix,41,ARC-041 | Combined | Part III | Gradient chain | Alternative grammar | ∇ → κ → 𝒪 → F → W_c → Π → Ψ → E | TNDS examples | Open / unreconciled | Physics-rooted organizational grammar | Reconcile with DTC | Directly measurable start
SRC-003,UOC_SEIT_Combined_Master_Matrix_2.xlsx,Master Matrix,42,"ARC-042 | Combined | Part III | Four worked systems matrix | Cross-domain mapping | Stars / Rivers / Life / Civilizations mapped to gradient, constraint, organization, flow, corrective work, persistence, emergence | Gradient chain | Illustrative | Cross-domain analogy | Quantitative validation | Not proof"
SRC-003,UOC_SEIT_Combined_Master_Matrix_2.xlsx,Master Matrix,43,"ARC-043 | Combined | Part III | Representation-selection protocol | Protocol | 9 steps from scientific question to validated spectral representation | Bridge Operator | Open | Graph construction | Canonical selection theorem | Graph is step 6, not step 1"
SRC-003,UOC_SEIT_Combined_Master_Matrix_2.xlsx,Master Matrix,44,"ARC-044 | Combined | Part IV | MDCL v1.0 primitive grammar | Compiler grammar | D, T, C (+Π); Γ = C∘T∘D | Compiler validation campaign | Certified framework | Lossless re-expression | Universal proof beyond tested branches | Three active primitives"
SRC-003,UOC_SEIT_Combined_Master_Matrix_2.xlsx,Master Matrix,45,ARC-045 | Combined | Part IV | CMRC-001–019 | Recovery core | Ω→Σ→X→TΣ→h→A→Polyakov→δS→T_ab→Virasoro→BRST→β(g)=0→R_μν=0 | Primitive grammar | Certified | String-theory recovery | Scope assumptions retained | Flat target background / bosonic specificity explicit
SRC-003,UOC_SEIT_Combined_Master_Matrix_2.xlsx,Master Matrix,46,ARC-046 | Combined | Part IV | VAL-005 Hamiltonian mechanics | Recovery branch | Lagrangian/action → symplectic form → Poisson algebra → Hamilton equations | MDCL-1015 / variational core | Certified | Classical mechanics recovery | None stated beyond explicit symplectic assumptions | ω nondegenerate + closed
SRC-003,UOC_SEIT_Combined_Master_Matrix_2.xlsx,Master Matrix,47,ARC-047 | Combined | Part IV | VAL-004 quantum mechanics | Recovery branch | Poisson algebra → canonical quantization → Heisenberg-Weyl → Ĥ → unitary evolution → Schrödinger | VAL-005 | Certified | Quantum recovery | Quantization restricted by Groenewold–Van Hove | Position representation is specialization
SRC-003,UOC_SEIT_Combined_Master_Matrix_2.xlsx,Master Matrix,48,ARC-048 | Combined | Part IV | VAL-002 Maxwell | Recovery branch | Wilson lattice / continuum Γ-convergence route | MDCL kernel | Certified or ready | Electromagnetism | Step-by-step derivation not reproduced | Summary-level status only
SRC-003,UOC_SEIT_Combined_Master_Matrix_2.xlsx,Master Matrix,49,ARC-049 | Combined | Part IV | VAL-003 GR matter coupling | Recovery branch | Geometry → T_μν → Einstein equation | Graph-spectral / geometry | Certified or ready in source; v2.0 later marks target | Matter-coupled GR | Full derivation unavailable / later target boundary | Status must be read by version
SRC-003,UOC_SEIT_Combined_Master_Matrix_2.xlsx,Master Matrix,50,ARC-050 | Combined | Part IV | VAL-006 continuum mechanics | Recovery branch | Compiler translation to continuum mechanics | MDCL kernel | Certified or ready | Continuum laws | Detailed derivation unavailable here | Summary status
SRC-003,UOC_SEIT_Combined_Master_Matrix_2.xlsx,Master Matrix,51,ARC-051 | Combined | Part IV | VAL-008 kinetic theory | Recovery branch | Compiler translation to kinetic theory | MDCL kernel | Certified or ready | Kinetic theory | Detailed derivation unavailable here | Summary status
SRC-003,UOC_SEIT_Combined_Master_Matrix_2.xlsx,Master Matrix,52,"ARC-052 | Combined | Part IV | MDCL v2.0 primitive set | Primitive grammar | Δ, τ, κ, Θ, Π, Ω | v1.0 + extension | Certified in source framework | Extended recovery kernel | Reconcile with v1.0 / DTC | Three grammars coexist"
SRC-003,UOC_SEIT_Combined_Master_Matrix_2.xlsx,Master Matrix,53,"ARC-053 | Combined | Part IV | Graph-spectral GR vacuum route | Recovery | G=(V,E,W) → L=D−A → spectrum → heat kernel → diffusion distance → g_μν → connection → curvature → G_μν | Primitive kernel | Certified through vacuum Einstein tensor | Vacuum GR | Continuum assumptions / route equivalence | Independent third GR route"
SRC-003,UOC_SEIT_Combined_Master_Matrix_2.xlsx,Master Matrix,54,ARC-054 | Combined | Part IV | Physical Recovery Core Layer VII | Recovery target | T_μν; ∇_μT^{μν}=0; G_μν+Λg_μν=(8πG/c⁴)T_μν; geodesic; Newtonian limit | Vacuum G_μν | Research Objective / not recovered | Matter-coupled GR | Derive source tensor + coupling | Explicit boundary
SRC-003,UOC_SEIT_Combined_Master_Matrix_2.xlsx,Master Matrix,55,ARC-055 | Combined | Part IV | Layers VIII–XIII | Architecture roadmap | Shared kernel → parallel physics/QM/statistics/continuum/biology → integration → cross-domain translation → universal compiler → Universal Atlas | Layer VII | Research Objective | Full compiler architecture | All layers require worked derivations | Not certified
SRC-003,UOC_SEIT_Combined_Master_Matrix_2.xlsx,Master Matrix,56,ARC-056 | Combined | Part IV | Lorentzian program | Recovery program | Positive Laplacian → rank-one perturbation → index≤1 → resistance threshold → negative eigenvector → localization → indefinite form → continuum → Lorentzian metric | Graph Laplacian | Active | Lorentzian spacetime | Four post-LOR-002 stages open | Certified foundations + Candidate threshold
SRC-003,UOC_SEIT_Combined_Master_Matrix_2.xlsx,Master Matrix,57,ARC-057 | Combined | Part IV | LOR-001 resistance threshold | Candidate theorem | Resistance threshold for negative eigenvalue | Effective resistance + rank-one inertia + secular equation | Candidate | Guarantee negative eigenvalue | Boundary lemma | 3/4 verification stages complete
SRC-003,UOC_SEIT_Combined_Master_Matrix_2.xlsx,Master Matrix,58,ARC-058 | Combined | Part IV | LOR-002 negative eigenvector | Certified theorem | Resolvent/eigenbasis representation of negative eigenvector | Rank-one perturbation | Certified | Index≤1 spectral result | None stated | Center of Lorentzian program
SRC-003,UOC_SEIT_Combined_Master_Matrix_2.xlsx,Master Matrix,59,ARC-059 | Combined | Part IV | Retired Lorentzian routes | Retired | Fisher information; standard signed Laplacian; classical balance theory | Lorentzian recovery | Retired | Avoid repeated dead ends | None | Reasons recorded
SRC-003,UOC_SEIT_Combined_Master_Matrix_2.xlsx,Master Matrix,60,"ARC-060 | Combined | Part V | UGAS | Algebra | Free grammar algebra F(Σ0), Σ0={D,T,C,Π}; ∘G,⊗G,▷G | Primitive alphabet | Certified | Well-formed expressions | None stated | No equivalence/semantics/typing yet"
SRC-003,UOC_SEIT_Combined_Master_Matrix_2.xlsx,Master Matrix,61,ARC-061 | Combined | Part V | UGCT | Algebra | Quotient by smallest grammar-compatible congruence | UGAS | Certified | Canonical quotient | Compatibility proof | q:F(Σ0)→𝒢
SRC-003,UOC_SEIT_Combined_Master_Matrix_2.xlsx,Master Matrix,62,ARC-062 | Combined | Part V | UGUP | Category/algebra | Universal mapping property of quotient | UGCT | Certified | Canonical characterization | None stated | Unique factorization
SRC-003,UOC_SEIT_Combined_Master_Matrix_2.xlsx,Master Matrix,63,ARC-063 | Combined | Part V | UGNT | Rewrite theory | Normal forms under rewrite system | UGUP | Framework certified; theorems Open | Unique normal form | Termination + confluence | Conditional NF
SRC-003,UOC_SEIT_Combined_Master_Matrix_2.xlsx,Master Matrix,64,"ARC-064 | Combined | Part V | UGIT | Intrinsic semantics-free theory | Automorphisms, orbits, invariants | UGNT | Certified framework | Structural classification | Closed invariant basis not claimed | Candidate invariants: depth, degree, support, length, height"
SRC-003,UOC_SEIT_Combined_Master_Matrix_2.xlsx,Master Matrix,65,ARC-065 | Combined | Part V | UOLS | Semantics | Interpretation map + semantic equivalence/morphisms | UGIT | Certified framework | Meaning assignment | Formal semantic invariants deferred | Objects/relations/operations
SRC-003,UOC_SEIT_Combined_Master_Matrix_2.xlsx,Master Matrix,66,ARC-066 | Combined | Part V | UTS | Type system | D/T/C/Π typed as object introduction/evolution/admissibility/persistence | UOLS | Certified | Type-safe composition | Full generality not tested | Typing morphism τ
SRC-003,UOC_SEIT_Combined_Master_Matrix_2.xlsx,Master Matrix,67,"ARC-067 | Combined | Part V | MDCL-0001 / 𝔐 | Canonical object | Typed V, typed E, dependency partial order, composition operator | UTS | Certified | Typed dependency-governed compiler object | Category MDCL-0002 absent | Not yet shown identical to Part IV MDCL"
SRC-003,UOC_SEIT_Combined_Master_Matrix_2.xlsx,Master Matrix,68,"ARC-068 | Combined | Part V | MDCL-0002 | Category target | Category of MDCL objects, homomorphisms, identities, products, limits | MDCL-0001 | Research Objective | Higher-order compiler category | Entire construction not supplied | Explicitly absent"
SRC-003,UOC_SEIT_Combined_Master_Matrix_2.xlsx,Master Matrix,69,ARC-069 | Combined | Part V | Primitive grammar reconciliation | Open problem | DTC vs MDCL v1.0 vs MDCL v2.0 six-primitive set | Parts I/IV/V | Open | Single canonical grammar | Construct foundation for alternative alphabets | Document refuses to choose
SRC-003,UOC_SEIT_Combined_Master_Matrix_2.xlsx,Master Matrix,70,ARC-070 | SEIT | SEIT.0 | Two-layer architecture | Architecture | USC Layer I + SEIT Layer II | Prior compiler work | Layer I mature; Layer II active hypothesis | Separate engineering tool from physical theory | Empirical validation of Layer II | Updated v4 correction
SRC-003,UOC_SEIT_Combined_Master_Matrix_2.xlsx,Master Matrix,71,"ARC-071 | SEIT | SEIT.0 | Primitive triple | Primitive hypothesis | (Σ, Γ, Π) = state, generator, persistence functional | USC + persistence concept | Proposed | Physical emergence theory | Define Π independently and validate | Not established physical quantity"
SRC-003,UOC_SEIT_Combined_Master_Matrix_2.xlsx,Master Matrix,72,"ARC-072 | SEIT | Phase XII | Canonical spectral spine | Dependency | (Ω,F,μ)→Σ→R→G→ℋ→𝒪→E(λ)→σ(𝒪)→e^{tG}→Z→(F,U,S)→K_t→a_k→(g,R)→ind(D)→(𝒜,ℋ,𝒟) | Established mathematics | Derived reconstruction | Cross-theory correspondence | Test universality | Meta-theory of structural correspondence"
SRC-003,UOC_SEIT_Combined_Master_Matrix_2.xlsx,Master Matrix,73,"ARC-073 | SEIT | Audit | Graph / spectral kernel | Mathematical kernel | G=(V,E), A, D, L=D−A, spectrum, e^{-βL} | Δ + graph | Derived | Persistence analysis | Formal Ω convergence | Core spectral pipeline"
SRC-003,UOC_SEIT_Combined_Master_Matrix_2.xlsx,Master Matrix,74,ARC-074 | SEIT | Audit | Persistence functional C_Π | Variational functional | Fisher-metric choice; Euler–Lagrange SEIT.1 | Spectral geometry | Derived within audit | GR/replicator/diffusion/FEP limits | Independent validation | Key bridge to λ_c
SRC-003,UOC_SEIT_Combined_Master_Matrix_2.xlsx,Master Matrix,75,ARC-075 | SEIT | Audit | D1 | Decay mechanism | D₁(λ)=λ | Heat-kernel decay | Derived | Suppression measure | None stated | −d/dβ ln R_n
SRC-003,UOC_SEIT_Combined_Master_Matrix_2.xlsx,Master Matrix,76,ARC-076 | SEIT | Audit | D2 | Thermodynamic mechanism | D₂(λ)=βλ² | Entropy production | Partial | Thermodynamic degradation | Prove λ is transition rate | Temperature explicit
SRC-003,UOC_SEIT_Combined_Master_Matrix_2.xlsx,Master Matrix,77,ARC-077 | SEIT | Audit | D3 | Geometric mechanism | D₃(λ)=√λ | Cheeger leakage | Partial | Boundary leakage | Prove nodal-domain scaling | Geometric constraint
SRC-003,UOC_SEIT_Combined_Master_Matrix_2.xlsx,Master Matrix,78,"ARC-078 | SEIT | Central lock | Γ persistence ratio | Closure candidate | Γ(λ)=Restoration(λ)/Degradation(λ); Γ>1 persists, Γ<1 dissolves | C_Π forcing projection | Partial | λ_c | Evaluate projection integral + monotonicity + unique crossing | Correct replacement for λ_c=λ₁"
SRC-003,UOC_SEIT_Combined_Master_Matrix_2.xlsx,Master Matrix,79,"ARC-079 | SEIT | Central lock | λ_c | Threshold | Γ(λ_c)=1 | Γ | Partial | Π, mass, projectors, force count, couplings, cosmology | Existence/uniqueness/running flow | λ_c≠Fiedler"
SRC-003,UOC_SEIT_Combined_Master_Matrix_2.xlsx,Master Matrix,80,ARC-080 | SEIT | Closure | Persistence sector | Sector | Π={n:λ_n<λ_c} | λ_c | Partial | Mass/couplings/etc. | Close λ_c | Non-trivial boundary required
SRC-003,UOC_SEIT_Combined_Master_Matrix_2.xlsx,Master Matrix,81,ARC-081 | SEIT | Closure | Mass spectrum | Formula | m_n=m_0√λ_n | Persistence sector | Partial | Particle mass hierarchy | m_0 normalization | Planck closure proposed
SRC-003,UOC_SEIT_Combined_Master_Matrix_2.xlsx,Master Matrix,82,ARC-082 | SEIT | Closure | Couplings | Formula | α_k=⟨ψ|P_k|ψ⟩ | Projector boundaries P_k | Partial | Coupling constants | Derive P_k from UTT transitions | Boundary locations open
SRC-003,UOC_SEIT_Combined_Master_Matrix_2.xlsx,Master Matrix,83,ARC-083 | SEIT | Closure | Force sector count | Claim | 3 sectors from two UTT transitions / Γ discontinuities | P_k / Γ | Open | Eliminate ad hoc count | Prove exactly two transitions | Low/Mid/High λ classification
SRC-003,UOC_SEIT_Combined_Master_Matrix_2.xlsx,Master Matrix,84,ARC-084 | SEIT | Closure | Gauge group | Claim | SU(3)×SU(2)×U(1) via Octonion/Spin(8) route | Graph Clifford structure | Open | Gauge closure | Derive selection + rule out E8/SO(10)/F4 | Not fixed by λ_c alone
SRC-003,UOC_SEIT_Combined_Master_Matrix_2.xlsx,Master Matrix,85,"ARC-085 | SEIT | Closure | N_sub / CMB tilt | Cosmology | N_sub = spectral dimension at Hubble radius; n_s locked to it | Spectral dimension + λ_c chain | Open/partial | CMB derivation | Close N_sub independently | n_s=0.9650 claimed, contingent"
SRC-003,UOC_SEIT_Combined_Master_Matrix_2.xlsx,Master Matrix,86,ARC-086 | SEIT | Limit | Graph reconstruction | Impossibility boundary | Inverse spectral reconstruction of G from spectrum | Spectrum | Likely undecidable | Defines information limit | No finite algorithm expected | Cubitt-Perez-Garcia-Wolf cited
SRC-003,UOC_SEIT_Combined_Master_Matrix_2.xlsx,Master Matrix,87,"ARC-087 | SEIT | Empirical | ħ,c,G_N | Inputs | Physical constants | Measurement | Empirical | Numerical calibration | Classify external vs derivable | External inputs in current framework"
SRC-003,UOC_SEIT_Combined_Master_Matrix_2.xlsx,Master Matrix,88,ARC-088 | SEIT | Falsifiability | UV dispersion | Prediction | Energy-dependent photon time delay | Spectral d'Alembertian correction | Partial | Gamma-ray tests | Complete correction derivation | Retained
SRC-003,UOC_SEIT_Combined_Master_Matrix_2.xlsx,Master Matrix,89,ARC-089 | SEIT | Falsifiability | IR lensing | Prediction | Non-local lensing trace from L^{-1} | Graph Laplacian Green function | Partial | Weak-lensing tests | Quantitative profile | Dark-matter-halo replacement
SRC-003,UOC_SEIT_Combined_Master_Matrix_2.xlsx,Master Matrix,90,ARC-090 | SEIT | Falsifiability | Quantum metric noise | Prediction | Irreducible GW detector noise floor | Discrete metric fluctuations | Partial | Interferometer tests | Derive noise amplitude/scaling | Below current sensitivity
SRC-003,UOC_SEIT_Combined_Master_Matrix_2.xlsx,Master Matrix,91,ARC-091 | SEIT | Falsifiability | CMB tilt 0.9650 | Prediction | n_s=0.9650 | N_sub | Contingent | CMB comparison | Derive N_sub | Agreement with Planck noted
SRC-003,UOC_SEIT_Combined_Master_Matrix_2.xlsx,Master Matrix,92,ARC-092 | SEIT | Retired | 166 Hz GW line | Prediction | Axion-mass ansatz | SEIT.1 | Retracted | None | Not to reuse | Dropped
SRC-003,UOC_SEIT_Combined_Master_Matrix_2.xlsx,Master Matrix,93,ARC-093 | SEIT | Retired | 135 pc dwarf core radius | Prediction | Fixed core-radius claim | Cosmological interpretation | Retracted | None | Not to reuse | Dropped due observed diversity
SRC-003,UOC_SEIT_Combined_Master_Matrix_2.xlsx,Master Matrix,94,ARC-094 | SEIT | Consistency | Anomaly cancellation | Constraint | Tr[Γ^5 Δ²]=0 | Gauge derivation | Partial | Gauge consistency | Gauge closure | Not independent closure
SRC-003,UOC_SEIT_Combined_Master_Matrix_2.xlsx,Master Matrix,95,ARC-095 | SEIT | Research rank 1 | Evaluate Γ projection integral | Milestone | ⟨ψ_n|g^{ca}∇_a I_F|ψ_n⟩ / higher-mode projection | C_Π | Open / top priority | λ_c + all downstream | Actual integral computation | Single central lock
SRC-003,UOC_SEIT_Combined_Master_Matrix_2.xlsx,Master Matrix,96,"ARC-096 | SEIT | Research rank 2 | Prove Γ decreasing | Milestone | Restoration↓, degradation↑ with λ | Γ integral | Open | Unique λ_c | Monotonicity theorem | Needed after rank 1"
SRC-003,UOC_SEIT_Combined_Master_Matrix_2.xlsx,Master Matrix,97,ARC-097 | SEIT | Research rank 3 | Derive λ_c(β) | Milestone | Root Γ(λ)=1 as filtering depth β varies | Γ | Open | RG-compatible threshold | Explicit flow equation | Running threshold
SRC-003,UOC_SEIT_Combined_Master_Matrix_2.xlsx,Master Matrix,98,ARC-098 | SEIT | Research rank 4 | Derive P_k | Milestone | Γ slope changes / UTT transitions | λ_c + Γ | Open | Force count + couplings | Derive transition boundaries | EW/QCD
SRC-003,UOC_SEIT_Combined_Master_Matrix_2.xlsx,Master Matrix,99,ARC-099 | SEIT | Research rank 5 | Close m_0 | Milestone | λ_c|Planck=1/ℓ_P² | λ_c | Open | Mass scale | Unit audit | m_0=ħ/c claimed from closure
SRC-003,UOC_SEIT_Combined_Master_Matrix_2.xlsx,Master Matrix,100,ARC-100 | SEIT | Research rank 6 | Force count=3 | Milestone | Exactly two UTT transitions | P_k | Open | Three sectors | Proof from SEF.27+28 | Eliminate ad hoc assumption
SRC-003,UOC_SEIT_Combined_Master_Matrix_2.xlsx,Master Matrix,101,ARC-101 | SEIT | Research rank 7 | Gauge derivation | Milestone | Graph Clifford structure→SU(3)×SU(2)×U(1) | P_k / graph structure | Open | Gauge closure | Rule out alternatives | Independent of λ_c chain
SRC-003,UOC_SEIT_Combined_Master_Matrix_2.xlsx,Master Matrix,102,ARC-102 | SEIT | Research rank 8 | Cosmological closure | Milestone | N_sub from Hubble-scale spectral dimension | Spectral geometry | Open | CMB tilt | Derive N_sub | Cosmological sector
SRC-003,UOC_SEIT_Combined_Master_Matrix_2.xlsx,Master Matrix,103,"ARC-103 | SEIT | Research rank 9 | Classify empirical inputs | Meta-research | External vs derivable constants | All prior closure | Open | Theory/measurement boundary | Input audit | ħ,c,G_N currently empirical"
SRC-003,UOC_SEIT_Combined_Master_Matrix_2.xlsx,Primitive Grammars,1,Version | Primitives | Composition / Role | Status | Unresolved Reconciliation
SRC-003,UOC_SEIT_Combined_Master_Matrix_2.xlsx,Primitive Grammars,2,"Part I DTC | Δ, τ, κ, Π | Γ ≡ 𝔠κ∘𝔗τ∘𝔗Δ | Framework / unreconciled | Relation to gradient chain and v2.0"
SRC-003,UOC_SEIT_Combined_Master_Matrix_2.xlsx,Primitive Grammars,3,"MDCL v1.0 | D, T, C (+Π) | Γ=C∘T∘D | Certified framework | Formal identity with DTC not proved"
SRC-003,UOC_SEIT_Combined_Master_Matrix_2.xlsx,Primitive Grammars,4,"MDCL v2.0 | Δ, τ, κ, Θ, Π, Ω | No single composition stated | Certified framework / extended | Whether Θ,Ω are primitive; reconcile with v1.0"
SRC-003,UOC_SEIT_Combined_Master_Matrix_2.xlsx,Primitive Grammars,5,"UDP Phase I | Object, Relation, Operator, Constraint, State | Dependency reduction | Candidate methodology | Different alphabet from DTC/MDCL"
SRC-003,UOC_SEIT_Combined_Master_Matrix_2.xlsx,Primitive Grammars,6,"Part III gradient | ∇, κ, 𝒪, F, Wc, Π, Ψ, E | Eight-stage physical organization chain | Open / unreconciled | Reconcile with DTC"
SRC-003,UOC_SEIT_Combined_Master_Matrix_2.xlsx,Primitive Grammars,7,"Part V foundation | D,T,C,Π | UGAS→UGCT→UGUP→UGNT→UGIT→UOLS→UTS→𝔐 | Certified foundation with open UGNT theorems | Does not formalize DTC or v2.0"
SRC-003,UOC_SEIT_Combined_Master_Matrix_2.xlsx,Primitive Grammars,8,"SEIT.0 | Σ, Γ, Π | State→generator→persistence | Active physical hypothesis | Need independent validation"
SRC-003,UOC_SEIT_Combined_Master_Matrix_2.xlsx,Dependency Spines,1,Spine | Sequence | Role | Status
SRC-003,UOC_SEIT_Combined_Master_Matrix_2.xlsx,Dependency Spines,2,Compiler evolution | Foundation→Graph→Spectral→Operator→Lorentzian→Differential Geometry→Physics Recovery | Construction order | Architectural
SRC-003,UOC_SEIT_Combined_Master_Matrix_2.xlsx,Dependency Spines,3,𝒯OE pipeline | 𝔊•→𝔇→𝔓𝒯→𝔏→ℒ | Discrete→continuum compiler | Conjectural bridge
SRC-003,UOC_SEIT_Combined_Master_Matrix_2.xlsx,Dependency Spines,4,UDP | Reality→Variables→Operators→Constraints→Equations→Predictions | Execution pipeline | Defined
SRC-003,UOC_SEIT_Combined_Master_Matrix_2.xlsx,Dependency Spines,5,UDP dependency | Object→State→Relation→Operator→Transformation→Constraint→Dynamics→Persistence→Equation→Theory | Layer ordering | Defined
SRC-003,UOC_SEIT_Combined_Master_Matrix_2.xlsx,Dependency Spines,6,CMRC | Primitive→MRC→CMRC→QRC→PRC | Recovery architecture | Architectural
SRC-003,UOC_SEIT_Combined_Master_Matrix_2.xlsx,Dependency Spines,7,String recovery | Ω→Σ→X→TΣ→h→A→Polyakov→δS→T_ab→Virasoro→BRST→β(g)=0→R_μν=0 | VAL-001 | Certified
SRC-003,UOC_SEIT_Combined_Master_Matrix_2.xlsx,Dependency Spines,8,"Graph-spectral GR | G→A,D→L→Spec(L)→heat kernel→diffusion distance→g→Γ→R→G_μν | Vacuum geometry | Certified through vacuum tensor"
SRC-003,UOC_SEIT_Combined_Master_Matrix_2.xlsx,Dependency Spines,9,Lorentzian | Graph→L0→rank-one perturbation→index≤1→resistance→negative eigenvector→localization→indefinite form→continuum→Lorentzian metric | Signature recovery | Open after LOR-002
SRC-003,UOC_SEIT_Combined_Master_Matrix_2.xlsx,Dependency Spines,10,"SEIT Phase XII | (Ω,F,μ)→Σ→R→G→ℋ→𝒪→E(λ)→σ(𝒪)→e^{tG}→Z→(F,U,S)→K_t→a_k→(g,R)→ind(D)→(𝒜,ℋ,𝒟) | Canonical spectral correspondence | Derived reconstruction"
SRC-003,UOC_SEIT_Combined_Master_Matrix_2.xlsx,Dependency Spines,11,SEIT closure | Γ integral→Γ monotonicity→λ_c(β)→P_k→m0→force count→gauge→cosmology | Downstream closure | Open
SRC-003,UOC_SEIT_Combined_Master_Matrix_2.xlsx,Dependency Spines,12,Part V foundation | Σ0→UGAS→UGCT→UGUP→UGNT→UGIT→UOLS→UTS→MDCL-0001 | Formal algebra/semantics/type substrate | Mostly certified; UGNT open
SRC-003,UOC_SEIT_Combined_Master_Matrix_2.xlsx,Status Matrix,1,Status | Meaning in source | Representative items
SRC-003,UOC_SEIT_Combined_Master_Matrix_2.xlsx,Status Matrix,2,"Certified | Complete symbolic derivation + verification protocol (Combined Part 0) | MDCL v1.0, CMRC-001–019, VAL-004/005, UGAS–UTS, MDCL-0001, LOR-002"
SRC-003,UOC_SEIT_Combined_Master_Matrix_2.xlsx,Status Matrix,3,"Candidate | Internally consistent but at least one proof obligation remains | LOR-001; SEIT Γ, λ_c candidates"
SRC-003,UOC_SEIT_Combined_Master_Matrix_2.xlsx,Status Matrix,4,Open | Well-posed target without candidate proof | MDCL v2 Layer VII; gauge group; P_k; force count; N_sub; Lorentzian localization
SRC-003,UOC_SEIT_Combined_Master_Matrix_2.xlsx,Status Matrix,5,"Retired | Actively pursued then closed, reason recorded | Fisher route; signed Laplacian; balance theory; 166 Hz; 135 pc"
SRC-003,UOC_SEIT_Combined_Master_Matrix_2.xlsx,Status Matrix,6,Research Objective | Long-term target not yet specific candidate | MDCL-0002; IOC Rank-k; Layers VIII–XIII
SRC-003,UOC_SEIT_Combined_Master_Matrix_2.xlsx,Status Matrix,7,"Partial | SEIT v4 audit code for incomplete derivations | D2, D3, Γ, λ_c, masses, couplings, RG, CMB"
SRC-003,UOC_SEIT_Combined_Master_Matrix_2.xlsx,Status Matrix,8,"Empirical | External measurement input | ħ, c, G_N"
SRC-003,UOC_SEIT_Combined_Master_Matrix_2.xlsx,Status Matrix,9,Undecidable | Likely blocked by known mathematical limitation | Graph reconstruction from spectrum
SRC-003,UOC_SEIT_Combined_Master_Matrix_2.xlsx,Equations & Functionals,1,ID | Expression | Role | Source | Status
SRC-003,UOC_SEIT_Combined_Master_Matrix_2.xlsx,Equations & Functionals,2,E1 | L=D−A | Graph Laplacian | SEIT / MDCL v2 | Derived
SRC-003,UOC_SEIT_Combined_Master_Matrix_2.xlsx,Equations & Functionals,3,E2 | e^{−βL} | Heat kernel | SEIT | Derived
SRC-003,UOC_SEIT_Combined_Master_Matrix_2.xlsx,Equations & Functionals,4,E3 | R(λ)=e^{−βλ} | Spectral response | SEIT | Derived
SRC-003,UOC_SEIT_Combined_Master_Matrix_2.xlsx,Equations & Functionals,5,E4 | D1(λ)=λ | Heat-kernel decay | SEIT | Derived
SRC-003,UOC_SEIT_Combined_Master_Matrix_2.xlsx,Equations & Functionals,6,E5 | D2(λ)=βλ² | Entropy-production candidate | SEIT | Partial
SRC-003,UOC_SEIT_Combined_Master_Matrix_2.xlsx,Equations & Functionals,7,E6 | D3(λ)=√λ | Cheeger leakage candidate | SEIT | Partial
SRC-003,UOC_SEIT_Combined_Master_Matrix_2.xlsx,Equations & Functionals,8,E7 | Γ(λ)=Restoration/Degradation | Persistence ratio | SEIT | Partial
SRC-003,UOC_SEIT_Combined_Master_Matrix_2.xlsx,Equations & Functionals,9,E8 | Γ(λ_c)=1 | Persistence threshold | SEIT | Partial
SRC-003,UOC_SEIT_Combined_Master_Matrix_2.xlsx,Equations & Functionals,10,E9 | Π={n:λ_n<λ_c} | Persistence sector | SEIT | Partial
SRC-003,UOC_SEIT_Combined_Master_Matrix_2.xlsx,Equations & Functionals,11,E10 | m_n=m_0√λ_n | Mass spectrum | SEIT | Partial
SRC-003,UOC_SEIT_Combined_Master_Matrix_2.xlsx,Equations & Functionals,12,E11 | α_k=⟨ψ|P_k|ψ⟩ | Coupling formula | SEIT | Partial
SRC-003,UOC_SEIT_Combined_Master_Matrix_2.xlsx,Equations & Functionals,13,E12 | β<2/Λ_max | Gradient-descent stability bound | Part I | Derived within program
SRC-003,UOC_SEIT_Combined_Master_Matrix_2.xlsx,Equations & Functionals,14,E13 | λ_min(H)≥m>0 | Strict convexity | Part I | Derived within program
SRC-003,UOC_SEIT_Combined_Master_Matrix_2.xlsx,Equations & Functionals,15,E14 | Ψ_{n+1}=Ψ_n−β∇𝒜[Ψ_n] | Optimization dynamics | Part I | Derived within program
SRC-003,UOC_SEIT_Combined_Master_Matrix_2.xlsx,Equations & Functionals,16,E15 | m0 at Planck: λ_c=1/ℓ_P² | Normalization condition | SEIT | Open
SRC-003,UOC_SEIT_Combined_Master_Matrix_2.xlsx,Equations & Functionals,17,E16 | G_μν+Λg_μν=(8πG/c⁴)T_μν | Matter-coupled GR target | MDCL v2 | Open target
SRC-003,UOC_SEIT_Combined_Master_Matrix_2.xlsx,Equations & Functionals,18,E17 | ∇_μT^{μν}=0 | Matter conservation target | MDCL v2 | Open target
SRC-003,UOC_SEIT_Combined_Master_Matrix_2.xlsx,Equations & Functionals,19,E18 | d²x^μ/dτ²+Γ^μ_{αβ}(dx^α/dτ)(dx^β/dτ)=0 | Geodesic target | MDCL v2 | Open target
SRC-003,UOC_SEIT_Combined_Master_Matrix_2.xlsx,Equations & Functionals,20,E19 | ∇²Φ=4πGρ | Newtonian limit target | MDCL v2 | Open target
SRC-003,UOC_SEIT_Combined_Master_Matrix_2.xlsx,Equations & Functionals,21,E20 | Tr[Γ⁵ Δ²]=0 | Anomaly consistency condition | SEIT | Partial
SRC-003,UOC_SEIT_Combined_Master_Matrix_2.xlsx,Equations & Functionals,22,E21 | ind(D)=∫ ch(E)Td(TM) | Atiyah–Singer correspondence | SEIT | Established mathematics
SRC-003,UOC_SEIT_Combined_Master_Matrix_2.xlsx,Equations & Functionals,23,E22 | Z=Tr(e^{−β𝒪}); F=−kBT ln Z | Statistical structure | SEIT | Established mathematics
SRC-003,UOC_SEIT_Combined_Master_Matrix_2.xlsx,Equations & Functionals,24,E23 | Θ(t)~(4πt)^{−n/2}Σa_k t^k | Heat-trace geometry | SEIT | Established mathematics
SRC-003,UOC_SEIT_Combined_Master_Matrix_2.xlsx,Equations & Functionals,25,E24 | 𝔘=Fix(𝒪opt) | Compiler fixed point | Part I | Derived within program
SRC-003,UOC_SEIT_Combined_Master_Matrix_2.xlsx,Domain Matrix,1,Domain | Input / Substrate | Operator / Compiler Mechanism | Constraint / Selection | Output / Target | Status in source
SRC-003,UOC_SEIT_Combined_Master_Matrix_2.xlsx,Domain Matrix,2,"Classical Mechanics | Phase space (x,p) | Liouville operator | Hamiltonian structure | Liouville spectrum | Correspondence"
SRC-003,UOC_SEIT_Combined_Master_Matrix_2.xlsx,Domain Matrix,3,Statistical Mechanics | Ensemble | Transfer operator | Measure / ensemble constraints | Partition spectrum | Correspondence
SRC-003,UOC_SEIT_Combined_Master_Matrix_2.xlsx,Domain Matrix,4,Thermodynamics | State manifold | Hessian / Legendre | Stability | Eigenvalues | Correspondence
SRC-003,UOC_SEIT_Combined_Master_Matrix_2.xlsx,Domain Matrix,5,Quantum Mechanics | Hilbert space |ψ⟩ | Hamiltonian H | Self-adjointness / quantization | Energy spectrum | Certified branch + SEIT correspondence
SRC-003,UOC_SEIT_Combined_Master_Matrix_2.xlsx,Domain Matrix,6,"General Relativity | (M,g) / graph geometry | Laplace-Beltrami / curvature | Divergence-free symmetric tensor | Einstein tensor / vacuum GR | Vacuum certified; matter open"
SRC-003,UOC_SEIT_Combined_Master_Matrix_2.xlsx,Domain Matrix,7,"Gauge Theory | Principal bundle (P,A) | Gauge Laplacian Δ_A | Gauge invariance | Gauge spectrum / Yang–Mills | Gauge derivation open in SEIT"
SRC-003,UOC_SEIT_Combined_Master_Matrix_2.xlsx,Domain Matrix,8,String Theory | Worldsheet Σ | Polyakov / conformal operators | Virasoro / BRST | β(g)=0→R_μν=0 | Certified branch with explicit assumptions
SRC-003,UOC_SEIT_Combined_Master_Matrix_2.xlsx,Domain Matrix,9,Maxwell | Graph plaquettes / Wilson action | Γ-convergence | Gauge invariance | Maxwell field equations | Summary-level certified/ready
SRC-003,UOC_SEIT_Combined_Master_Matrix_2.xlsx,Domain Matrix,10,Continuum Mechanics | Relational/continuum structure | Compiler operators | Continuum constraints | Continuum laws | Summary-level certified/ready
SRC-003,UOC_SEIT_Combined_Master_Matrix_2.xlsx,Domain Matrix,11,Kinetic Theory | State distribution / dynamics | Compiler operators | Kinetic constraints | Kinetic laws | Summary-level certified/ready
SRC-003,UOC_SEIT_Combined_Master_Matrix_2.xlsx,Domain Matrix,12,Evolutionary Biology | Genetic/phenotypic coordinate space | Mutation networks / NESS limits | Autopoietic/homeostatic constraints | Metabolic homeostasis & genomes | Master matrix / conceptual
SRC-003,UOC_SEIT_Combined_Master_Matrix_2.xlsx,Domain Matrix,13,Neuroscience | Synaptic/axonal connectivity | Directed spiking / FEP | Prediction error minimization | World models | Master matrix / conceptual
SRC-003,UOC_SEIT_Combined_Master_Matrix_2.xlsx,Domain Matrix,14,Socioeconomics | Behavioral variation | Transaction flows | Law / market infrastructure | Hyper-organization | Master matrix / conceptual
SRC-003,UOC_SEIT_Combined_Master_Matrix_2.xlsx,Open Work & Falsification,1,Priority / ID | Problem | Dependency | Test / Method | Failure or Closure Condition | Current Status
SRC-003,UOC_SEIT_Combined_Master_Matrix_2.xlsx,Open Work & Falsification,2,SEIT-1 | Evaluate Γ projection integral | C_Π | Compute restoring and higher-mode projections | Finite computable Γ | Open
SRC-003,UOC_SEIT_Combined_Master_Matrix_2.xlsx,Open Work & Falsification,3,SEIT-2 | Prove Γ strictly decreasing | SEIT-1 | Monotonicity proof | Unique λ_c | Open
SRC-003,UOC_SEIT_Combined_Master_Matrix_2.xlsx,Open Work & Falsification,4,SEIT-3 | Derive λ_c(β) | SEIT-1/2 | Root flow in β | RG-consistent running threshold | Open
SRC-003,UOC_SEIT_Combined_Master_Matrix_2.xlsx,Open Work & Falsification,5,SEIT-4 | Derive P_k | λ_c | Locate UTT slope transitions | Projectors derived | Open
SRC-003,UOC_SEIT_Combined_Master_Matrix_2.xlsx,Open Work & Falsification,6,SEIT-5 | Normalize m0 | λ_c Planck | Unit audit | No free mass normalization | Open
SRC-003,UOC_SEIT_Combined_Master_Matrix_2.xlsx,Open Work & Falsification,7,SEIT-6 | Derive force count=3 | P_k | Prove two transitions | Three sectors forced | Open
SRC-003,UOC_SEIT_Combined_Master_Matrix_2.xlsx,Open Work & Falsification,8,SEIT-7 | Derive gauge group | Graph Clifford structure | Select SM group and rule out alternatives | Unique SU(3)×SU(2)×U(1) | Open
SRC-003,UOC_SEIT_Combined_Master_Matrix_2.xlsx,Open Work & Falsification,9,SEIT-8 | Close N_sub | Spectral dimension | Hubble-radius derivation | Independent n_s derivation | Open
SRC-003,UOC_SEIT_Combined_Master_Matrix_2.xlsx,Open Work & Falsification,10,SEIT-9 | Classify empirical inputs | All closure | Input audit | External/derived partition | Open
SRC-003,UOC_SEIT_Combined_Master_Matrix_2.xlsx,Open Work & Falsification,11,F-1 | UV photon delay | Spectral d'Alembertian | Gamma-ray time-of-flight | Observed delay absent / wrong scaling | Partial
SRC-003,UOC_SEIT_Combined_Master_Matrix_2.xlsx,Open Work & Falsification,12,F-2 | IR lensing | Graph Green function | Weak-lensing profile | Profile fails quantitative test | Partial
SRC-003,UOC_SEIT_Combined_Master_Matrix_2.xlsx,Open Work & Falsification,13,F-3 | Quantum metric noise | Discrete metric model | GW interferometer spectrum | Noise floor absent / wrong scaling | Partial
SRC-003,UOC_SEIT_Combined_Master_Matrix_2.xlsx,Open Work & Falsification,14,F-4 | Graph reconstruction | Inverse spectral map | Algorithmic reconstruction | Known undecidability boundary | Undecidable
SRC-003,UOC_SEIT_Combined_Master_Matrix_2.xlsx,Open Work & Falsification,15,P-I | Dimensional explosion | Refinement R | lim max deg(v)=∞ | Falsifies continuum dimension stability | Diagnostic
SRC-003,UOC_SEIT_Combined_Master_Matrix_2.xlsx,Open Work & Falsification,16,P-II | Cochain rupture | Chain map | dR≠Rd | Falsifies discrete differential complex | Diagnostic
SRC-003,UOC_SEIT_Combined_Master_Matrix_2.xlsx,Open Work & Falsification,17,P-III | Metric asymmetry | Hodge star | ⋆R≠scaled R⋆ | Falsifies self-adjoint spectral geometry | Diagnostic
SRC-003,UOC_SEIT_Combined_Master_Matrix_2.xlsx,Open Work & Falsification,18,P-IV | Optimizer instability | Step size | β≥2/Λmax | Falsifies convergence | Diagnostic
SRC-003,UOC_SEIT_Combined_Master_Matrix_2.xlsx,Open Work & Falsification,19,P-V | Attractor fragmentation | Convexity | λmin(H)≤0 | Falsifies unique attractor | Diagnostic
SRC-003,UOC_SEIT_Combined_Master_Matrix_2.xlsx,Open Work & Falsification,20,P-VI | Loss of precompactness | GH/doubling | lim C_n=∞ | Falsifies smooth continuum limit | Diagnostic
SRC-003,UOC_SEIT_Combined_Master_Matrix_2.xlsx,Open Work & Falsification,21,P-VII | Torsion singularity | Weitzenböck | Commutator identity fails | Falsifies intended GR limit | Diagnostic
SRC-003,UOC_SEIT_Combined_Master_Matrix_2.xlsx,Open Work & Falsification,22,P-VIII | Index shattering | Fredholm stability | Infinite zero crossings | Falsifies topological stability | Diagnostic
SRC-004,ToE Gap Matrix_2.xlsx,ToE Gap Matrix,1,Q# | Section | Question | Current Physics Status | Required ToE Result | Existing Candidate Approaches | What Remains Unexplained | Falsifiable Test
SRC-004,ToE Gap Matrix_2.xlsx,ToE Gap Matrix,2,"1 | I. Ontological Foundation | What must exist for any physically observable universe to exist at all? | Open. No consensus minimal ontology. | A unique, non-arbitrary minimal set of primitives from which observable physics follows. | Strings/branes; loop quantum gravity spin networks; causal sets; cellular automata; it-from-qubit/quantum information ontology; Tegmark's Mathematical Universe Hypothesis | No principle selects one ontology over the others; no empirical discriminant between them | None proposed; largely outside current empirical reach"
SRC-004,ToE Gap Matrix_2.xlsx,ToE Gap Matrix,3,2 | I. Ontological Foundation | What is the minimum ontological commitment required to formulate a fundamental physical theory? | Open. | A demonstrated minimal axiom set with no redundant primitives. | Strings/branes; loop quantum gravity spin networks; causal sets; cellular automata; it-from-qubit/quantum information ontology; Tegmark's Mathematical Universe Hypothesis | No principle selects one ontology over the others; no empirical discriminant between them | None proposed; largely outside current empirical reach
SRC-004,ToE Gap Matrix_2.xlsx,ToE Gap Matrix,4,"3 | I. Ontological Foundation | Which entities or structures are genuinely fundamental, and which are emergent descriptions? | Open. Candidate answers conflict (fields vs. strings vs. discrete structures vs. information). | A derivation showing which structures are irreducible and which follow from them. | Strings/branes; loop quantum gravity spin networks; causal sets; cellular automata; it-from-qubit/quantum information ontology; Tegmark's Mathematical Universe Hypothesis | No principle selects one ontology over the others; no empirical discriminant between them | None proposed; largely outside current empirical reach"
SRC-004,ToE Gap Matrix_2.xlsx,ToE Gap Matrix,5,"4 | I. Ontological Foundation | Can the fundamental theory be formulated without presupposing spacetime? | Partially attempted, not achieved. Background-independent programs exist but none complete. | A full formulation with spacetime demonstrably emergent, not assumed. | Loop quantum gravity; causal dynamical triangulations; causal sets; matrix models | No candidate has produced an extended, realistic 3+1D spacetime from a spaceless substrate. | None confirmed; CDT's dimensional-reduction signature at short scales is the closest indirect probe."
SRC-004,ToE Gap Matrix_2.xlsx,ToE Gap Matrix,6,"5 | I. Ontological Foundation | Can it be formulated without presupposing time? | Open; this is the formal 'problem of time' in quantum gravity, unresolved over 50 years. | A dynamics with time genuinely emergent, not a relabeled constraint. | Page-Wootters relational time; Hamiltonian constraint formulations in LQG | No confirmed mechanism by which a timeless state yields observed temporal evolution. | None confirmed."
SRC-004,ToE Gap Matrix_2.xlsx,ToE Gap Matrix,7,"6 | I. Ontological Foundation | Can it be formulated without presupposing matter, particles, fields, or quantum states? | Open. | A derivation of matter/fields as emergent excitations of a more primitive structure. | Strings/branes; loop quantum gravity spin networks; causal sets; cellular automata; it-from-qubit/quantum information ontology; Tegmark's Mathematical Universe Hypothesis | No principle selects one ontology over the others; no empirical discriminant between them | None proposed; largely outside current empirical reach"
SRC-004,ToE Gap Matrix_2.xlsx,ToE Gap Matrix,8,"7 | I. Ontological Foundation | Does the theory require an underlying substrate, or can physical reality be defined entirely relationally? | Open philosophical/physical question. | A working relational formulation with full predictive equivalence to substrate-based physics. | Relational quantum mechanics; structural realism | No principle selects one ontology over the others; no empirical discriminant between them | None proposed; largely outside current empirical reach"
SRC-004,ToE Gap Matrix_2.xlsx,ToE Gap Matrix,9,"8 | I. Ontological Foundation | What distinguishes physical existence from mathematical possibility? | Open; largely philosophical, not currently falsifiable. | A criterion, testable in principle, separating realized from merely consistent structures. | Mathematical Universe Hypothesis (unfalsifiable as posed) | No known empirical handle on this distinction. | None known; widely regarded as outside current science."
SRC-004,ToE Gap Matrix_2.xlsx,ToE Gap Matrix,10,"9 | I. Ontological Foundation | What determines which mathematically possible structures are physically realized? | Open. | A selection principle, not merely an anthropic restatement of the question. | String landscape + anthropic selection (contested) | Anthropic reasoning offers no independent predictive test. | None confirmed."
SRC-004,ToE Gap Matrix_2.xlsx,ToE Gap Matrix,11,"10 | I. Ontological Foundation | Does the theory need to explain why something exists, or is existence itself a legitimate primitive? | Open; contested whether this is a physics question at all. | Not a physics requirement in the conventional sense; depends on the theory's explanatory scope. | N/A | Disagreement over whether this is answerable by physics. | N/A"
SRC-004,ToE Gap Matrix_2.xlsx,ToE Gap Matrix,12,"11 | II. Fundamental Organizational Process | What organizational process is occurring at the deepest physically meaningful level? | Not operationalized in mainstream physics; several informal candidate proposals exist. | A defined generative process with derivable consequences matching known physics. | Entropic/emergent gravity (Verlinde); causal set sequential growth dynamics; it-from-bit/it-from-qubit (Wheeler, Van Raamsdonk); tensor network models of geometry | No single organizational process is established or confirmed; 'process ontology' itself is a non-standard framing in mainstream physics | None confirmed; entropic gravity makes some claimed predictions (e.g. modified inertia at low acceleration) that remain contested against data"
SRC-004,ToE Gap Matrix_2.xlsx,ToE Gap Matrix,13,"12 | II. Fundamental Organizational Process | What changes, and what remains invariant, during that process? | Open, contingent on which candidate process (if any) is adopted. | A clear invariant/variant decomposition tied to observed conservation laws. | Entropic/emergent gravity (Verlinde); causal set sequential growth dynamics; it-from-bit/it-from-qubit (Wheeler, Van Raamsdonk); tensor network models of geometry | No single organizational process is established or confirmed; 'process ontology' itself is a non-standard framing in mainstream physics | None confirmed; entropic gravity makes some claimed predictions (e.g. modified inertia at low acceleration) that remain contested against data"
SRC-004,ToE Gap Matrix_2.xlsx,ToE Gap Matrix,14,"13 | II. Fundamental Organizational Process | What relationships are necessary for the process to occur? | Open. | Necessary and sufficient relational conditions, derived rather than assumed. | Entropic/emergent gravity (Verlinde); causal set sequential growth dynamics; it-from-bit/it-from-qubit (Wheeler, Van Raamsdonk); tensor network models of geometry | No single organizational process is established or confirmed; 'process ontology' itself is a non-standard framing in mainstream physics | None confirmed; entropic gravity makes some claimed predictions (e.g. modified inertia at low acceleration) that remain contested against data"
SRC-004,ToE Gap Matrix_2.xlsx,ToE Gap Matrix,15,"14 | II. Fundamental Organizational Process | What structures can participate in the process? | Open. | A closed characterization of admissible structures. | Entropic/emergent gravity (Verlinde); causal set sequential growth dynamics; it-from-bit/it-from-qubit (Wheeler, Van Raamsdonk); tensor network models of geometry | No single organizational process is established or confirmed; 'process ontology' itself is a non-standard framing in mainstream physics | None confirmed; entropic gravity makes some claimed predictions (e.g. modified inertia at low acceleration) that remain contested against data"
SRC-004,ToE Gap Matrix_2.xlsx,ToE Gap Matrix,16,"15 | II. Fundamental Organizational Process | What structures can emerge from the process without being fundamental assumptions? | Open; partial results only within specific toy models (e.g. tensor network geometry). | Demonstrated emergence of known physical structures without additional input. | Entropic/emergent gravity (Verlinde); causal set sequential growth dynamics; it-from-bit/it-from-qubit (Wheeler, Van Raamsdonk); tensor network models of geometry | No single organizational process is established or confirmed; 'process ontology' itself is a non-standard framing in mainstream physics | None confirmed; entropic gravity makes some claimed predictions (e.g. modified inertia at low acceleration) that remain contested against data"
SRC-004,ToE Gap Matrix_2.xlsx,ToE Gap Matrix,17,"16 | II. Fundamental Organizational Process | Is there one universal organizational process underlying apparently different physical phenomena? | Open; no confirmed universal process. | A single process shown to generate gravity, gauge structure, and matter alike. | Entropic/emergent gravity (Verlinde); causal set sequential growth dynamics; it-from-bit/it-from-qubit (Wheeler, Van Raamsdonk); tensor network models of geometry | No single organizational process is established or confirmed; 'process ontology' itself is a non-standard framing in mainstream physics | None confirmed; entropic gravity makes some claimed predictions (e.g. modified inertia at low acceleration) that remain contested against data"
SRC-004,ToE Gap Matrix_2.xlsx,ToE Gap Matrix,18,"17 | II. Fundamental Organizational Process | If multiple processes exist, what relates them? | Open; not addressed by any confirmed theory. | A relating structure or meta-principle, itself justified rather than assumed. | Entropic/emergent gravity (Verlinde); causal set sequential growth dynamics; it-from-bit/it-from-qubit (Wheeler, Van Raamsdonk); tensor network models of geometry | No single organizational process is established or confirmed; 'process ontology' itself is a non-standard framing in mainstream physics | None confirmed; entropic gravity makes some claimed predictions (e.g. modified inertia at low acceleration) that remain contested against data"
SRC-004,ToE Gap Matrix_2.xlsx,ToE Gap Matrix,19,"18 | II. Fundamental Organizational Process | Can the fundamental process be expressed independently of any particular mathematical representation? | Open; most candidates are representation-dependent by construction. | A representation-independent formulation, or a proof that none is possible. | Entropic/emergent gravity (Verlinde); causal set sequential growth dynamics; it-from-bit/it-from-qubit (Wheeler, Van Raamsdonk); tensor network models of geometry | No single organizational process is established or confirmed; 'process ontology' itself is a non-standard framing in mainstream physics | None confirmed; entropic gravity makes some claimed predictions (e.g. modified inertia at low acceleration) that remain contested against data"
SRC-004,ToE Gap Matrix_2.xlsx,ToE Gap Matrix,20,"19 | II. Fundamental Organizational Process | What distinguishes a physical process from an arbitrary mathematical transformation? | Open; unresolved in general, though physically admissible transformations are constrained case by case (e.g. by unitarity, causality) within existing theories. | A general criterion, not just case-by-case constraints. | Constraints from unitarity, causality, and gauge invariance within QFT/GR | No general theory-independent criterion exists. | N/A"
SRC-004,ToE Gap Matrix_2.xlsx,ToE Gap Matrix,21,"20 | II. Fundamental Organizational Process | Does the fundamental process possess a natural notion of composition, succession, or interaction without presupposing time? | Open; tied directly to the problem of time in Question 5. | A timeless compositional structure from which temporal succession is recovered. | Page-Wootters mechanism; category-theoretic process formulations | Not demonstrated for a full, realistic physical theory. | None confirmed."
SRC-004,ToE Gap Matrix_2.xlsx,ToE Gap Matrix,22,"21 | III. Fundamental Invariants | What quantities, relationships, or structures must remain invariant under fundamental physical transformations? | Partially established. Noether's theorem (1918) rigorously derives conserved quantities from continuous symmetries. | A complete inventory of invariants, derived rather than postulated where currently postulated (gauge invariance, unitarity, locality). | Noether's theorem (proven); gauge theory; general covariance | Energy, momentum, angular momentum are derived; gauge invariance, unitarity, and Lorentz invariance remain structural postulates, not derived consequences. | Precision tests of conservation laws (ongoing, all consistent to date)."
SRC-004,ToE Gap Matrix_2.xlsx,ToE Gap Matrix,23,22 | III. Fundamental Invariants | Which invariants are representation-independent? | Partially known for established symmetries; open in general for a deeper theory. | A classification separating representation-independent from representation-dependent invariants. | Group theory classification of Standard Model + GR symmetries | No general classification exists for a hypothetical deeper theory. | N/A
SRC-004,ToE Gap Matrix_2.xlsx,ToE Gap Matrix,24,"23 | III. Fundamental Invariants | Which invariants are merely artifacts of a particular mathematical description? | Open in general; known case by case (e.g. gauge redundancy is representation artifact). | A systematic method for identifying artifacts versus physical invariants. | Gauge-fixing and gauge-invariant observable programs in QFT | No general, theory-independent method exists. | N/A"
SRC-004,ToE Gap Matrix_2.xlsx,ToE Gap Matrix,25,"24 | III. Fundamental Invariants | Can conservation laws be derived from deeper invariance principles? | Established for the known conservation laws via Noether's theorem; not established from anything deeper than symmetry itself. | A derivation of the symmetries themselves from a still deeper structure. | Noether's theorem (derives laws from symmetries, not symmetries from anything deeper) | The symmetries themselves remain unexplained inputs. | N/A; already well confirmed at the level of Noether's theorem."
SRC-004,ToE Gap Matrix_2.xlsx,ToE Gap Matrix,26,"25 | III. Fundamental Invariants | Can symmetries be derived rather than assumed? | Open. No confirmed derivation of Standard Model symmetries from a deeper principle. | A derivation of SU(3)xSU(2)xU(1), Lorentz invariance, etc. from prior structure. | Grand unified theories (partial, unconfirmed); emergent gauge symmetry from entanglement (speculative) | No confirmed derivation exists at any level. | GUT-scale proton decay searches (largely null so far)."
SRC-004,ToE Gap Matrix_2.xlsx,ToE Gap Matrix,27,"26 | III. Fundamental Invariants | Can gauge invariance be derived from deeper structure? | Open. | A derivation of gauge symmetry, not its assumption. | Emergent gauge symmetry proposals in holographic/tensor-network models | Speculative only; no confirmed derivation. | None confirmed."
SRC-004,ToE Gap Matrix_2.xlsx,ToE Gap Matrix,28,"27 | III. Fundamental Invariants | Can Lorentz invariance be derived rather than postulated? | Open; Lorentz invariance is a postulate, though tested to extraordinary precision with no violation found. | A derivation from a more fundamental, possibly discrete, structure. | Doubly special relativity; Lorentz-violating quantum gravity phenomenology (constrained, not confirmed) | No violation has ever been detected, and no derivation from deeper structure is confirmed. | Gamma-ray burst timing; astrophysical polarization tests (ongoing, null so far)."
SRC-004,ToE Gap Matrix_2.xlsx,ToE Gap Matrix,29,"28 | III. Fundamental Invariants | Can unitarity be derived rather than assumed? | Open. Unitarity is a foundational postulate of quantum mechanics. | A derivation of unitarity from a non-quantum substrate, or proof it is irreducible. | None confirmed; decoherence explains apparent non-unitarity of subsystems only | No derivation of exact unitarity from anything deeper exists. | N/A"
SRC-004,ToE Gap Matrix_2.xlsx,ToE Gap Matrix,30,"29 | III. Fundamental Invariants | Can locality or an appropriate replacement for locality be derived? | Partially explored. Strict signal locality is confirmed; quantum correlations are non-local in the Bell sense. | A principled account of when and why locality holds or fails to hold. | Bell's theorem (proven); holographic non-locality in AdS/CFT | Entanglement-based non-locality is confirmed but not derived from a deeper local structure. | Loophole-free Bell tests (already performed, confirm quantum non-locality)."
SRC-004,ToE Gap Matrix_2.xlsx,ToE Gap Matrix,31,"30 | III. Fundamental Invariants | What is the smallest set of fundamental invariants from which known physical laws can emerge? | Open. | A minimal, closed, derived set. | Group-theoretic and axiomatic reconstruction programs | No confirmed minimal set exists. | N/A"
SRC-004,ToE Gap Matrix_2.xlsx,ToE Gap Matrix,32,"31 | IV. Transformation and Dynamics | What is the fundamental notion of physical transformation? | Open at the deepest level; well defined within each existing framework (unitary evolution, diffeomorphisms). | A framework-independent notion of transformation. | Hamiltonian/Lagrangian/path-integral formalisms (all presuppose time); LQG Hamiltonian constraint; causal dynamical triangulations; Page-Wootters relational time | No framework-independent definition confirmed. | N/A"
SRC-004,ToE Gap Matrix_2.xlsx,ToE Gap Matrix,33,"32 | IV. Transformation and Dynamics | What determines which transformations are physically admissible? | Partially known within existing theories (symmetry, unitarity, causality constraints); not derived from first principles. | A first-principles derivation of admissibility conditions. | Hamiltonian/Lagrangian/path-integral formalisms (all presuppose time); LQG Hamiltonian constraint; causal dynamical triangulations; Page-Wootters relational time | Admissibility rules are imposed, not derived, in every existing theory. | N/A"
SRC-004,ToE Gap Matrix_2.xlsx,ToE Gap Matrix,34,33 | IV. Transformation and Dynamics | What determines the dynamics of the fundamental system? | Open for any candidate 'final' theory; well defined for each existing theory individually. | A unique dynamical principle from which known dynamics follow as limits. | Hamiltonian/Lagrangian/path-integral formalisms (all presuppose time); LQG Hamiltonian constraint; causal dynamical triangulations; Page-Wootters relational time | No unique fundamental dynamical principle is confirmed. | N/A
SRC-004,ToE Gap Matrix_2.xlsx,ToE Gap Matrix,35,"34 | IV. Transformation and Dynamics | Can the fundamental dynamics be expressed without a background spacetime? | Attempted, not achieved with full generality. | A background-independent dynamics with a demonstrated semiclassical limit recovering GR. | Loop quantum gravity Hamiltonian constraint; spin foam models | Semiclassical limit recovery remains technically incomplete and not fully general. | None confirmed."
SRC-004,ToE Gap Matrix_2.xlsx,ToE Gap Matrix,36,"35 | IV. Transformation and Dynamics | Can dynamics exist without a primitive time parameter? | This is the 'problem of time,' unresolved for over 50 years. | A working timeless dynamics with observed time demonstrably emergent. | Page-Wootters mechanism; Wheeler-DeWitt equation (timeless by construction) | No confirmed resolution; regarded as one of the deepest open problems in quantum gravity. | None confirmed."
SRC-004,ToE Gap Matrix_2.xlsx,ToE Gap Matrix,37,"36 | IV. Transformation and Dynamics | Can temporal evolution emerge from a deeper transformation structure? | Open; same status as Question 35. | Same as above. | Page-Wootters mechanism | Not demonstrated for a full, realistic theory. | None confirmed."
SRC-004,ToE Gap Matrix_2.xlsx,ToE Gap Matrix,38,"37 | IV. Transformation and Dynamics | What mathematical object generates fundamental dynamics? | Open for a final theory; known within each existing framework (Hamiltonian, action, path integral, spin foam amplitude). | A confirmed generator for the fundamental theory itself. | Action principles; spin foam amplitudes; S-matrix bootstrap approaches | No confirmed single generator exists across frameworks. | N/A"
SRC-004,ToE Gap Matrix_2.xlsx,ToE Gap Matrix,39,"38 | IV. Transformation and Dynamics | Does the theory require an action principle, Hamiltonian structure, path integral, transition operator, category, algebra, or something more fundamental? | Open; a genuine unresolved methodological question, not just a technical one. | A demonstrated necessity or non-necessity of each structure. | Category-theoretic and algebraic QFT approaches (exploratory) | No consensus on which structure, if any, is truly fundamental. | N/A"
SRC-004,ToE Gap Matrix_2.xlsx,ToE Gap Matrix,40,"39 | IV. Transformation and Dynamics | Can apparently different dynamical laws be derived as different limits of one fundamental law? | Partially achieved within specific programs (e.g. GR as a limit of string theory in some backgrounds). | A general demonstration across all known dynamical regimes. | String theory low-energy effective actions; asymptotic safety RG flows | Only shown in restricted regimes, not comprehensively. | N/A"
SRC-004,ToE Gap Matrix_2.xlsx,ToE Gap Matrix,41,"40 | IV. Transformation and Dynamics | What determines the arrow of time, if time itself is emergent? | Partially understood statistically (low-entropy initial condition, i.e. the 'past hypothesis'), not derived from fundamental dynamics. | A derivation of the initial low-entropy condition itself, not just its consequences. | Boltzmann's statistical mechanics; past hypothesis (Penrose, Albert) | Why the initial state had low entropy is unexplained. | Cosmological observations of the early universe (indirect, ongoing)."
SRC-004,ToE Gap Matrix_2.xlsx,ToE Gap Matrix,42,"41 | V. Emergence of Spacetime | Is spacetime fundamental or emergent? | Open; strong theoretical evidence for emergence within AdS/CFT, not demonstrated for our actual universe. | A confirmed emergence mechanism for realistic, de Sitter-like spacetime. | AdS/CFT correspondence (Maldacena, 1997); Ryu-Takayanagi entanglement entropy formula; loop quantum gravity spin networks; causal sets; Jacobson's thermodynamic derivation of Einstein's equations (1995, 2016) | AdS/CFT works for anti-de Sitter space, not the accelerating universe we inhabit. | None confirmed for our universe."
SRC-004,ToE Gap Matrix_2.xlsx,ToE Gap Matrix,43,"42 | V. Emergence of Spacetime | If spacetime is emergent, what underlying structure generates it? | Partially answered within AdS/CFT: boundary entanglement structure generates bulk geometry. | A generating structure confirmed to work outside idealized holographic settings. | AdS/CFT correspondence (Maldacena, 1997); Ryu-Takayanagi entanglement entropy formula; loop quantum gravity spin networks; causal sets; Jacobson's thermodynamic derivation of Einstein's equations (1995, 2016) | Restricted to special, non-realistic spacetimes. | None confirmed."
SRC-004,ToE Gap Matrix_2.xlsx,ToE Gap Matrix,44,"43 | V. Emergence of Spacetime | What mechanism produces dimensionality? | Open. | A derivation of the number of macroscopic dimensions, not a compactification chosen by hand. | String theory compactification (chosen, not derived); CDT dimensional reduction at short distance | Dimensionality is put in by hand in every current candidate. | CDT's short-distance dimensional-reduction signature (indirect, unconfirmed)."
SRC-004,ToE Gap Matrix_2.xlsx,ToE Gap Matrix,45,"44 | V. Emergence of Spacetime | Why does effective spacetime have approximately 3+1 dimensions? | Open. Not derived in any confirmed theory. | A first-principles derivation of 3 spatial + 1 time dimension. | String theory (requires 10-11D, needs compactification); anthropic arguments (contested) | No confirmed derivation; string theory's natural dimensionality actually disagrees with observation absent an added assumption. | None confirmed."
SRC-004,ToE Gap Matrix_2.xlsx,ToE Gap Matrix,46,"45 | V. Emergence of Spacetime | Can locality emerge from a nonlocal or pre-geometric structure? | Partially explored within holography (bulk locality emergent from boundary entanglement). | A general demonstration outside special holographic cases. | AdS/CFT correspondence (Maldacena, 1997); Ryu-Takayanagi entanglement entropy formula; loop quantum gravity spin networks; causal sets; Jacobson's thermodynamic derivation of Einstein's equations (1995, 2016) | Confirmed only in idealized settings. | None confirmed generally."
SRC-004,ToE Gap Matrix_2.xlsx,ToE Gap Matrix,47,"46 | V. Emergence of Spacetime | Can causal structure emerge without assuming causality at the fundamental level? | Open; causal sets take causality as fundamental rather than deriving it, which is itself a limitation relative to this question. | A derivation of causal structure from a genuinely acausal substrate. | Causal set theory (assumes causal order as primitive) | Causal sets assume rather than derive causal order. | None confirmed."
SRC-004,ToE Gap Matrix_2.xlsx,ToE Gap Matrix,48,47 | V. Emergence of Spacetime | Can metric structure emerge from more primitive relationships? | Partially explored (entanglement-to-geometry proposals); not established outside holography. | A general derivation of the metric from non-geometric primitives. | Ryu-Takayanagi formula; tensor network geometry models | Restricted to holographic/toy settings. | None confirmed.
SRC-004,ToE Gap Matrix_2.xlsx,ToE Gap Matrix,49,"48 | V. Emergence of Spacetime | Can curvature emerge from organizational or relational structure? | Partially explored; entropic gravity proposes this but is contested. | A confirmed derivation matching GR's curvature dynamics in general settings. | Verlinde's entropic gravity (contested, not confirmed by data) | Entropic gravity's specific predictions are disputed against galactic dynamics data. | Galaxy rotation curve and lensing comparisons (ongoing, contested)."
SRC-004,ToE Gap Matrix_2.xlsx,ToE Gap Matrix,50,"49 | V. Emergence of Spacetime | Can the Einstein field equations emerge from the deeper theory? | Partially achieved. Jacobson (1995, 2016) derived the Einstein equations as a thermodynamic equation of state, assuming a pre-existing spacetime. | A derivation that does not presuppose the spacetime it is meant to explain. | Jacobson's thermodynamic derivation; AdS/CFT bulk reconstruction | Existing derivations presuppose smooth spacetime rather than deriving it from nothing. | None confirmed as a from-scratch derivation."
SRC-004,ToE Gap Matrix_2.xlsx,ToE Gap Matrix,51,"50 | V. Emergence of Spacetime | Under what limit does the fundamental theory reproduce General Relativity? | Partially answered within specific candidate theories (string theory low-energy limit; LQG semiclassical limit), not demonstrated with full generality. | A general, rigorously controlled classical limit recovering all of GR. | String theory supergravity limit; LQG coherent-state semiclassical limit | Neither limit is fully general or free of technical gaps. | None confirmed beyond internal consistency checks."
SRC-004,ToE Gap Matrix_2.xlsx,ToE Gap Matrix,52,"51 | VI. Quantum Structure | Why is nature quantum mechanical? | Open. No confirmed derivation from a non-quantum substrate. | A derivation of quantum mechanics from deeper, non-quantum principles. | Quantum reconstruction from operational axioms (Hardy; Chiribella et al.); Everettian/many-worlds decision-theoretic Born rule arguments (Deutsch, Wallace); decoherence theory (well established); objective collapse models (GRW, CSL) | Reconstruction theorems derive QM from operational axioms, not from an independent physical substrate. | None confirmed."
SRC-004,ToE Gap Matrix_2.xlsx,ToE Gap Matrix,53,"52 | VI. Quantum Structure | Can the Hilbert-space structure of quantum theory be derived? | Partially achieved. Reconstruction theorems derive it from operational/probabilistic axioms. | A derivation from physical rather than operational/axiomatic starting points. | Hardy's axioms; Chiribella-D'Ariano-Perinotti reconstruction | The axioms themselves are chosen, not independently derived. | None needed; this is a formal result, not an empirical claim."
SRC-004,ToE Gap Matrix_2.xlsx,ToE Gap Matrix,54,"53 | VI. Quantum Structure | Can complex amplitudes be derived? | Partially achieved within reconstruction programs (complex numbers follow from specific operational axioms). | Same caveat as above. | Quantum reconstruction from operational axioms (Hardy; Chiribella et al.); Everettian/many-worlds decision-theoretic Born rule arguments (Deutsch, Wallace); decoherence theory (well established); objective collapse models (GRW, CSL) | Axiom-dependent derivation only. | N/A"
SRC-004,ToE Gap Matrix_2.xlsx,ToE Gap Matrix,55,"54 | VI. Quantum Structure | Can superposition be derived? | Not derived; built into the linear, tensor-product structure of quantum mechanics from the outset. | A derivation of linearity itself from something deeper. | Quantum reconstruction from operational axioms (Hardy; Chiribella et al.); Everettian/many-worlds decision-theoretic Born rule arguments (Deutsch, Wallace); decoherence theory (well established); objective collapse models (GRW, CSL) | Superposition is a formal consequence of the postulated structure, not independently derived. | N/A"
SRC-004,ToE Gap Matrix_2.xlsx,ToE Gap Matrix,56,"55 | VI. Quantum Structure | Can entanglement be derived? | Not separately derived; a direct mathematical consequence of the tensor-product formalism. | Same as above. | Quantum reconstruction from operational axioms (Hardy; Chiribella et al.); Everettian/many-worlds decision-theoretic Born rule arguments (Deutsch, Wallace); decoherence theory (well established); objective collapse models (GRW, CSL) | Entanglement follows from assumed structure rather than being derived from something prior. | Bell tests confirm entanglement's physical reality (already done, repeatedly)."
SRC-004,ToE Gap Matrix_2.xlsx,ToE Gap Matrix,57,"56 | VI. Quantum Structure | Can the Born rule be derived? | Contested. Everettian decision-theoretic arguments claim a derivation; not universally accepted. | An uncontested derivation, or an accepted proof that it must be postulated. | Deutsch-Wallace decision theory arguments (contested) | Philosophy-of-physics community remains split on whether these arguments succeed. | None decisive; some proposed tests of Born-rule deviations exist and have found none."
SRC-004,ToE Gap Matrix_2.xlsx,ToE Gap Matrix,58,"57 | VI. Quantum Structure | Can quantum probabilities be derived rather than assumed? | Same status as Question 56. | Same as above. | Deutsch-Wallace arguments; frequentist and Bayesian reconstructions | Contested, not settled. | Precision tests of Born-rule violation (null results so far)."
SRC-004,ToE Gap Matrix_2.xlsx,ToE Gap Matrix,59,58 | VI. Quantum Structure | Can unitarity emerge from deeper dynamics? | Open; same status as Question 28. | A derivation from a non-quantum or pre-quantum substrate. | None confirmed. | No derivation exists. | N/A
SRC-004,ToE Gap Matrix_2.xlsx,ToE Gap Matrix,60,"59 | VI. Quantum Structure | Can measurement and classical definiteness emerge from the fundamental theory? | Partially explained. Decoherence, well confirmed experimentally, explains the practical disappearance of interference for macroscopic systems. | A complete account of why any single definite outcome occurs, not just why alternatives become unobservable. | Decoherence theory (confirmed); Everettian branching; Bohmian mechanics; GRW/CSL collapse models | Decoherence does not explain single outcomes; the interpretations diverge on this and remain empirically underdetermined. | GRW/CSL predict tiny deviations from standard QM in principle testable; searches ongoing, no confirmed detection."
SRC-004,ToE Gap Matrix_2.xlsx,ToE Gap Matrix,61,"60 | VI. Quantum Structure | Does quantum mechanics represent a fundamental level of reality or an effective preservation architecture? | Open; an interpretive question without empirical resolution to date. | An empirical discriminant between fundamental and effective/emergent quantum mechanics. | Objective collapse models (offer testable deviations); 't Hooft's deterministic/cellular-automaton QM (fringe, largely unconfirmed) | No confirmed deviation from standard QM has been found at any tested scale. | GRW/CSL macroscopic superposition experiments (ongoing, null so far)."
SRC-004,ToE Gap Matrix_2.xlsx,ToE Gap Matrix,62,"61 | VII. Gravity | What is gravity fundamentally? | Open at the unification level. Well described classically by GR; not derived from a deeper quantum structure in any confirmed theory. | A confirmed quantum-mechanical origin of gravity. | Semiclassical QFT in curved spacetime (Hawking, 1974 - established); Strominger-Vafa string microstate counting (1996, special cases); loop quantum gravity horizon microstate counting; island formula / replica wormholes (Penington, Almheiri, Engelhardt, Marolf, Maxfield, 2019-2020) | No confirmed quantum theory of gravity exists. | None confirmed."
SRC-004,ToE Gap Matrix_2.xlsx,ToE Gap Matrix,63,"62 | VII. Gravity | Is gravity a fundamental interaction, emergent geometry, collective phenomenon, or something else? | Open; GR treats it as geometry; entropic gravity treats it as emergent thermodynamics; neither settled beyond GR's classical success. | A confirmed classification. | Verlinde's entropic gravity (contested); Jacobson's thermodynamic derivation | Contested and unconfirmed status. | Galactic dynamics comparisons (ongoing, contested for entropic gravity)."
SRC-004,ToE Gap Matrix_2.xlsx,ToE Gap Matrix,64,"63 | VII. Gravity | Why does gravitational interaction correspond to spacetime geometry in General Relativity? | Established as a postulate confirmed by 100+ years of observation; not derived from anything deeper in a confirmed way. | A derivation of the geometric correspondence from a pre-geometric substrate. | Jacobson's thermodynamic derivation (presupposes spacetime) | Presupposes rather than derives the spacetime it explains. | GR has passed every test to date, including gravitational wave observations."
SRC-004,ToE Gap Matrix_2.xlsx,ToE Gap Matrix,65,"64 | VII. Gravity | Can the equivalence principle be derived? | Open; it is a foundational postulate, tested to about 1 part in 10^15 by the MICROSCOPE satellite, with no violation found. | A derivation from deeper structure, or a proof it must be fundamental. | Entropic gravity (claims derivation, contested) | No confirmed derivation. | MICROSCOPE and torsion-balance tests (ongoing, no violation found)."
SRC-004,ToE Gap Matrix_2.xlsx,ToE Gap Matrix,66,"65 | VII. Gravity | Can gravitational dynamics emerge from the same structure responsible for quantum behavior? | Partially suggested within AdS/CFT (gravity as dual to an entangled quantum system); not demonstrated for realistic spacetime. | A demonstration for realistic, non-idealized spacetime. | Semiclassical QFT in curved spacetime (Hawking, 1974 - established); Strominger-Vafa string microstate counting (1996, special cases); loop quantum gravity horizon microstate counting; island formula / replica wormholes (Penington, Almheiri, Engelhardt, Marolf, Maxfield, 2019-2020) | AdS/CFT restricted to anti-de Sitter settings. | None confirmed for our universe."
SRC-004,ToE Gap Matrix_2.xlsx,ToE Gap Matrix,67,"66 | VII. Gravity | Can black-hole entropy be derived from the underlying degrees of freedom? | Achieved for special cases only. Strominger-Vafa (1996) derived it exactly for certain extremal string-theory black holes. | A derivation for realistic, astrophysical black holes. | Strominger-Vafa string microstate counting; LQG horizon counting (requires fixing a free parameter) | Not extended to realistic black holes; LQG's derivation requires an empirically fitted parameter. | None confirmed for real black holes."
SRC-004,ToE Gap Matrix_2.xlsx,ToE Gap Matrix,68,67 | VII. Gravity | Can black-hole thermodynamics be derived? | Established. Bekenstein-Hawking entropy and Hawking radiation are rigorously derived from semiclassical QFT in curved spacetime (1974). | Already achieved at the semiclassical level; full microscopic derivation for real black holes remains open. | Hawking/Bekenstein semiclassical derivation (confirmed theoretically) | Semiclassical only; a full quantum-gravitational derivation is not yet achieved. | Indirect: Hawking radiation itself remains undetected from astrophysical black holes due to its faintness.
SRC-004,ToE Gap Matrix_2.xlsx,ToE Gap Matrix,69,"68 | VII. Gravity | Can the Bekenstein-Hawking entropy formula be derived? | Same status as Question 67, established semiclassically, microscopically confirmed only in special cases. | Same as Question 66. | Semiclassical QFT in curved spacetime (Hawking, 1974 - established); Strominger-Vafa string microstate counting (1996, special cases); loop quantum gravity horizon microstate counting; island formula / replica wormholes (Penington, Almheiri, Engelhardt, Marolf, Maxfield, 2019-2020) | Same as Question 66. | N/A"
SRC-004,ToE Gap Matrix_2.xlsx,ToE Gap Matrix,70,"69 | VII. Gravity | Can Hawking radiation be recovered? | Established theoretically via semiclassical QFT in curved spacetime; never directly observed astrophysically. | Direct observational confirmation. | Semiclassical QFT derivation (Hawking, 1974) | Never directly detected; theoretically robust but observationally unconfirmed. | Direct detection of Hawking radiation (not yet achieved; signal is far below current sensitivity)."
SRC-004,ToE Gap Matrix_2.xlsx,ToE Gap Matrix,71,"70 | VII. Gravity | Can the black-hole information problem be resolved without adding ad hoc assumptions? | Formally unresolved as of 2026, though substantially more constructive than at any prior point. Island formula and replica wormhole calculations reproduce a unitary Page curve. | A resolution demonstrated for realistic, non-holographic, asymptotically flat black holes. | Semiclassical QFT in curved spacetime (Hawking, 1974 - established); Strominger-Vafa string microstate counting (1996, special cases); loop quantum gravity horizon microstate counting; island formula / replica wormholes (Penington, Almheiri, Engelhardt, Marolf, Maxfield, 2019-2020) | Current results rely on holographic/AdS or two-dimensional model settings; the mechanism for real black holes remains uncertain. | None confirmed observationally; purely theoretical progress to date."
SRC-004,ToE Gap Matrix_2.xlsx,ToE Gap Matrix,72,"71 | VIII. Standard Model | Can the Standard Model gauge structure be derived? | Not derived. SU(3)xSU(2)xU(1) is measured, inserted as an input. | A derivation of the exact gauge group from a deeper principle. | Grand unified theories: SU(5), SO(10) (minimal SU(5) largely excluded by proton decay non-observation); string theory model-building; technicolor (largely disfavored); supersymmetry (simplest versions disfavored by LHC null results) | No confirmed derivation exists. | GUT proton decay searches (Super-Kamiokande and successors, largely null so far)."
SRC-004,ToE Gap Matrix_2.xlsx,ToE Gap Matrix,73,"72 | VIII. Standard Model | Why is the gauge group SU(3)xSU(2)xU(1) the structure realized by nature? | Not derived. Measured, not explained. | Grand unified theories: SU(5), SO(10) (minimal SU(5) largely excluded by proton decay non-observation); string theory model-building; technicolor (largely disfavored); supersymmetry (simplest versions disfavored by LHC null results) | Grand unified theories: SU(5), SO(10) (minimal SU(5) largely excluded by proton decay non-observation); string theory model-building; technicolor (largely disfavored); supersymmetry (simplest versions disfavored by LHC null results) | Same as Question 71. | Same as Question 71."
SRC-004,ToE Gap Matrix_2.xlsx,ToE Gap Matrix,74,73 | VIII. Standard Model | Can gauge symmetries emerge from deeper principles? | Open; same as Question 26. | Same as Question 26. | Emergent gauge symmetry from entanglement (speculative) | No confirmed derivation. | None confirmed.
SRC-004,ToE Gap Matrix_2.xlsx,ToE Gap Matrix,75,"74 | VIII. Standard Model | Can the observed particle representations be derived? | Not derived. Representations (quark/lepton multiplets) are measured inputs to the Standard Model. | A derivation of the specific representation content. | GUT embeddings (SU(5), SO(10)) organize but do not derive the representations from first principles. | Representation content remains an input even within GUTs. | N/A"
SRC-004,ToE Gap Matrix_2.xlsx,ToE Gap Matrix,76,75 | VIII. Standard Model | Can the number of particle generations be derived? | Not derived. Measured to be exactly three via the LEP Z-boson width measurement in the 1990s. | A derivation of the number three from first principles. | Anomaly cancellation constraints (necessary but not sufficient to fix the number) | No theory derives exactly three generations. | LEP Z-width measurement (already confirms exactly three light neutrino species).
SRC-004,ToE Gap Matrix_2.xlsx,ToE Gap Matrix,77,"76 | VIII. Standard Model | Can fermionic statistics be derived? | Established via the spin-statistics theorem, a rigorous result of relativistic quantum field theory. | Already achieved. | Spin-statistics theorem (Fierz, Pauli - proven) | None significant; this is a settled result. | Extensively confirmed experimentally."
SRC-004,ToE Gap Matrix_2.xlsx,ToE Gap Matrix,78,"77 | VIII. Standard Model | Can chirality be derived? | Not derived. The chiral structure of the weak interaction is a measured feature, not a derived necessity. | A derivation of why weak interactions are chiral. | Grand unified theories: SU(5), SO(10) (minimal SU(5) largely excluded by proton decay non-observation); string theory model-building; technicolor (largely disfavored); supersymmetry (simplest versions disfavored by LHC null results) | No confirmed derivation exists. | N/A"
SRC-004,ToE Gap Matrix_2.xlsx,ToE Gap Matrix,79,"78 | VIII. Standard Model | Can the Higgs mechanism be derived? | The mechanism itself is established theory, and the Higgs boson was discovered at the LHC in 2012 with properties matching Standard Model predictions to good precision. | A derivation of why the Higgs potential takes its specific form (the hierarchy problem). | Supersymmetry (disfavored in simplest forms by LHC null results); compositeness models | The hierarchy problem, why the Higgs mass is not driven to a much higher scale by quantum corrections, remains unresolved. | LHC Higgs self-coupling measurements (ongoing, not yet precise); supersymmetric particle searches (null so far)."
SRC-004,ToE Gap Matrix_2.xlsx,ToE Gap Matrix,80,79 | VIII. Standard Model | Can electroweak symmetry breaking be derived? | Mechanism established and confirmed by the 2012 Higgs discovery; the specific parameters of the Higgs potential remain unexplained inputs. | Same as Question 78. | Same as Question 78. | Same as Question 78. | Same as Question 78.
SRC-004,ToE Gap Matrix_2.xlsx,ToE Gap Matrix,81,"80 | VIII. Standard Model | Can the strong interaction and confinement be derived? | Qualitatively well understood via asymptotic freedom; a rigorous mathematical proof of confinement and the mass gap is unsolved. | A rigorous proof, one of the seven Clay Mathematics Institute Millennium Prize Problems. | Lattice QCD (strong numerical evidence, not a proof); asymptotic freedom (Gross, Politzer, Wilczek - proven) | The Yang-Mills mass gap problem remains formally unsolved as of 2026. | Lattice QCD predictions are extensively confirmed experimentally, short of a formal proof."
SRC-004,ToE Gap Matrix_2.xlsx,ToE Gap Matrix,82,"81 | VIII. Standard Model | Can neutrino masses and mixing be derived? | Masses and mixing are established experimentally (2015 Nobel Prize for oscillation discovery); their theoretical origin is unresolved. | A confirmed mechanism (e.g. seesaw) fixing the values from first principles. | Seesaw mechanism (plausible, unconfirmed); Dirac vs. Majorana nature undetermined | Whether neutrinos are Dirac or Majorana particles remains experimentally open. | Neutrinoless double-beta decay searches (ongoing, no confirmed detection)."
SRC-004,ToE Gap Matrix_2.xlsx,ToE Gap Matrix,83,"82 | VIII. Standard Model | Can the absence or presence of additional particles be predicted? | Not reliably. Various extensions (SUSY, extra generations, new gauge bosons) predict additional particles; none confirmed, some strongly disfavored. | A confirmed, falsified-or-verified prediction. | Supersymmetry; extra dimensions; new gauge bosons (Z') | LHC searches have found no confirmed new particles beyond the Higgs as of 2026. | LHC direct searches (ongoing, extensive null results to date)."
SRC-004,ToE Gap Matrix_2.xlsx,ToE Gap Matrix,84,"83 | IX. Constants and Parameters | Why do the fundamental dimensionless constants have their observed values? | Open. Not derived by any confirmed theory. | A derivation, or a rigorously justified selection principle. | String landscape (~10^500 vacua) with anthropic selection (Susskind, contested); no confirmed alternative derivation | No confirmed theory derives any Standard Model or cosmological parameter from first principles; all are measured inputs | None confirmed."
SRC-004,ToE Gap Matrix_2.xlsx,ToE Gap Matrix,85,"84 | IX. Constants and Parameters | Which constants are genuinely fundamental? | Open; classification varies by theoretical framework. | A theory-independent classification. | String landscape (~10^500 vacua) with anthropic selection (Susskind, contested); no confirmed alternative derivation | No confirmed theory derives any Standard Model or cosmological parameter from first principles; all are measured inputs | N/A"
SRC-004,ToE Gap Matrix_2.xlsx,ToE Gap Matrix,86,"85 | IX. Constants and Parameters | Which parameters can be derived from deeper structure? | None, as of 2026, in any confirmed theory. | String landscape (~10^500 vacua) with anthropic selection (Susskind, contested); no confirmed alternative derivation | String landscape (~10^500 vacua) with anthropic selection (Susskind, contested); no confirmed alternative derivation | No confirmed theory derives any Standard Model or cosmological parameter from first principles; all are measured inputs | None confirmed."
SRC-004,ToE Gap Matrix_2.xlsx,ToE Gap Matrix,87,"86 | IX. Constants and Parameters | Can the fine-structure constant be predicted? | Not predicted by any confirmed theory; historical numerological proposals (e.g. Eddington's) are not accepted. | String landscape (~10^500 vacua) with anthropic selection (Susskind, contested); no confirmed alternative derivation | String landscape (~10^500 vacua) with anthropic selection (Susskind, contested); no confirmed alternative derivation | No confirmed theory derives any Standard Model or cosmological parameter from first principles; all are measured inputs | Precision QED tests confirm its measured value to extraordinary accuracy, but do not predict it."
SRC-004,ToE Gap Matrix_2.xlsx,ToE Gap Matrix,88,"87 | IX. Constants and Parameters | Can particle mass ratios be predicted? | Not predicted; measured inputs. | String landscape (~10^500 vacua) with anthropic selection (Susskind, contested); no confirmed alternative derivation | String landscape (~10^500 vacua) with anthropic selection (Susskind, contested); no confirmed alternative derivation | No confirmed theory derives any Standard Model or cosmological parameter from first principles; all are measured inputs | None confirmed."
SRC-004,ToE Gap Matrix_2.xlsx,ToE Gap Matrix,89,"88 | IX. Constants and Parameters | Can gauge couplings be predicted? | Not predicted; measured inputs. GUTs predict specific relationships among couplings at high energy, partially consistent with running coupling data but not confirmed as a full theory. | GUT coupling unification (suggestive, unconfirmed) | GUT coupling unification (approximately consistent, not conclusive) | Simplest GUT predictions for proton decay are excluded, undercutting confidence in this unification. | Precision running-coupling measurements at LHC and lower-energy colliders (ongoing)."
SRC-004,ToE Gap Matrix_2.xlsx,ToE Gap Matrix,90,"89 | IX. Constants and Parameters | Can the cosmological constant be predicted? | Not predicted. Naive quantum field theory estimates disagree with the observed value by many tens of orders of magnitude, the 'cosmological constant problem.' | A derivation resolving this discrepancy. | Anthropic selection within the string landscape (contested); supersymmetric cancellation (does not work at observed scale) | One of the most severe unsolved problems in theoretical physics. | Precision dark energy surveys (DESI, Euclid) constrain its value further but do not explain it."
SRC-004,ToE Gap Matrix_2.xlsx,ToE Gap Matrix,91,"90 | IX. Constants and Parameters | Can the number of free parameters in fundamental physics be reduced to zero or to a uniquely determined set? | Not achieved by any confirmed theory. | String landscape (~10^500 vacua) with anthropic selection (Susskind, contested); no confirmed alternative derivation | String landscape (~10^500 vacua) with anthropic selection (Susskind, contested); no confirmed alternative derivation | No confirmed theory derives any Standard Model or cosmological parameter from first principles; all are measured inputs | None confirmed."
SRC-004,ToE Gap Matrix_2.xlsx,ToE Gap Matrix,92,"91 | IX. Constants and Parameters | If parameters cannot be derived, what determines their allowed values? | Open; anthropic selection is the leading but contested proposal. | A confirmed, testable selection principle. | String landscape (~10^500 vacua) with anthropic selection (Susskind, contested); no confirmed alternative derivation | Anthropic reasoning is criticized as unfalsifiable by much of the field. | None confirmed."
SRC-004,ToE Gap Matrix_2.xlsx,ToE Gap Matrix,93,"92 | X. Unification | Are quantum mechanics and General Relativity different manifestations of one underlying structure? | Open. No confirmed unification exists. | A confirmed unifying theory, empirically validated. | String theory; loop quantum gravity; AdS/CFT correspondence (Maldacena, 1997 - strong theoretical evidence, not a complete proof); asymptotic safety | Neither leading candidate is confirmed by experiment. | None confirmed."
SRC-004,ToE Gap Matrix_2.xlsx,ToE Gap Matrix,94,"93 | X. Unification | Do gauge interactions and gravity arise from a common mathematical structure? | Open; string theory naturally includes both, unconfirmed as a description of nature. | String theory; loop quantum gravity; AdS/CFT correspondence (Maldacena, 1997 - strong theoretical evidence, not a complete proof); asymptotic safety | String theory; loop quantum gravity; AdS/CFT correspondence (Maldacena, 1997 - strong theoretical evidence, not a complete proof); asymptotic safety | No confirmed common origin established empirically. | None confirmed."
SRC-004,ToE Gap Matrix_2.xlsx,ToE Gap Matrix,95,"94 | X. Unification | Can matter and geometry emerge from the same underlying degrees of freedom? | Partially suggested within AdS/CFT (matter fields and geometry both emergent from boundary data); not demonstrated for realistic spacetime. | String theory; loop quantum gravity; AdS/CFT correspondence (Maldacena, 1997 - strong theoretical evidence, not a complete proof); asymptotic safety | String theory; loop quantum gravity; AdS/CFT correspondence (Maldacena, 1997 - strong theoretical evidence, not a complete proof); asymptotic safety | Restricted to idealized holographic settings. | None confirmed for our universe."
SRC-004,ToE Gap Matrix_2.xlsx,ToE Gap Matrix,96,"95 | X. Unification | Can forces be understood as different manifestations of one organizational mechanism? | Open; electroweak unification is an established, confirmed partial precedent. Full unification with the strong force and gravity is unconfirmed. | A confirmed extension of unification to all forces including gravity. | Electroweak unification (confirmed, 1979 Nobel Prize); GUTs (unconfirmed); string theory (unconfirmed) | Only electroweak unification is empirically confirmed; strong force and gravity remain unintegrated. | GUT-scale proton decay searches (largely null so far)."
SRC-004,ToE Gap Matrix_2.xlsx,ToE Gap Matrix,97,"96 | X. Unification | Can apparently different mathematical descriptions be translated into a common preservation architecture? | Partially achieved for specific dualities (e.g. AdS/CFT, various string dualities) shown to be exactly equivalent descriptions. | A general translation framework across all of fundamental physics. | String dualities (T-duality, S-duality, AdS/CFT - established within string theory) | Established only within and between string-theoretic frameworks, not across all of physics. | N/A"
SRC-004,ToE Gap Matrix_2.xlsx,ToE Gap Matrix,98,"97 | X. Unification | What mathematical equivalences connect currently separate theories? | Partially known. Several precise dualities exist within string theory and holography. | A comprehensive map of equivalences across all fundamental theories. | AdS/CFT; T-duality; S-duality; mirror symmetry | Limited to specific, often highly symmetric theoretical settings. | N/A"
SRC-004,ToE Gap Matrix_2.xlsx,ToE Gap Matrix,99,"98 | X. Unification | Which differences between existing theories are physical, and which are representational? | Partially addressed within known dualities; open in general. | A general criterion distinguishing physical from representational differences. | Duality-based equivalence tests within string theory | No general criterion outside specific known dualities. | N/A"
SRC-004,ToE Gap Matrix_2.xlsx,ToE Gap Matrix,100,"99 | X. Unification | What is the minimal common structure capable of reproducing all established fundamental theories? | Open. No confirmed candidate reproduces the Standard Model, GR, and QM together from a single minimal structure. | String theory; loop quantum gravity; AdS/CFT correspondence (Maldacena, 1997 - strong theoretical evidence, not a complete proof); asymptotic safety | String theory; loop quantum gravity; AdS/CFT correspondence (Maldacena, 1997 - strong theoretical evidence, not a complete proof); asymptotic safety | No confirmed candidate achieves this. | None confirmed."
SRC-004,ToE Gap Matrix_2.xlsx,ToE Gap Matrix,101,"100 | X. Unification | Does a genuinely unified theory require a single mathematical language, or can fundamentally different mathematical representations describe the same underlying structure? | Open; dualities suggest the latter is at least possible in restricted settings. | A general answer, confirmed across the full scope of physics. | String dualities as existence proof of representational plurality within one theory | Only demonstrated within string theory itself, not across the Standard Model, GR, and QM jointly. | N/A"
SRC-004,ToE Gap Matrix_2.xlsx,ToE Gap Matrix,102,"101 | XI. Mathematical Consistency | Is the fundamental theory mathematically well-defined? | No candidate theory has been shown fully well defined non-perturbatively and in complete generality. | A complete, non-perturbative, rigorously well-defined formulation. | String theory (believed consistent in critical dimension; full non-perturbative M-theory formulation incomplete); loop quantum gravity (open anomaly-freedom and semiclassical-limit questions in some formulations) | M-theory, the conjectured complete formulation of string theory, remains unconstructed more than three decades after being proposed. | N/A"
SRC-004,ToE Gap Matrix_2.xlsx,ToE Gap Matrix,103,"102 | XI. Mathematical Consistency | Does it possess a well-defined state space or equivalent fundamental structure? | Partially, within specific formulations and limits; not in full generality. | String theory (believed consistent in critical dimension; full non-perturbative M-theory formulation incomplete); loop quantum gravity (open anomaly-freedom and semiclassical-limit questions in some formulations) | String theory (believed consistent in critical dimension; full non-perturbative M-theory formulation incomplete); loop quantum gravity (open anomaly-freedom and semiclassical-limit questions in some formulations) | Same as Question 101. | N/A"
SRC-004,ToE Gap Matrix_2.xlsx,ToE Gap Matrix,104,"103 | XI. Mathematical Consistency | Are its dynamics well-defined? | Partially, within specific formulations; open in general (see the problem of time, Question 35). | String theory (believed consistent in critical dimension; full non-perturbative M-theory formulation incomplete); loop quantum gravity (open anomaly-freedom and semiclassical-limit questions in some formulations) | String theory (believed consistent in critical dimension; full non-perturbative M-theory formulation incomplete); loop quantum gravity (open anomaly-freedom and semiclassical-limit questions in some formulations) | Same as Questions 35 and 101. | N/A"
SRC-004,ToE Gap Matrix_2.xlsx,ToE Gap Matrix,105,104 | XI. Mathematical Consistency | Is the theory internally consistent? | Believed so within specific limits for the leading candidates; not proven in full generality. | String theory (believed consistent in critical dimension; full non-perturbative M-theory formulation incomplete); loop quantum gravity (open anomaly-freedom and semiclassical-limit questions in some formulations) | String theory (believed consistent in critical dimension; full non-perturbative M-theory formulation incomplete); loop quantum gravity (open anomaly-freedom and semiclassical-limit questions in some formulations) | No full consistency proof exists for any candidate as a complete theory. | N/A
SRC-004,ToE Gap Matrix_2.xlsx,ToE Gap Matrix,106,"105 | XI. Mathematical Consistency | Does it contain anomalies? | Managed within specific constructions (critical string dimension cancels anomalies); general anomaly-freedom unproven outside those constructions. | String theory (believed consistent in critical dimension; full non-perturbative M-theory formulation incomplete); loop quantum gravity (open anomaly-freedom and semiclassical-limit questions in some formulations) | String theory (believed consistent in critical dimension; full non-perturbative M-theory formulation incomplete); loop quantum gravity (open anomaly-freedom and semiclassical-limit questions in some formulations) | Anomaly cancellation is achieved only in specific, constrained model choices. | N/A"
SRC-004,ToE Gap Matrix_2.xlsx,ToE Gap Matrix,107,"106 | XI. Mathematical Consistency | Does it preserve unitarity? | Believed to, within perturbative string theory and most LQG formulations; not proven with full non-perturbative generality. | String theory (believed consistent in critical dimension; full non-perturbative M-theory formulation incomplete); loop quantum gravity (open anomaly-freedom and semiclassical-limit questions in some formulations) | String theory (believed consistent in critical dimension; full non-perturbative M-theory formulation incomplete); loop quantum gravity (open anomaly-freedom and semiclassical-limit questions in some formulations) | Non-perturbative unitarity is not rigorously established for either leading candidate. | N/A"
SRC-004,ToE Gap Matrix_2.xlsx,ToE Gap Matrix,108,"107 | XI. Mathematical Consistency | Does it preserve appropriate causality? | Believed to within known limits; not established with full generality, especially regarding emergent spacetime causal structure. | String theory (believed consistent in critical dimension; full non-perturbative M-theory formulation incomplete); loop quantum gravity (open anomaly-freedom and semiclassical-limit questions in some formulations) | String theory (believed consistent in critical dimension; full non-perturbative M-theory formulation incomplete); loop quantum gravity (open anomaly-freedom and semiclassical-limit questions in some formulations) | Emergent causal structure in background-independent approaches is not fully worked out. | N/A"
SRC-004,ToE Gap Matrix_2.xlsx,ToE Gap Matrix,109,"108 | XI. Mathematical Consistency | Does it possess a sensible continuum limit? | Partially. Asymptotic safety and CDT programs specifically study this; results suggestive, not conclusive. | A confirmed, well-controlled continuum limit. | Asymptotic safety; causal dynamical triangulations | Suggestive numerical evidence for a UV fixed point, not a confirmed result. | None confirmed observationally."
SRC-004,ToE Gap Matrix_2.xlsx,ToE Gap Matrix,110,109 | XI. Mathematical Consistency | Does it possess a sensible classical limit? | Partially achieved for specific candidates in specific regimes (string theory supergravity limit; LQG semiclassical states). | String theory (believed consistent in critical dimension; full non-perturbative M-theory formulation incomplete); loop quantum gravity (open anomaly-freedom and semiclassical-limit questions in some formulations) | String theory (believed consistent in critical dimension; full non-perturbative M-theory formulation incomplete); loop quantum gravity (open anomaly-freedom and semiclassical-limit questions in some formulations) | Not demonstrated with full generality for any candidate. | N/A
SRC-004,ToE Gap Matrix_2.xlsx,ToE Gap Matrix,111,"110 | XI. Mathematical Consistency | Does it reproduce ordinary quantum field theory where QFT is known to work? | Partially achieved for string theory in specific low-energy limits; not comprehensively demonstrated. | String theory (believed consistent in critical dimension; full non-perturbative M-theory formulation incomplete); loop quantum gravity (open anomaly-freedom and semiclassical-limit questions in some formulations) | String theory (believed consistent in critical dimension; full non-perturbative M-theory formulation incomplete); loop quantum gravity (open anomaly-freedom and semiclassical-limit questions in some formulations) | Full, general recovery of the Standard Model as effective QFT is not achieved. | N/A"
SRC-004,ToE Gap Matrix_2.xlsx,ToE Gap Matrix,112,"111 | XI. Mathematical Consistency | Does it reproduce General Relativity where GR is known to work? | Partially achieved, as discussed in Question 50. | String theory (believed consistent in critical dimension; full non-perturbative M-theory formulation incomplete); loop quantum gravity (open anomaly-freedom and semiclassical-limit questions in some formulations) | String theory (believed consistent in critical dimension; full non-perturbative M-theory formulation incomplete); loop quantum gravity (open anomaly-freedom and semiclassical-limit questions in some formulations) | Same as Question 50. | N/A"
SRC-004,ToE Gap Matrix_2.xlsx,ToE Gap Matrix,113,"112 | XI. Mathematical Consistency | Does it avoid mathematical structures that have no physically meaningful interpretation? | Contested; string theory's landscape of ~10^500 vacua is criticized by some physicists as an example of exactly this problem. | String theory (believed consistent in critical dimension; full non-perturbative M-theory formulation incomplete); loop quantum gravity (open anomaly-freedom and semiclassical-limit questions in some formulations) | String theory (believed consistent in critical dimension; full non-perturbative M-theory formulation incomplete); loop quantum gravity (open anomaly-freedom and semiclassical-limit questions in some formulations) | The interpretability of extra dimensions, the landscape, and various formal constructs remains disputed within the field itself. | N/A"
SRC-004,ToE Gap Matrix_2.xlsx,ToE Gap Matrix,114,"113 | XII. Recovery of Known Physics | What is the precise limit in which the theory becomes quantum mechanics? | Not precisely established for any candidate 'final' theory; QM is treated as foundational input, not recovered. | String theory supergravity limit (specific compactified backgrounds); loop quantum gravity semiclassical coherent-state constructions | String theory supergravity limit (specific compactified backgrounds); loop quantum gravity semiclassical coherent-state constructions | Neither candidate recovers the full Standard Model, with its precise gauge group, generation count, and coupling values, without inserting an unexplained choice (compactification geometry, discretization scheme) | N/A"
SRC-004,ToE Gap Matrix_2.xlsx,ToE Gap Matrix,115,"114 | XII. Recovery of Known Physics | What is the precise limit in which it becomes quantum field theory? | Partially established in specific string-theoretic limits; not general. | String theory supergravity limit (specific compactified backgrounds); loop quantum gravity semiclassical coherent-state constructions | String theory supergravity limit (specific compactified backgrounds); loop quantum gravity semiclassical coherent-state constructions | Neither candidate recovers the full Standard Model, with its precise gauge group, generation count, and coupling values, without inserting an unexplained choice (compactification geometry, discretization scheme) | N/A"
SRC-004,ToE Gap Matrix_2.xlsx,ToE Gap Matrix,116,"115 | XII. Recovery of Known Physics | What is the precise limit in which it becomes General Relativity? | Partially established, as in Question 50. | String theory supergravity limit (specific compactified backgrounds); loop quantum gravity semiclassical coherent-state constructions | String theory supergravity limit (specific compactified backgrounds); loop quantum gravity semiclassical coherent-state constructions | Neither candidate recovers the full Standard Model, with its precise gauge group, generation count, and coupling values, without inserting an unexplained choice (compactification geometry, discretization scheme) | N/A"
SRC-004,ToE Gap Matrix_2.xlsx,ToE Gap Matrix,117,"116 | XII. Recovery of Known Physics | What is the precise limit in which it becomes classical mechanics? | Established in general via the correspondence principle and decoherence, for ordinary quantum mechanics; not specifically tied to any quantum gravity candidate. | A demonstrated classical limit specific to the fundamental theory. | Correspondence principle; decoherence theory (both well established for ordinary QM) | Well understood for QM generally; not specifically re-derived from any quantum gravity candidate. | N/A"
SRC-004,ToE Gap Matrix_2.xlsx,ToE Gap Matrix,118,"117 | XII. Recovery of Known Physics | What is the precise limit in which it becomes thermodynamics? | Established in general via statistical mechanics; black hole thermodynamics specifically is established semiclassically (Question 67). | Already substantially achieved at the semiclassical level. | Statistical mechanics (Boltzmann, Gibbs - established); black hole thermodynamics (Hawking, Bekenstein - established) | Full microscopic derivation for gravitational thermodynamics remains open, as in Question 66. | N/A"
SRC-004,ToE Gap Matrix_2.xlsx,ToE Gap Matrix,119,"118 | XII. Recovery of Known Physics | What is the precise limit in which it becomes statistical mechanics? | Established in general for ordinary matter; open specifically for any quantum gravity candidate's degrees of freedom. | Same caveat as Question 116. | Boltzmann/Gibbs statistical mechanics (established) | Neither candidate recovers the full Standard Model, with its precise gauge group, generation count, and coupling values, without inserting an unexplained choice (compactification geometry, discretization scheme) | N/A"
SRC-004,ToE Gap Matrix_2.xlsx,ToE Gap Matrix,120,"119 | XII. Recovery of Known Physics | Can all successful existing theories be recovered without independently inserting their fundamental assumptions? | Not achieved by any current candidate; compactification choices, discretization schemes, and similar inputs are inserted rather than derived. | String theory supergravity limit (specific compactified backgrounds); loop quantum gravity semiclassical coherent-state constructions | String theory supergravity limit (specific compactified backgrounds); loop quantum gravity semiclassical coherent-state constructions | Neither candidate recovers the full Standard Model, with its precise gauge group, generation count, and coupling values, without inserting an unexplained choice (compactification geometry, discretization scheme) | N/A"
SRC-004,ToE Gap Matrix_2.xlsx,ToE Gap Matrix,121,"120 | XII. Recovery of Known Physics | Which assumptions of established physics become theorems of the deeper theory? | Very few, as of 2026. Some symmetries and structures become derived within specific string-theoretic or holographic constructions, but the Standard Model's core structure remains an input everywhere. | String theory supergravity limit (specific compactified backgrounds); loop quantum gravity semiclassical coherent-state constructions | String theory supergravity limit (specific compactified backgrounds); loop quantum gravity semiclassical coherent-state constructions | Neither candidate recovers the full Standard Model, with its precise gauge group, generation count, and coupling values, without inserting an unexplained choice (compactification geometry, discretization scheme) | N/A"
SRC-004,ToE Gap Matrix_2.xlsx,ToE Gap Matrix,122,"121 | XIII. Emergence and Scale | How does microscopic structure produce macroscopic physics? | Well established in general via the renormalization group, precision tested in condensed matter and QFT. | Already substantially achieved for known physics; open specifically for any deeper quantum-gravitational substrate. | Wilsonian renormalization group (established, precision-tested); asymptotic safety program (Weinberg, Reuter - active, unconfirmed for gravity); causal dynamical triangulations | Extension to a hypothetical pregeometric substrate is speculative, not established. | Critical phenomena and universality class measurements (extensively confirmed)."
SRC-004,ToE Gap Matrix_2.xlsx,ToE Gap Matrix,123,"122 | XIII. Emergence and Scale | What survives coarse-graining? | Well established in general (relevant vs. irrelevant operators in RG flow); precision tested. | Already achieved for known physics. | Wilsonian renormalization group (established, precision-tested); asymptotic safety program (Weinberg, Reuter - active, unconfirmed for gravity); causal dynamical triangulations | N/A for known physics; open for a hypothetical deeper substrate. | N/A"
SRC-004,ToE Gap Matrix_2.xlsx,ToE Gap Matrix,124,123 | XIII. Emergence and Scale | Can renormalization-group behavior emerge from the fundamental theory? | Open for any candidate quantum gravity theory; asymptotic safety and CDT programs suggest gravity itself may have a well-behaved RG fixed point. | A confirmed demonstration for a complete fundamental theory. | Asymptotic safety; CDT | Suggestive but unconfirmed. | None confirmed observationally.
SRC-004,ToE Gap Matrix_2.xlsx,ToE Gap Matrix,125,"124 | XIII. Emergence and Scale | Can universality classes be derived? | Well established for known statistical and field-theoretic systems; open for any deeper pregeometric structure. | Already achieved for known physics. | Wilsonian renormalization group (established, precision-tested); asymptotic safety program (Weinberg, Reuter - active, unconfirmed for gravity); causal dynamical triangulations | N/A for known physics. | Critical exponent measurements across disparate systems (extensively confirmed)."
SRC-004,ToE Gap Matrix_2.xlsx,ToE Gap Matrix,126,"125 | XIII. Emergence and Scale | Why do very different microscopic systems produce the same effective laws? | Well established via universality in renormalization group theory. | Already achieved. | Wilsonian renormalization group (established, precision-tested); asymptotic safety program (Weinberg, Reuter - active, unconfirmed for gravity); causal dynamical triangulations | None significant; this is a settled result within its domain. | Extensively confirmed across condensed matter systems."
SRC-004,ToE Gap Matrix_2.xlsx,ToE Gap Matrix,127,"126 | XIII. Emergence and Scale | Which physical laws are fixed-point structures? | Partially known for statistical and field-theoretic systems; open for gravity and the Standard Model as a whole. | A comprehensive classification. | Wilsonian renormalization group (established, precision-tested); asymptotic safety program (Weinberg, Reuter - active, unconfirmed for gravity); causal dynamical triangulations | Gravity's fixed-point status (asymptotic safety) remains unconfirmed. | None confirmed for gravity."
SRC-004,ToE Gap Matrix_2.xlsx,ToE Gap Matrix,128,"127 | XIII. Emergence and Scale | Which quantities are relevant, irrelevant, or marginal at fundamental scales? | Well established within known effective field theories; open for a hypothetical theory at the Planck scale. | Already achieved for known physics up to very high energy. | Wilsonian renormalization group (established, precision-tested); asymptotic safety program (Weinberg, Reuter - active, unconfirmed for gravity); causal dynamical triangulations | Behavior at the Planck scale itself is unconfirmed. | N/A"
SRC-004,ToE Gap Matrix_2.xlsx,ToE Gap Matrix,129,"128 | XIII. Emergence and Scale | Can spacetime, particles, fields, and forces all be effective large-scale organizational structures? | Open; this is essentially the emergence hypothesis discussed throughout Sections V and X, not established with full generality. | A confirmed general emergence result. | Wilsonian renormalization group (established, precision-tested); asymptotic safety program (Weinberg, Reuter - active, unconfirmed for gravity); causal dynamical triangulations; String theory; loop quantum gravity; AdS/CFT correspondence (Maldacena, 1997 - strong theoretical evidence, not a complete proof); asymptotic safety | Not established for spacetime and matter jointly and generally. | None confirmed."
SRC-004,ToE Gap Matrix_2.xlsx,ToE Gap Matrix,130,"129 | XIV. Information and Entropy | Is information fundamental, emergent, or merely representational? | Open; a genuinely contested interpretive question across physics and philosophy of physics. | A confirmed, empirically grounded answer. | Boltzmann/Gibbs statistical mechanics (established); generalized second law (Bekenstein - established theoretically); holographic principle ('t Hooft, Susskind); Ryu-Takayanagi formula (established within AdS/CFT) | No consensus; competing interpretations (it-from-bit vs. conventional realism) remain unresolved. | None confirmed."
SRC-004,ToE Gap Matrix_2.xlsx,ToE Gap Matrix,131,"130 | XIV. Information and Entropy | What physical structure corresponds to information? | Partially answered within specific frameworks (entanglement entropy in holography); open in general. | Boltzmann/Gibbs statistical mechanics (established); generalized second law (Bekenstein - established theoretically); holographic principle ('t Hooft, Susskind); Ryu-Takayanagi formula (established within AdS/CFT) | Boltzmann/Gibbs statistical mechanics (established); generalized second law (Bekenstein - established theoretically); holographic principle ('t Hooft, Susskind); Ryu-Takayanagi formula (established within AdS/CFT) | Restricted to holographic and information-theoretic model settings. | N/A"
SRC-004,ToE Gap Matrix_2.xlsx,ToE Gap Matrix,132,"131 | XIV. Information and Entropy | Can entropy be derived from deeper organizational structure? | Well established via statistical mechanics (Boltzmann, Gibbs). | Already achieved for ordinary thermodynamic entropy. | Boltzmann/Gibbs statistical mechanics (established); generalized second law (Bekenstein - established theoretically); holographic principle ('t Hooft, Susskind); Ryu-Takayanagi formula (established within AdS/CFT) | Black hole entropy's full microscopic derivation for realistic black holes remains open, as in Question 66. | N/A"
SRC-004,ToE Gap Matrix_2.xlsx,ToE Gap Matrix,133,"132 | XIV. Information and Entropy | Can the second law of thermodynamics be derived? | Statistically understood (H-theorem and successors), not rigorously proven for all systems; ultimately tied to the unexplained low-entropy initial condition of the universe. | A rigorous, general proof, including an explanation of the initial condition. | Boltzmann's H-theorem; past hypothesis | Not proven with full mathematical rigor for all systems; initial condition unexplained. | N/A"
SRC-004,ToE Gap Matrix_2.xlsx,ToE Gap Matrix,134,"133 | XIV. Information and Entropy | Why does entropy increase in the observed direction of time? | Same status as Question 40 and Question 132. | Same as above. | Past hypothesis (Penrose, Albert) | Why the initial state had low entropy is unexplained. | Cosmological observations of the early universe (indirect, ongoing)."
SRC-004,ToE Gap Matrix_2.xlsx,ToE Gap Matrix,135,"134 | XIV. Information and Entropy | Can black-hole entropy and ordinary thermodynamic entropy be understood through the same mechanism? | Partially achieved theoretically via the generalized second law (Bekenstein). | Already substantially achieved theoretically; full microscopic unification remains open. | Generalized second law (Bekenstein, established theoretically) | Full microscopic derivation for realistic black holes remains open, as in Question 66. | N/A"
SRC-004,ToE Gap Matrix_2.xlsx,ToE Gap Matrix,136,"135 | XIV. Information and Entropy | Can quantum entanglement entropy generate geometric structure? | Partially achieved within AdS/CFT via the Ryu-Takayanagi formula, with substantial theoretical support. | A general demonstration outside idealized holographic settings. | Ryu-Takayanagi formula (established within holography) | Restricted to holographic/anti-de Sitter settings. | None confirmed generally."
SRC-004,ToE Gap Matrix_2.xlsx,ToE Gap Matrix,137,"136 | XIV. Information and Entropy | Is there a universal relationship between information, geometry, and physical organization? | Open in general; strongly suggested within holography, not established as a universal law of nature. | Boltzmann/Gibbs statistical mechanics (established); generalized second law (Bekenstein - established theoretically); holographic principle ('t Hooft, Susskind); Ryu-Takayanagi formula (established within AdS/CFT) | Boltzmann/Gibbs statistical mechanics (established); generalized second law (Bekenstein - established theoretically); holographic principle ('t Hooft, Susskind); Ryu-Takayanagi formula (established within AdS/CFT) | Suggestive within holography only. | None confirmed generally."
SRC-004,ToE Gap Matrix_2.xlsx,ToE Gap Matrix,138,"137 | XV. Cosmology | Can the existence and properties of the early universe be derived? | Well constrained observationally (Lambda-CDM, CMB, nucleosynthesis); the ultimate origin (why there was a Big Bang at all) is unresolved. | Lambda-CDM concordance model (well established observationally); inflationary cosmology (well supported, mechanism unknown); direct dark matter detection experiments (XENON, LZ - no detection to date); MOND (disfavored by cluster-scale data, not excluded) | Lambda-CDM concordance model (well established observationally); inflationary cosmology (well supported, mechanism unknown); direct dark matter detection experiments (XENON, LZ - no detection to date); MOND (disfavored by cluster-scale data, not excluded) | Initial conditions themselves remain unexplained, as in Question 144. | CMB and large-scale structure surveys (extensively confirm Lambda-CDM)."
SRC-004,ToE Gap Matrix_2.xlsx,ToE Gap Matrix,139,"138 | XV. Cosmology | Why does the universe possess the observed large-scale structure? | Well explained by inflation seeding quantum fluctuations that grow via gravitational instability, strongly supported by CMB data. | Already substantially achieved; the specific inflaton mechanism remains unknown. | Lambda-CDM concordance model (well established observationally); inflationary cosmology (well supported, mechanism unknown); direct dark matter detection experiments (XENON, LZ - no detection to date); MOND (disfavored by cluster-scale data, not excluded) | The physical identity of the inflaton field is unknown. | CMB power spectrum measurements (strongly consistent with inflationary predictions)."
SRC-004,ToE Gap Matrix_2.xlsx,ToE Gap Matrix,140,"139 | XV. Cosmology | Can inflation be derived, replaced, or shown unnecessary? | Not derived from a confirmed particle physics mechanism; strongly supported observationally as a phenomenological framework. Alternatives (bouncing, ekpyrotic models) remain less favored, not excluded. | Lambda-CDM concordance model (well established observationally); inflationary cosmology (well supported, mechanism unknown); direct dark matter detection experiments (XENON, LZ - no detection to date); MOND (disfavored by cluster-scale data, not excluded) | Lambda-CDM concordance model (well established observationally); inflationary cosmology (well supported, mechanism unknown); direct dark matter detection experiments (XENON, LZ - no detection to date); MOND (disfavored by cluster-scale data, not excluded) | Inflaton identity unknown; alternatives not decisively ruled out. | Primordial gravitational wave (B-mode) searches (ongoing, no confirmed detection)."
SRC-004,ToE Gap Matrix_2.xlsx,ToE Gap Matrix,141,140 | XV. Cosmology | Can the cosmological constant be explained? | Not explained. Same as Question 89. | Same as Question 89. | Same as Question 89. | Same as Question 89. | Same as Question 89.
SRC-004,ToE Gap Matrix_2.xlsx,ToE Gap Matrix,142,"141 | XV. Cosmology | Can dark matter be derived as an emergent phenomenon or predicted as fundamental matter? | Strong indirect evidence for a particle-like dark matter component; no particle detected despite decades of searching. Modified gravity alternatives explain some but not all data. | Lambda-CDM concordance model (well established observationally); inflationary cosmology (well supported, mechanism unknown); direct dark matter detection experiments (XENON, LZ - no detection to date); MOND (disfavored by cluster-scale data, not excluded) | Lambda-CDM concordance model (well established observationally); inflationary cosmology (well supported, mechanism unknown); direct dark matter detection experiments (XENON, LZ - no detection to date); MOND (disfavored by cluster-scale data, not excluded) | No direct detection of any dark matter particle as of 2026; MOND fails at cluster scale (e.g. Bullet Cluster). | Direct detection experiments (XENON, LUX-ZEPLIN - ongoing, null so far)."
SRC-004,ToE Gap Matrix_2.xlsx,ToE Gap Matrix,143,"142 | XV. Cosmology | Can dark energy be derived? | Not derived; consistent with a cosmological constant as the simplest explanation, magnitude unexplained (Question 89). | Lambda-CDM concordance model (well established observationally); inflationary cosmology (well supported, mechanism unknown); direct dark matter detection experiments (XENON, LZ - no detection to date); MOND (disfavored by cluster-scale data, not excluded) | Lambda-CDM concordance model (well established observationally); inflationary cosmology (well supported, mechanism unknown); direct dark matter detection experiments (XENON, LZ - no detection to date); MOND (disfavored by cluster-scale data, not excluded) | Same as Question 89. | DESI and Euclid surveys (ongoing, refining constraints)."
SRC-004,ToE Gap Matrix_2.xlsx,ToE Gap Matrix,144,"143 | XV. Cosmology | Why is the universe approximately homogeneous and isotropic at large scales? | Well explained by inflation. | Already substantially achieved. | Lambda-CDM concordance model (well established observationally); inflationary cosmology (well supported, mechanism unknown); direct dark matter detection experiments (XENON, LZ - no detection to date); MOND (disfavored by cluster-scale data, not excluded) | Inflaton mechanism unknown, as in Question 139. | CMB isotropy measurements (strongly confirm homogeneity/isotropy)."
SRC-004,ToE Gap Matrix_2.xlsx,ToE Gap Matrix,145,"144 | XV. Cosmology | What determines the initial conditions of the universe? | Open. No confirmed theory of initial conditions exists. | A confirmed account of the universe's initial state. | Hartle-Hawking no-boundary proposal; bouncing cosmologies (both speculative, unconfirmed) | No confirmed account exists. | None confirmed."
SRC-004,ToE Gap Matrix_2.xlsx,ToE Gap Matrix,146,145 | XV. Cosmology | Does the fundamental theory require an initial state at all? | Open; depends on unconfirmed proposals (bouncing vs. singular beginning vs. no-boundary). | A confirmed answer. | Hartle-Hawking no-boundary proposal; bouncing cosmologies | Unconfirmed either way. | None confirmed.
SRC-004,ToE Gap Matrix_2.xlsx,ToE Gap Matrix,147,"146 | XV. Cosmology | Can the apparent beginning of time emerge from a deeper timeless description? | Open; connected to the problem of time (Question 5) and to quantum cosmology proposals. | A confirmed demonstration. | Hartle-Hawking no-boundary proposal; Wheeler-DeWitt equation | Speculative, unconfirmed. | None confirmed."
SRC-004,ToE Gap Matrix_2.xlsx,ToE Gap Matrix,148,"147 | XVI. Selection and Uniqueness | Why does this universe rather than another mathematically possible universe exist? | Open. No confirmed selection principle. | A confirmed, non-anthropic selection principle, or an accepted proof none is needed. | String landscape (~10^500 vacua); anthropic selection principle (Susskind - contested, criticized as unfalsifiable by much of the field) | Anthropic reasoning offers no independent predictive test and is contested as science by much of the field. | None confirmed."
SRC-004,ToE Gap Matrix_2.xlsx,ToE Gap Matrix,149,"148 | XVI. Selection and Uniqueness | Does the fundamental theory admit multiple consistent solutions? | Yes, within string theory. The landscape of consistent vacua is estimated at roughly 10^500. | N/A; already established that multiplicity exists within this framework. | String landscape (~10^500 vacua); anthropic selection principle (Susskind - contested, criticized as unfalsifiable by much of the field) | The existence of a landscape is itself sometimes viewed as undermining string theory's predictive power. | N/A"
SRC-004,ToE Gap Matrix_2.xlsx,ToE Gap Matrix,150,"149 | XVI. Selection and Uniqueness | If so, what selects the physical solution? | Open. No confirmed selection mechanism beyond contested anthropic reasoning. | String landscape (~10^500 vacua); anthropic selection principle (Susskind - contested, criticized as unfalsifiable by much of the field) | String landscape (~10^500 vacua); anthropic selection principle (Susskind - contested, criticized as unfalsifiable by much of the field) | Same as Question 147. | None confirmed."
SRC-004,ToE Gap Matrix_2.xlsx,ToE Gap Matrix,151,"150 | XVI. Selection and Uniqueness | Are physical constants uniquely determined? | Open; not uniquely determined within the string landscape as currently understood. | String landscape (~10^500 vacua); anthropic selection principle (Susskind - contested, criticized as unfalsifiable by much of the field) | String landscape (~10^500 vacua); anthropic selection principle (Susskind - contested, criticized as unfalsifiable by much of the field) | Same as Question 147. | None confirmed."
SRC-004,ToE Gap Matrix_2.xlsx,ToE Gap Matrix,152,"151 | XVI. Selection and Uniqueness | Are the laws of physics uniquely determined? | Open; the same landscape problem applies. | String landscape (~10^500 vacua); anthropic selection principle (Susskind - contested, criticized as unfalsifiable by much of the field) | String landscape (~10^500 vacua); anthropic selection principle (Susskind - contested, criticized as unfalsifiable by much of the field) | Same as Question 147. | None confirmed."
SRC-004,ToE Gap Matrix_2.xlsx,ToE Gap Matrix,153,"152 | XVI. Selection and Uniqueness | Does mathematical consistency alone select the observed universe? | No, as currently understood. Many mathematically consistent vacua exist within the landscape. | A demonstration that consistency alone is or is not sufficient. | String landscape (~10^500 vacua); anthropic selection principle (Susskind - contested, criticized as unfalsifiable by much of the field) | Consistency alone under-determines the outcome within known frameworks. | N/A"
SRC-004,ToE Gap Matrix_2.xlsx,ToE Gap Matrix,154,"153 | XVI. Selection and Uniqueness | If not, what additional physical principle performs the selection? | Open. Same as Question 149. | String landscape (~10^500 vacua); anthropic selection principle (Susskind - contested, criticized as unfalsifiable by much of the field) | String landscape (~10^500 vacua); anthropic selection principle (Susskind - contested, criticized as unfalsifiable by much of the field) | Same as Question 147. | None confirmed."
SRC-004,ToE Gap Matrix_2.xlsx,ToE Gap Matrix,155,"154 | XVI. Selection and Uniqueness | Can anthropic reasoning be avoided, derived, or rigorously constrained? | Open and actively debated within the philosophy of physics community; not resolved either way. | A rigorous framework, or a decisive argument that none is possible. | Various proposed measures on the landscape (measure problem, itself unresolved) | The 'measure problem' of how to weight possibilities within the landscape is itself unsolved. | None confirmed."
SRC-004,ToE Gap Matrix_2.xlsx,ToE Gap Matrix,156,"155 | XVII. Empirical Test | What does the theory predict that existing theories do not? | Not established for any confirmed unification candidate. | A distinctive, confirmed prediction. | Proton decay searches (Super-Kamiokande and successors - largely exclude minimal GUTs); Lorentz-violation searches via gamma-ray burst timing (no violation found); LHC supersymmetry searches (no detection, simplest models disfavored); primordial gravitational wave B-mode searches (no confirmed detection) | The central weakness of current quantum gravity/unification research: no candidate theory has produced a distinctive, tested, confirmed prediction distinguishing it from the Standard Model plus General Relativity. The relevant energy scale, roughly 10^19 GeV, is far beyond the reach of any conceivable particle collider. | See individual test entries in this section."
SRC-004,ToE Gap Matrix_2.xlsx,ToE Gap Matrix,157,"156 | XVII. Empirical Test | Which prediction is experimentally distinguishable? | None confirmed as of 2026. | Same as above. | Proton decay searches (Super-Kamiokande and successors - largely exclude minimal GUTs); Lorentz-violation searches via gamma-ray burst timing (no violation found); LHC supersymmetry searches (no detection, simplest models disfavored); primordial gravitational wave B-mode searches (no confirmed detection) | The central weakness of current quantum gravity/unification research: no candidate theory has produced a distinctive, tested, confirmed prediction distinguishing it from the Standard Model plus General Relativity. The relevant energy scale, roughly 10^19 GeV, is far beyond the reach of any conceivable particle collider. | N/A"
SRC-004,ToE Gap Matrix_2.xlsx,ToE Gap Matrix,158,"157 | XVII. Empirical Test | What observable quantity differs from Standard Model + GR predictions? | None confirmed as of 2026. | Same as above. | Proton decay searches (Super-Kamiokande and successors - largely exclude minimal GUTs); Lorentz-violation searches via gamma-ray burst timing (no violation found); LHC supersymmetry searches (no detection, simplest models disfavored); primordial gravitational wave B-mode searches (no confirmed detection) | The central weakness of current quantum gravity/unification research: no candidate theory has produced a distinctive, tested, confirmed prediction distinguishing it from the Standard Model plus General Relativity. The relevant energy scale, roughly 10^19 GeV, is far beyond the reach of any conceivable particle collider. | N/A"
SRC-004,ToE Gap Matrix_2.xlsx,ToE Gap Matrix,159,"158 | XVII. Empirical Test | At what energy, distance, time, or precision should the difference appear? | Generally expected near the Planck scale (~10^19 GeV) for most candidates, far beyond current experimental reach; some phenomenological models predict lower-scale, currently testable signatures. | A confirmed, accessible energy or precision regime. | Lorentz-violation phenomenology; some large-extra-dimension models predict TeV-scale signatures (excluded so far at LHC) | No confirmed low-scale signature has been found. | LHC extra-dimension searches (null so far)."
SRC-004,ToE Gap Matrix_2.xlsx,ToE Gap Matrix,160,"159 | XVII. Empirical Test | What experiment could falsify the theory? | Varies by candidate; string theory's landscape flexibility has been criticized as making it difficult to falsify in practice. | A clearly specified, feasible falsification test. | Proton decay searches (Super-Kamiokande and successors - largely exclude minimal GUTs); Lorentz-violation searches via gamma-ray burst timing (no violation found); LHC supersymmetry searches (no detection, simplest models disfavored); primordial gravitational wave B-mode searches (no confirmed detection) | Falsifiability itself is contested for some candidates, notably string theory as currently formulated. | N/A"
SRC-004,ToE Gap Matrix_2.xlsx,ToE Gap Matrix,161,"160 | XVII. Empirical Test | What observation would conclusively rule out the theory? | Same status as Question 159. | Same as above. | Proton decay searches (Super-Kamiokande and successors - largely exclude minimal GUTs); Lorentz-violation searches via gamma-ray burst timing (no violation found); LHC supersymmetry searches (no detection, simplest models disfavored); primordial gravitational wave B-mode searches (no confirmed detection) | Same as Question 159. | N/A"
SRC-004,ToE Gap Matrix_2.xlsx,ToE Gap Matrix,162,"161 | XVII. Empirical Test | Does the theory make risky predictions, or merely accommodate existing observations? | A live criticism within the field; some argue string theory and its landscape primarily accommodate rather than predict. | Demonstrated risky, falsifiable predictions. | Proton decay searches (Super-Kamiokande and successors - largely exclude minimal GUTs); Lorentz-violation searches via gamma-ray burst timing (no violation found); LHC supersymmetry searches (no detection, simplest models disfavored); primordial gravitational wave B-mode searches (no confirmed detection) | This is an active methodological controversy within theoretical physics itself. | N/A"
SRC-004,ToE Gap Matrix_2.xlsx,ToE Gap Matrix,163,"162 | XVII. Empirical Test | Are its free parameters fitted or genuinely predicted? | Fitted, in every current candidate, as established throughout Section IX. | Genuine prediction rather than fitting. | String landscape (~10^500 vacua) with anthropic selection (Susskind, contested); no confirmed alternative derivation | No confirmed theory derives any Standard Model or cosmological parameter from first principles; all are measured inputs | N/A"
SRC-004,ToE Gap Matrix_2.xlsx,ToE Gap Matrix,164,"163 | XVII. Empirical Test | Can two competing theories produce the same observational consequences? | Yes, in practice, at currently accessible energies. String theory and loop quantum gravity both reduce to the Standard Model plus GR at accessible scales. | A regime where the theories make distinguishable predictions. | Proton decay searches (Super-Kamiokande and successors - largely exclude minimal GUTs); Lorentz-violation searches via gamma-ray burst timing (no violation found); LHC supersymmetry searches (no detection, simplest models disfavored); primordial gravitational wave B-mode searches (no confirmed detection) | Observational underdetermination between competing theories at accessible energies. | N/A"
SRC-004,ToE Gap Matrix_2.xlsx,ToE Gap Matrix,165,"164 | XVII. Empirical Test | If so, what additional observation distinguishes them? | Not established. No confirmed observation currently distinguishes leading quantum gravity candidates from one another. | A confirmed discriminating observation. | Proton decay searches (Super-Kamiokande and successors - largely exclude minimal GUTs); Lorentz-violation searches via gamma-ray burst timing (no violation found); LHC supersymmetry searches (no detection, simplest models disfavored); primordial gravitational wave B-mode searches (no confirmed detection) | The central weakness of current quantum gravity/unification research: no candidate theory has produced a distinctive, tested, confirmed prediction distinguishing it from the Standard Model plus General Relativity. The relevant energy scale, roughly 10^19 GeV, is far beyond the reach of any conceivable particle collider. | None confirmed."
SRC-004,ToE Gap Matrix_2.xlsx,Summary,1,ToE Gap Matrix — Summary | 
SRC-004,ToE Gap Matrix_2.xlsx,Summary,3,Total questions | 164
SRC-004,ToE Gap Matrix_2.xlsx,Summary,4,Sections | 17
SRC-004,ToE Gap Matrix_2.xlsx,Summary,6,Purpose | 
